transaction_id,customer_id,amount,payment_method,failure_reason,previous_failures,retry_count,customer_age_days,hour,device_change,location_change,true_recovery_probability,recovered,transaction_date
TX000001,CUST02620,1802.11,UPI,bank_timeout,0,0,286,23,1,0,0.65,1,2026-08-27 20:58:00
TX000002,CUST01729,955.02,UPI,bank_timeout,0,0,1150,6,0,0,0.8,1,2026-08-21 10:39:00
TX000003,CUST02414,2095.8,Debit Card,network_error,0,0,1430,13,0,0,0.75,0,2026-08-16 07:39:00
TX000004,CUST00419,5029.27,UPI,issuer_declined,0,1,1237,8,0,0,0.42,0,2026-08-18 05:27:00
TX000005,CUST00323,867.7,Wallet,issuer_declined,1,1,1183,6,0,1,0.28,1,2026-08-14 04:05:00
TX000006,CUST00327,867.71,Credit Card,authentication_failed,0,1,1302,11,0,0,0.37,0,2026-08-30 11:49:00
TX000007,CUST00293,5319.92,Wallet,expired_card,1,0,335,14,0,0,0.49,0,2026-08-26 08:20:00
TX000008,CUST00900,2362.4,Debit Card,authentication_failed,2,1,66,10,0,1,0.12,0,2026-08-26 19:30:00
TX000009,CUST02941,685.76,Debit Card,bank_timeout,1,2,940,4,0,0,0.58,1,2026-08-12 22:59:00
TX000010,CUST02395,1886.65,Net Banking,authentication_failed,0,0,284,16,0,0,0.4,0,2026-08-07 22:56:00
TX000011,CUST02571,689.92,Credit Card,network_error,0,0,789,12,0,0,0.75,1,2026-08-26 04:16:00
TX000012,CUST00048,688.33,UPI,expired_card,1,1,1313,10,1,0,0.36,0,2026-08-12 23:41:00
TX000013,CUST02051,1396.83,Credit Card,insufficient_funds,0,1,1309,16,0,0,0.55,0,2026-08-25 13:08:00
TX000014,CUST02173,161.86,UPI,insufficient_funds,1,0,744,9,0,0,0.57,1,2026-08-04 14:01:00
TX000015,CUST00351,195.41,Net Banking,network_error,5,1,263,21,0,0,0.32,1,2026-08-28 14:33:00
TX000016,CUST01734,624.98,Credit Card,suspicious_transaction,2,1,1461,9,0,0,0.02,0,2026-08-24 13:19:00
TX000017,CUST01850,398.29,UPI,issuer_declined,0,0,1205,17,0,0,0.5,1,2026-08-29 17:19:00
TX000018,CUST00242,1501.54,Credit Card,bank_timeout,0,1,146,16,0,0,0.67,1,2026-08-07 00:31:00
TX000019,CUST02963,442.29,Wallet,insufficient_funds,0,1,834,6,1,0,0.45,1,2026-08-19 17:01:00
TX000020,CUST01913,267.12,UPI,expired_card,5,0,125,12,0,0,0.25,1,2026-08-09 17:16:00
TX000021,CUST00780,4748.81,Wallet,insufficient_funds,0,1,948,7,0,1,0.47,0,2026-08-26 01:06:00
TX000022,CUST00402,875.0,UPI,expired_card,1,0,192,7,0,0,0.49,1,2026-08-19 06:02:00
TX000023,CUST00241,1173.24,Credit Card,issuer_declined,5,2,932,9,0,0,0.04,0,2026-08-26 07:02:00
TX000024,CUST02712,263.82,Net Banking,bank_timeout,0,0,1187,23,0,0,0.8,1,2026-08-27 14:04:00
TX000025,CUST01953,636.27,Wallet,authentication_failed,1,0,1041,2,0,1,0.31,1,2026-08-11 16:54:00
TX000026,CUST01654,1225.28,UPI,suspicious_transaction,1,2,1218,1,0,0,0.02,0,2026-08-24 19:01:00
TX000027,CUST01296,346.89,Debit Card,bank_timeout,2,1,544,12,0,0,0.6,1,2026-08-04 07:14:00
TX000028,CUST00039,1596.71,Net Banking,expired_card,1,0,151,17,0,0,0.49,0,2026-08-04 03:08:00
TX000029,CUST01001,601.46,Debit Card,issuer_declined,0,1,1253,20,0,0,0.42,0,2026-08-05 17:08:00
TX000030,CUST00551,819.18,Debit Card,bank_timeout,0,0,558,9,0,0,0.8,1,2026-08-29 20:45:00
TX000031,CUST01082,600.82,Wallet,insufficient_funds,3,0,190,20,0,0,0.4,1,2026-08-06 22:53:00
TX000032,CUST02610,6990.3,Debit Card,bank_timeout,0,1,1149,0,1,0,0.62,0,2026-08-07 18:48:00
TX000033,CUST02235,1081.93,UPI,authentication_failed,1,0,881,4,1,0,0.29,0,2026-08-02 19:34:00
TX000034,CUST01466,380.81,Credit Card,expired_card,1,1,1147,13,0,0,0.46,0,2026-08-11 18:34:00
TX000035,CUST00666,2496.25,Credit Card,authentication_failed,0,1,844,21,0,0,0.37,1,2026-08-05 22:04:00
TX000036,CUST01567,323.49,UPI,authentication_failed,0,1,717,9,0,0,0.37,1,2026-08-09 18:56:00
TX000037,CUST01633,1351.36,Debit Card,issuer_declined,0,1,720,20,0,0,0.42,0,2026-08-16 01:42:00
TX000038,CUST00114,154.52,UPI,authentication_failed,0,1,79,3,0,0,0.32,0,2026-08-20 20:39:00
TX000039,CUST02484,290.56,Wallet,bank_timeout,3,1,522,1,0,1,0.46,0,2026-08-25 12:07:00
TX000040,CUST02814,1335.23,Credit Card,issuer_declined,0,1,1277,10,0,0,0.42,0,2026-08-24 01:54:00
TX000041,CUST01267,2294.95,Net Banking,issuer_declined,1,2,261,6,0,0,0.23,0,2026-08-08 22:05:00
TX000042,CUST02522,1301.62,Wallet,issuer_declined,1,0,623,9,0,0,0.44,0,2026-08-15 15:58:00
TX000043,CUST01905,976.87,Net Banking,insufficient_funds,0,1,348,21,1,0,0.4,0,2026-08-16 06:06:00
TX000044,CUST00383,811.51,Credit Card,expired_card,0,0,302,0,1,0,0.45,0,2026-08-04 07:32:00
TX000045,CUST01866,250.0,Net Banking,authentication_failed,1,2,1427,12,0,0,0.23,0,2026-08-01 06:03:00
TX000046,CUST00437,533.87,Net Banking,bank_timeout,2,3,103,17,0,0,0.39,0,2026-08-22 03:30:00
TX000047,CUST02735,691.84,Wallet,suspicious_transaction,1,1,1255,23,0,0,0.06,0,2026-08-21 07:03:00
TX000048,CUST00652,3156.19,Net Banking,insufficient_funds,2,2,1068,15,0,0,0.35,1,2026-08-14 00:05:00
TX000049,CUST00961,1546.3,Debit Card,issuer_declined,3,0,284,4,0,0,0.27,0,2026-08-03 22:09:00
TX000050,CUST01700,188.1,Net Banking,issuer_declined,1,0,424,13,0,0,0.44,0,2026-08-01 21:20:00
TX000051,CUST02359,1516.38,Net Banking,insufficient_funds,4,2,799,13,0,0,0.23,0,2026-08-11 00:53:00
TX000052,CUST02000,746.14,Credit Card,issuer_declined,1,1,689,21,0,0,0.36,1,2026-08-22 06:30:00
TX000053,CUST00523,557.29,Wallet,insufficient_funds,3,0,172,20,0,0,0.4,1,2026-08-12 20:09:00
TX000054,CUST01553,2021.66,Debit Card,bank_timeout,0,1,570,13,0,1,0.64,1,2026-08-25 13:11:00
TX000055,CUST00214,3074.81,Debit Card,issuer_declined,0,0,64,7,0,1,0.37,1,2026-08-06 17:52:00
TX000056,CUST01940,2782.99,UPI,insufficient_funds,0,1,756,5,0,0,0.55,0,2026-08-08 10:52:00
TX000057,CUST01275,473.8,UPI,insufficient_funds,4,3,813,22,0,0,0.15,0,2026-08-12 01:15:00
TX000058,CUST00418,804.96,Debit Card,authentication_failed,1,0,1160,1,0,0,0.39,1,2026-08-24 00:38:00
TX000059,CUST02653,1527.31,Debit Card,bank_timeout,0,1,217,13,0,0,0.67,0,2026-08-07 23:06:00
TX000060,CUST01784,2908.94,Credit Card,network_error,4,2,1262,17,0,0,0.35,0,2026-08-27 23:08:00
TX000061,CUST01100,679.14,Debit Card,authentication_failed,2,0,572,14,0,0,0.33,0,2026-08-18 05:57:00
TX000062,CUST01378,910.82,UPI,insufficient_funds,0,1,435,11,0,0,0.55,0,2026-08-13 13:45:00
TX000063,CUST02277,362.73,UPI,insufficient_funds,0,0,1475,13,0,0,0.63,0,2026-08-30 09:29:00
TX000064,CUST02916,331.55,Net Banking,insufficient_funds,0,1,454,12,0,0,0.55,0,2026-08-22 12:55:00
TX000065,CUST02268,2471.36,Wallet,issuer_declined,5,2,721,22,0,0,0.04,0,2026-08-09 18:21:00
TX000066,CUST01293,4256.66,UPI,network_error,4,1,393,6,0,0,0.43,0,2026-08-24 21:02:00
TX000067,CUST02445,1020.44,Debit Card,suspicious_transaction,2,2,466,11,0,1,0.02,0,2026-08-13 11:37:00
TX000068,CUST00187,2991.51,UPI,insufficient_funds,1,0,1307,15,1,1,0.39,1,2026-08-22 18:53:00
TX000069,CUST01805,1574.41,Debit Card,bank_timeout,0,1,234,2,0,1,0.59,0,2026-08-03 10:33:00
TX000070,CUST00622,575.29,Credit Card,network_error,4,0,509,3,0,0,0.51,0,2026-08-29 03:28:00
TX000071,CUST00925,1574.03,Wallet,issuer_declined,3,2,1206,13,0,0,0.16,0,2026-08-05 12:23:00
TX000072,CUST00852,5105.31,Credit Card,issuer_declined,0,0,356,17,1,1,0.27,0,2026-08-28 00:36:00
TX000073,CUST01925,1058.04,Debit Card,bank_timeout,0,1,1440,14,1,0,0.62,1,2026-08-29 10:43:00
TX000074,CUST02416,5242.97,Credit Card,insufficient_funds,1,2,306,8,0,1,0.28,1,2026-08-14 23:59:00
TX000075,CUST02438,100.0,Wallet,suspicious_transaction,0,1,1411,9,0,0,0.12,0,2026-08-23 11:21:00
TX000076,CUST01794,2494.65,UPI,insufficient_funds,3,2,1237,8,1,0,0.19,0,2026-08-27 04:16:00
TX000077,CUST02405,1196.37,UPI,suspicious_transaction,1,1,1181,1,0,0,0.06,0,2026-08-21 03:01:00
TX000078,CUST01140,813.21,Credit Card,suspicious_transaction,0,1,187,15,0,0,0.07,0,2026-08-08 07:39:00
TX000079,CUST01351,1202.02,Net Banking,expired_card,0,1,1127,1,0,0,0.52,1,2026-08-19 09:28:00
TX000080,CUST02108,150.27,UPI,expired_card,1,1,112,6,0,0,0.41,0,2026-08-21 02:49:00
TX000081,CUST00212,880.36,Credit Card,issuer_declined,0,1,898,22,0,1,0.34,0,2026-08-11 21:22:00
TX000082,CUST02908,1567.3,Credit Card,issuer_declined,0,1,191,7,0,0,0.37,0,2026-08-06 08:18:00
TX000083,CUST02654,4807.32,Credit Card,insufficient_funds,2,2,851,15,0,0,0.35,0,2026-08-18 10:58:00
TX000084,CUST00781,653.1,Wallet,insufficient_funds,3,0,566,13,0,0,0.45,1,2026-08-01 02:48:00
TX000085,CUST01159,488.58,Debit Card,authentication_failed,1,2,1003,4,0,0,0.23,0,2026-08-25 17:34:00
TX000086,CUST01546,663.97,Net Banking,suspicious_transaction,3,1,1172,12,0,0,0.02,0,2026-08-22 12:36:00
TX000087,CUST02889,2739.15,Net Banking,issuer_declined,1,2,312,15,0,0,0.23,0,2026-08-16 02:37:00
TX000088,CUST00412,1523.48,Net Banking,bank_timeout,3,0,1480,4,0,0,0.62,1,2026-08-22 08:48:00
TX000089,CUST01086,645.64,Debit Card,expired_card,0,0,673,21,0,0,0.6,1,2026-08-23 04:58:00
TX000090,CUST02217,1832.19,UPI,expired_card,0,1,466,23,1,0,0.42,0,2026-08-05 13:46:00
TX000091,CUST01818,1208.43,Credit Card,expired_card,3,0,665,1,0,0,0.42,1,2026-08-25 04:10:00
TX000092,CUST01688,2888.94,Wallet,expired_card,0,0,162,19,0,0,0.55,1,2026-08-27 12:57:00
TX000093,CUST00587,543.45,Credit Card,insufficient_funds,0,1,1366,0,0,0,0.55,1,2026-08-25 21:01:00
TX000094,CUST00648,790.24,UPI,insufficient_funds,0,1,1309,13,0,0,0.55,1,2026-08-18 12:11:00
TX000095,CUST01980,740.92,UPI,issuer_declined,1,2,606,22,0,0,0.28,0,2026-08-13 11:48:00
TX000096,CUST00034,253.78,Wallet,authentication_failed,2,0,1242,23,0,0,0.33,1,2026-08-11 11:21:00
TX000097,CUST02487,1474.57,Debit Card,bank_timeout,0,1,1389,23,0,0,0.72,1,2026-08-05 10:07:00
TX000098,CUST02571,1423.76,UPI,issuer_declined,0,1,1500,4,1,0,0.32,0,2026-08-08 23:50:00
TX000099,CUST00823,1102.26,Credit Card,network_error,3,2,1088,16,0,0,0.41,1,2026-08-22 22:18:00
TX000100,CUST01209,867.32,Debit Card,network_error,1,0,289,7,0,0,0.64,0,2026-08-26 08:44:00
TX000101,CUST01499,266.3,UPI,network_error,0,0,932,11,0,0,0.75,1,2026-08-30 01:27:00
TX000102,CUST01522,720.07,UPI,expired_card,1,2,1150,10,0,0,0.38,1,2026-08-22 03:06:00
TX000103,CUST02872,778.43,Debit Card,expired_card,0,0,77,9,0,0,0.55,1,2026-08-25 11:08:00
TX000104,CUST00556,491.63,Net Banking,insufficient_funds,1,2,1427,17,0,0,0.41,1,2026-08-19 21:09:00
TX000105,CUST02683,933.29,UPI,authentication_failed,1,1,68,22,0,0,0.26,0,2026-08-17 12:08:00
TX000106,CUST00407,1642.63,Debit Card,insufficient_funds,5,2,125,12,0,0,0.12,0,2026-08-21 16:40:00
TX000107,CUST00376,7231.39,Credit Card,expired_card,1,0,104,10,0,0,0.49,0,2026-08-04 02:56:00
TX000108,CUST02271,1305.81,Credit Card,insufficient_funds,2,1,673,4,0,0,0.43,1,2026-08-07 14:02:00
TX000109,CUST00533,1418.78,Wallet,issuer_declined,0,0,270,0,0,0,0.45,0,2026-08-01 17:14:00
TX000110,CUST00714,1017.96,Debit Card,bank_timeout,2,0,131,15,0,0,0.63,1,2026-08-21 13:42:00
TX000111,CUST02064,160.97,Credit Card,suspicious_transaction,0,1,939,20,0,1,0.04,0,2026-08-19 06:40:00
TX000112,CUST01747,1067.94,UPI,insufficient_funds,3,0,166,10,0,1,0.32,1,2026-08-29 19:29:00
TX000113,CUST02398,1164.71,Wallet,network_error,0,1,930,16,0,1,0.59,0,2026-08-30 19:07:00
TX000114,CUST02667,12877.57,Wallet,network_error,0,1,468,13,0,0,0.67,1,2026-08-05 07:51:00
TX000115,CUST01281,904.73,Net Banking,issuer_declined,0,0,1407,15,1,0,0.4,1,2026-08-05 09:28:00
TX000116,CUST01527,1482.59,Credit Card,insufficient_funds,1,2,1151,10,0,0,0.41,0,2026-08-20 05:57:00
TX000117,CUST02954,1059.22,UPI,suspicious_transaction,1,1,213,18,0,0,0.02,0,2026-08-05 22:12:00
TX000118,CUST01435,340.81,Wallet,issuer_declined,2,1,879,17,0,0,0.3,0,2026-08-30 05:59:00
TX000119,CUST02281,3438.61,UPI,expired_card,1,2,548,0,0,0,0.38,1,2026-08-16 11:10:00
TX000120,CUST01438,2326.06,UPI,bank_timeout,0,1,143,4,0,0,0.67,1,2026-08-25 03:25:00
TX000121,CUST00882,2418.81,Net Banking,insufficient_funds,0,1,639,23,0,0,0.55,0,2026-08-03 09:27:00
TX000122,CUST00638,441.69,Credit Card,network_error,0,0,558,14,0,0,0.75,1,2026-08-13 10:22:00
TX000123,CUST00883,4459.51,Wallet,bank_timeout,0,1,1389,21,0,0,0.72,1,2026-08-11 00:51:00
TX000124,CUST01619,269.93,Wallet,bank_timeout,0,0,282,8,0,0,0.75,1,2026-08-20 14:23:00
TX000125,CUST00720,1972.11,Credit Card,issuer_declined,2,2,148,12,0,1,0.09,1,2026-08-04 13:02:00
TX000126,CUST01283,9803.12,Wallet,insufficient_funds,0,1,593,3,0,0,0.55,1,2026-08-29 03:09:00
TX000127,CUST01885,407.26,Debit Card,bank_timeout,3,1,893,18,0,1,0.46,0,2026-08-16 10:50:00
TX000128,CUST00908,622.47,Debit Card,network_error,0,0,1087,16,0,0,0.75,1,2026-08-30 08:59:00
TX000129,CUST00605,1211.54,Credit Card,bank_timeout,0,0,1234,4,0,0,0.8,1,2026-08-29 13:53:00
TX000130,CUST02024,662.83,Net Banking,network_error,2,3,1395,18,0,0,0.39,1,2026-08-29 13:05:00
TX000131,CUST01295,232.6,Credit Card,insufficient_funds,1,2,621,8,0,0,0.41,1,2026-08-22 00:20:00
TX000132,CUST01852,1174.46,UPI,bank_timeout,2,0,1321,2,0,0,0.68,1,2026-08-26 05:27:00
TX000133,CUST00169,379.06,Net Banking,authentication_failed,1,0,659,19,0,0,0.39,1,2026-08-05 17:03:00
TX000134,CUST01407,1760.92,UPI,insufficient_funds,0,0,1450,14,0,0,0.63,1,2026-08-17 13:28:00
TX000135,CUST01528,437.28,Debit Card,issuer_declined,2,0,1293,20,0,0,0.38,0,2026-08-18 14:13:00
TX000136,CUST01164,5166.42,Debit Card,network_error,1,2,308,10,1,0,0.38,0,2026-08-15 02:51:00
TX000137,CUST02688,501.07,Net Banking,bank_timeout,2,0,635,17,0,0,0.68,0,2026-08-24 22:57:00
TX000138,CUST00383,794.68,Net Banking,insufficient_funds,0,1,370,6,0,0,0.55,1,2026-08-07 06:15:00
TX000139,CUST00635,2473.82,UPI,issuer_declined,2,0,1356,10,0,0,0.38,0,2026-08-08 00:29:00
TX000140,CUST00665,320.26,Credit Card,authentication_failed,2,1,1477,14,1,0,0.15,0,2026-08-21 05:11:00
TX000141,CUST02501,1376.72,Debit Card,network_error,2,1,1094,7,0,0,0.55,1,2026-08-09 19:55:00
TX000142,CUST01507,4052.72,Wallet,suspicious_transaction,1,1,783,16,0,0,0.06,0,2026-08-28 12:27:00
TX000143,CUST00567,219.76,Debit Card,bank_timeout,1,1,1136,3,0,0,0.66,1,2026-08-04 19:36:00
TX000144,CUST00657,1319.01,Debit Card,insufficient_funds,1,1,188,7,0,0,0.44,0,2026-08-19 21:10:00
TX000145,CUST00219,1422.09,Net Banking,insufficient_funds,0,0,768,7,1,0,0.53,0,2026-08-30 13:55:00
TX000146,CUST01374,2396.64,Credit Card,bank_timeout,0,1,1426,4,0,0,0.72,1,2026-08-04 14:32:00
TX000147,CUST00078,318.32,Debit Card,bank_timeout,0,1,228,9,0,0,0.67,1,2026-08-30 01:54:00
TX000148,CUST02552,292.82,Net Banking,bank_timeout,2,3,1223,17,1,0,0.34,1,2026-08-07 12:49:00
TX000149,CUST01194,1848.15,Net Banking,bank_timeout,0,1,384,21,0,0,0.72,1,2026-08-24 22:35:00
TX000150,CUST02229,1475.84,Wallet,network_error,1,0,800,15,1,0,0.59,1,2026-08-01 17:44:00
TX000151,CUST01463,1408.8,UPI,issuer_declined,2,0,1192,23,0,0,0.38,1,2026-08-16 09:47:00
TX000152,CUST02633,1550.68,Credit Card,authentication_failed,1,2,981,20,0,0,0.23,0,2026-08-21 19:54:00
TX000153,CUST00152,555.56,Debit Card,bank_timeout,2,0,647,9,0,0,0.68,1,2026-08-12 12:41:00
TX000154,CUST00150,1383.34,Credit Card,issuer_declined,3,0,1343,10,0,0,0.32,0,2026-08-19 04:55:00
TX000155,CUST01802,1470.08,Net Banking,issuer_declined,0,1,753,16,0,1,0.34,0,2026-08-20 14:20:00
TX000156,CUST02468,536.81,Credit Card,insufficient_funds,0,0,672,21,0,0,0.63,0,2026-08-08 14:01:00
TX000157,CUST02826,7085.28,Net Banking,issuer_declined,0,1,1260,13,0,0,0.42,0,2026-08-04 09:57:00
TX000158,CUST02750,1761.34,Net Banking,issuer_declined,2,1,64,4,0,0,0.25,0,2026-08-06 17:52:00
TX000159,CUST00276,333.18,Credit Card,network_error,0,1,1162,1,0,0,0.67,0,2026-08-17 22:20:00
TX000160,CUST01819,2114.46,UPI,insufficient_funds,1,1,644,20,0,0,0.49,1,2026-08-09 11:12:00
TX000161,CUST02045,413.77,Wallet,issuer_declined,1,1,534,22,0,0,0.36,1,2026-08-23 08:31:00
TX000162,CUST00820,2409.28,UPI,bank_timeout,0,0,1461,14,0,0,0.8,0,2026-08-15 13:04:00
TX000163,CUST02736,3493.28,Debit Card,network_error,1,1,615,5,0,0,0.61,0,2026-08-17 10:50:00
TX000164,CUST02084,482.66,Credit Card,bank_timeout,0,0,485,15,1,0,0.7,1,2026-08-26 02:32:00
TX000165,CUST00532,2873.76,Wallet,authentication_failed,0,1,1469,23,0,0,0.37,0,2026-08-27 03:56:00
TX000166,CUST00303,1657.03,Credit Card,suspicious_transaction,1,1,955,21,0,0,0.06,0,2026-08-26 02:10:00
TX000167,CUST02621,2495.04,Wallet,bank_timeout,4,3,1030,1,0,0,0.32,1,2026-08-08 08:54:00
TX000168,CUST01322,7308.5,Credit Card,issuer_declined,4,2,162,8,0,0,0.05,0,2026-08-29 10:41:00
TX000169,CUST01241,858.01,Wallet,insufficient_funds,1,0,1213,18,0,0,0.57,0,2026-08-28 12:58:00
TX000170,CUST01383,516.08,Wallet,bank_timeout,3,0,94,20,0,0,0.57,1,2026-08-27 00:55:00
TX000171,CUST01707,450.56,Wallet,expired_card,1,2,1118,9,0,0,0.38,1,2026-08-19 11:33:00
TX000172,CUST01219,485.02,Net Banking,bank_timeout,0,1,852,15,0,0,0.72,1,2026-08-15 12:46:00
TX000173,CUST01415,1015.26,Net Banking,bank_timeout,0,0,654,7,0,0,0.8,1,2026-08-05 09:44:00
TX000174,CUST00208,1542.49,Debit Card,suspicious_transaction,3,3,509,5,0,0,0.02,0,2026-08-09 15:20:00
TX000175,CUST00653,1446.19,Net Banking,suspicious_transaction,1,1,1019,0,1,0,0.02,0,2026-08-11 22:56:00
TX000176,CUST00882,2507.86,Wallet,issuer_declined,0,1,1224,20,0,0,0.42,1,2026-08-05 21:24:00
TX000177,CUST01766,1110.98,Credit Card,authentication_failed,2,3,750,1,0,0,0.09,0,2026-08-26 04:16:00
TX000178,CUST01183,4691.62,UPI,issuer_declined,1,2,573,19,0,0,0.28,0,2026-08-18 22:14:00
TX000179,CUST01529,841.63,Debit Card,insufficient_funds,0,0,408,19,0,0,0.63,1,2026-08-07 05:40:00
TX000180,CUST02923,16650.06,Debit Card,network_error,1,0,1242,16,0,0,0.69,1,2026-08-18 21:12:00
TX000181,CUST02526,2050.15,Debit Card,insufficient_funds,1,2,1091,15,0,0,0.41,0,2026-08-17 18:20:00
TX000182,CUST01357,465.37,UPI,suspicious_transaction,1,2,1410,20,1,0,0.02,0,2026-08-27 07:50:00
TX000183,CUST02366,375.82,Credit Card,network_error,1,0,1074,20,0,0,0.69,1,2026-08-12 00:32:00
TX000184,CUST00130,1776.63,Wallet,suspicious_transaction,0,0,904,10,0,0,0.2,0,2026-08-23 20:07:00
TX000185,CUST02505,877.03,Net Banking,authentication_failed,2,0,1446,4,0,0,0.33,0,2026-08-22 18:30:00
TX000186,CUST02153,2239.48,Net Banking,issuer_declined,0,1,1119,11,0,0,0.42,0,2026-08-13 00:45:00
TX000187,CUST02499,1760.3,Net Banking,bank_timeout,0,1,461,9,0,0,0.72,1,2026-08-23 06:07:00
TX000188,CUST01299,1019.61,Net Banking,issuer_declined,4,2,590,3,0,0,0.1,0,2026-08-18 22:56:00
TX000189,CUST01414,470.22,Credit Card,issuer_declined,0,0,710,14,0,0,0.5,1,2026-08-25 12:16:00
TX000190,CUST01111,241.09,Wallet,expired_card,0,0,497,1,0,0,0.6,0,2026-08-03 09:20:00
TX000191,CUST00411,701.69,Net Banking,issuer_declined,1,2,282,0,0,0,0.23,1,2026-08-30 17:07:00
TX000192,CUST01949,2582.2,Net Banking,expired_card,2,2,658,9,0,0,0.32,1,2026-08-27 03:06:00
TX000193,CUST00952,1358.44,Wallet,network_error,3,0,359,13,0,0,0.52,0,2026-08-19 01:37:00
TX000194,CUST02030,315.53,Credit Card,suspicious_transaction,4,2,77,0,0,0,0.02,0,2026-08-16 05:57:00
TX000195,CUST01166,1303.99,Net Banking,suspicious_transaction,1,1,275,16,0,0,0.02,0,2026-08-08 09:29:00
TX000196,CUST02995,1612.14,Net Banking,expired_card,2,0,691,9,0,0,0.48,1,2026-08-30 01:39:00
TX000197,CUST01661,453.11,Net Banking,insufficient_funds,0,0,379,4,0,0,0.63,1,2026-08-18 10:57:00
TX000198,CUST00965,1278.86,Net Banking,network_error,4,2,1193,23,0,0,0.35,0,2026-08-11 18:06:00
TX000199,CUST00255,1162.36,UPI,insufficient_funds,0,1,1414,3,0,0,0.55,1,2026-08-11 01:13:00
TX000200,CUST00898,349.68,Credit Card,insufficient_funds,1,2,766,13,0,0,0.41,0,2026-08-10 22:33:00
TX000201,CUST01014,1568.36,Wallet,authentication_failed,0,1,1082,22,0,0,0.37,1,2026-08-25 22:10:00
TX000202,CUST02071,1921.35,Credit Card,insufficient_funds,0,1,1066,14,1,0,0.45,0,2026-08-05 03:19:00
TX000203,CUST02091,3239.1,Net Banking,network_error,1,2,851,14,0,0,0.53,0,2026-08-15 00:36:00
TX000204,CUST02963,3145.73,UPI,issuer_declined,2,1,1185,2,1,0,0.2,1,2026-08-03 17:48:00
TX000205,CUST00283,276.53,Net Banking,bank_timeout,0,0,1314,23,0,0,0.8,0,2026-08-18 09:46:00
TX000206,CUST01838,429.31,Net Banking,issuer_declined,1,2,1105,4,0,0,0.28,1,2026-08-25 10:49:00
TX000207,CUST01610,1835.43,Wallet,bank_timeout,5,0,47,9,0,0,0.45,1,2026-08-18 06:16:00
TX000208,CUST00941,1833.14,Credit Card,insufficient_funds,0,0,1485,3,1,0,0.53,0,2026-08-01 17:05:00
TX000209,CUST00986,1835.46,Credit Card,bank_timeout,1,1,1225,21,0,1,0.58,0,2026-08-19 07:22:00
TX000210,CUST01798,51675.11,Credit Card,insufficient_funds,2,0,287,16,0,0,0.36,0,2026-08-27 05:15:00
TX000211,CUST01307,1940.87,Wallet,insufficient_funds,1,1,486,9,0,0,0.49,0,2026-08-19 19:43:00
TX000212,CUST01231,3413.75,Debit Card,bank_timeout,4,1,1283,21,0,0,0.48,0,2026-08-30 06:40:00
TX000213,CUST02750,2846.94,Net Banking,network_error,0,1,837,4,0,0,0.67,1,2026-08-11 23:12:00
TX000214,CUST00924,2103.57,Debit Card,authentication_failed,0,1,119,17,0,0,0.32,0,2026-08-18 16:15:00
TX000215,CUST00995,800.1,Debit Card,bank_timeout,1,1,760,2,0,0,0.66,1,2026-08-18 03:58:00
TX000216,CUST02760,2342.49,Wallet,expired_card,3,1,1204,23,0,0,0.34,1,2026-08-16 03:41:00
TX000217,CUST01242,506.32,UPI,bank_timeout,0,0,981,7,0,0,0.8,1,2026-08-11 21:24:00
TX000218,CUST02262,865.39,Debit Card,network_error,0,1,632,8,0,0,0.67,1,2026-08-22 08:48:00
TX000219,CUST01312,674.95,Credit Card,issuer_declined,0,0,299,0,0,0,0.45,0,2026-08-20 00:06:00
TX000220,CUST01210,1190.2,Credit Card,bank_timeout,0,0,1023,17,0,0,0.8,1,2026-08-23 05:42:00
TX000221,CUST02964,11099.54,Net Banking,insufficient_funds,2,2,347,4,0,0,0.3,0,2026-08-25 16:09:00
TX000222,CUST02629,169.48,UPI,insufficient_funds,2,0,1369,1,0,0,0.51,0,2026-08-11 12:47:00
TX000223,CUST00279,2178.21,Credit Card,bank_timeout,1,1,124,19,0,0,0.61,0,2026-08-23 04:52:00
TX000224,CUST00065,218.61,UPI,insufficient_funds,0,0,1085,23,0,0,0.63,1,2026-08-20 14:18:00
TX000225,CUST00735,684.08,UPI,authentication_failed,1,0,394,19,0,0,0.39,1,2026-08-19 01:31:00
TX000226,CUST00324,3258.27,Debit Card,suspicious_transaction,1,0,1428,7,0,0,0.14,1,2026-08-30 13:51:00
TX000227,CUST00130,1169.44,UPI,insufficient_funds,0,1,115,20,1,0,0.4,0,2026-08-20 17:56:00
TX000228,CUST02642,373.25,Debit Card,insufficient_funds,3,0,1082,1,0,0,0.45,0,2026-08-26 19:04:00
TX000229,CUST01948,536.3,Debit Card,bank_timeout,0,1,1113,18,0,0,0.72,0,2026-08-01 17:06:00
TX000230,CUST00849,2163.75,Wallet,bank_timeout,2,3,158,9,0,0,0.39,0,2026-08-18 17:03:00
TX000231,CUST02774,528.28,Wallet,issuer_declined,2,1,1412,23,1,0,0.2,0,2026-08-05 10:41:00
TX000232,CUST01791,1361.66,Credit Card,authentication_failed,0,1,669,0,0,0,0.37,0,2026-08-11 09:11:00
TX000233,CUST01458,1147.76,Wallet,suspicious_transaction,0,1,176,19,0,0,0.07,0,2026-08-13 04:41:00
TX000234,CUST00632,571.58,Net Banking,network_error,1,2,798,10,0,1,0.45,0,2026-08-21 05:46:00
TX000235,CUST01475,9357.6,Debit Card,bank_timeout,0,1,920,17,0,0,0.72,1,2026-08-17 02:34:00
TX000236,CUST02271,2067.14,UPI,insufficient_funds,2,3,26,9,0,0,0.22,0,2026-08-26 11:09:00
TX000237,CUST00995,144.73,Wallet,insufficient_funds,1,0,285,8,0,0,0.52,1,2026-08-20 18:46:00
TX000238,CUST01131,1321.41,Net Banking,issuer_declined,2,2,516,7,0,0,0.22,0,2026-08-21 20:06:00
TX000239,CUST00439,565.78,Credit Card,issuer_declined,4,2,1271,12,0,0,0.1,0,2026-08-30 15:06:00
TX000240,CUST02435,2571.99,Credit Card,issuer_declined,1,2,412,15,0,0,0.28,0,2026-08-14 06:20:00
TX000241,CUST02847,496.45,Net Banking,suspicious_transaction,2,2,771,8,0,0,0.02,0,2026-08-26 15:52:00
TX000242,CUST00819,977.76,Wallet,suspicious_transaction,0,0,1490,14,0,0,0.2,0,2026-08-04 03:32:00
TX000243,CUST01676,1817.08,Net Banking,bank_timeout,0,1,1349,4,0,0,0.72,1,2026-08-28 05:06:00
TX000244,CUST01963,2606.48,Wallet,insufficient_funds,1,2,857,17,1,0,0.31,0,2026-08-25 10:26:00
TX000245,CUST02433,330.2,UPI,bank_timeout,0,1,341,20,0,0,0.67,1,2026-08-30 10:24:00
TX000246,CUST01637,784.85,Debit Card,suspicious_transaction,0,0,202,8,0,0,0.15,0,2026-08-27 04:18:00
TX000247,CUST00906,682.02,Net Banking,issuer_declined,1,2,1206,22,0,0,0.28,1,2026-08-05 18:11:00
TX000248,CUST01211,570.59,Net Banking,suspicious_transaction,0,0,714,9,0,0,0.2,0,2026-08-16 20:26:00
TX000249,CUST01951,6408.97,UPI,insufficient_funds,1,1,138,9,1,0,0.34,1,2026-08-16 14:43:00
TX000250,CUST02655,1644.15,UPI,expired_card,0,0,1057,5,0,0,0.6,1,2026-08-22 00:41:00
TX000251,CUST00950,310.79,Net Banking,expired_card,0,1,811,0,0,0,0.52,1,2026-08-20 13:11:00
TX000252,CUST01593,2745.89,UPI,network_error,0,0,1183,3,0,0,0.75,1,2026-08-09 23:15:00
TX000253,CUST01875,9155.92,UPI,issuer_declined,3,2,1223,12,0,0,0.16,0,2026-08-21 20:06:00
TX000254,CUST02529,3079.32,Credit Card,network_error,2,2,1259,18,1,0,0.37,1,2026-08-14 21:33:00
TX000255,CUST00480,240.0,Credit Card,issuer_declined,0,1,857,19,0,0,0.42,1,2026-08-29 22:08:00
TX000256,CUST02202,675.71,Credit Card,insufficient_funds,1,0,384,10,0,0,0.57,0,2026-08-01 10:28:00
TX000257,CUST01985,3892.91,Credit Card,bank_timeout,0,1,838,21,0,0,0.72,1,2026-08-08 14:41:00
TX000258,CUST00339,540.41,Wallet,bank_timeout,2,2,67,8,0,0,0.47,0,2026-08-26 17:50:00
TX000259,CUST02029,1709.27,Wallet,insufficient_funds,1,1,1113,11,0,0,0.49,0,2026-08-21 02:05:00
TX000260,CUST02238,2379.47,Credit Card,suspicious_transaction,0,0,610,1,0,0,0.2,0,2026-08-20 23:34:00
TX000261,CUST00481,434.01,Credit Card,bank_timeout,2,2,1456,19,0,0,0.52,1,2026-08-10 09:41:00
TX000262,CUST00848,1033.26,UPI,insufficient_funds,1,2,1104,5,0,0,0.41,1,2026-08-13 04:00:00
TX000263,CUST02108,100.0,UPI,bank_timeout,2,3,122,8,0,0,0.39,0,2026-08-12 08:42:00
TX000264,CUST00600,393.71,Debit Card,authentication_failed,2,3,1003,4,0,0,0.09,0,2026-08-21 13:41:00
TX000265,CUST00310,851.87,UPI,insufficient_funds,2,2,932,15,0,1,0.27,0,2026-08-05 05:44:00
TX000266,CUST02994,314.89,Net Banking,expired_card,1,0,1095,12,0,0,0.54,1,2026-08-13 05:18:00
TX000267,CUST01323,5610.59,Debit Card,issuer_declined,1,2,994,10,0,0,0.28,1,2026-08-29 11:57:00
TX000268,CUST01883,262.4,UPI,bank_timeout,3,3,935,0,0,0,0.38,0,2026-08-07 00:05:00
TX000269,CUST02663,706.24,Debit Card,bank_timeout,4,2,192,20,0,1,0.27,0,2026-08-30 12:47:00
TX000270,CUST00678,1249.8,UPI,issuer_declined,0,0,880,20,1,1,0.32,1,2026-08-04 13:07:00
TX000271,CUST00544,4634.45,Wallet,issuer_declined,1,0,17,22,0,0,0.39,0,2026-08-07 00:22:00
TX000272,CUST01957,260.9,UPI,issuer_declined,0,0,212,10,0,0,0.45,1,2026-08-07 01:25:00
TX000273,CUST02628,3509.27,Credit Card,bank_timeout,1,2,1332,5,0,0,0.58,0,2026-08-07 21:20:00
TX000274,CUST01687,1107.91,Wallet,expired_card,3,0,206,4,0,0,0.37,0,2026-08-20 13:00:00
TX000275,CUST01289,410.96,Credit Card,issuer_declined,1,0,1134,19,0,0,0.44,0,2026-08-02 05:17:00
TX000276,CUST02697,1740.81,Debit Card,bank_timeout,1,0,803,9,0,0,0.74,0,2026-08-11 21:25:00
TX000277,CUST02028,1338.17,Net Banking,bank_timeout,1,2,146,16,0,1,0.45,1,2026-08-15 09:40:00
TX000278,CUST00541,601.71,Net Banking,authentication_failed,1,1,1119,21,0,0,0.31,0,2026-08-04 07:43:00
TX000279,CUST00069,1175.92,Wallet,bank_timeout,0,0,124,12,0,0,0.75,1,2026-08-19 21:45:00
TX000280,CUST01735,745.97,Net Banking,bank_timeout,1,2,313,8,1,1,0.35,0,2026-08-08 01:42:00
TX000281,CUST02198,1228.46,Debit Card,issuer_declined,1,2,1395,20,1,0,0.18,0,2026-08-11 20:39:00
TX000282,CUST00238,2126.28,Credit Card,bank_timeout,0,1,1254,19,1,0,0.62,0,2026-08-08 23:51:00
TX000283,CUST00490,5356.24,UPI,network_error,2,1,1017,11,0,0,0.55,0,2026-08-08 14:22:00
TX000284,CUST01524,318.04,Credit Card,network_error,3,0,61,10,0,0,0.52,1,2026-08-27 05:51:00
TX000285,CUST02571,9256.06,UPI,insufficient_funds,1,0,1024,18,0,0,0.57,0,2026-08-27 02:51:00
TX000286,CUST02762,155.7,UPI,issuer_declined,1,0,26,7,1,0,0.29,0,2026-08-09 03:28:00
TX000287,CUST00145,942.2,Wallet,network_error,2,3,460,10,0,0,0.39,1,2026-08-04 13:04:00
TX000288,CUST02342,1974.99,Debit Card,bank_timeout,1,0,368,7,0,0,0.74,0,2026-08-04 03:17:00
TX000289,CUST01906,1452.43,Debit Card,network_error,0,0,1133,14,1,0,0.65,1,2026-08-14 19:57:00
TX000290,CUST02551,588.34,Credit Card,insufficient_funds,1,1,401,23,0,0,0.49,1,2026-08-01 06:57:00
TX000291,CUST01680,890.58,UPI,issuer_declined,0,0,687,0,0,0,0.5,0,2026-08-14 23:53:00
TX000292,CUST00426,669.81,Credit Card,insufficient_funds,0,1,123,4,0,1,0.42,0,2026-08-24 15:42:00
TX000293,CUST01692,608.28,Debit Card,insufficient_funds,2,0,1036,4,0,0,0.51,0,2026-08-03 20:01:00
TX000294,CUST01782,2564.71,Credit Card,issuer_declined,0,1,805,22,0,0,0.42,0,2026-08-11 15:09:00
TX000295,CUST00306,1567.15,Credit Card,bank_timeout,2,0,319,3,0,0,0.63,1,2026-08-25 09:22:00
TX000296,CUST01468,548.45,Credit Card,insufficient_funds,1,0,186,5,0,0,0.52,0,2026-08-28 10:58:00
TX000297,CUST00166,2696.2,Credit Card,authentication_failed,0,0,1457,7,0,0,0.45,1,2026-08-14 14:24:00
TX000298,CUST01066,1491.14,Credit Card,bank_timeout,0,1,1139,23,0,1,0.64,1,2026-08-07 08:41:00
TX000299,CUST00498,2472.2,UPI,bank_timeout,2,1,268,6,0,0,0.55,0,2026-08-30 08:10:00
TX000300,CUST00345,2058.29,Wallet,insufficient_funds,3,0,45,2,0,0,0.4,0,2026-08-05 04:27:00
TX000301,CUST01359,478.67,UPI,bank_timeout,1,0,1176,13,0,0,0.74,1,2026-08-20 10:01:00
TX000302,CUST00708,626.29,Debit Card,bank_timeout,0,1,914,4,1,0,0.62,1,2026-08-14 10:20:00
TX000303,CUST02044,2315.3,Net Banking,authentication_failed,1,0,573,12,0,0,0.39,0,2026-08-24 22:19:00
TX000304,CUST01021,2019.03,Wallet,network_error,5,2,983,17,0,0,0.29,0,2026-08-15 15:16:00
TX000305,CUST01591,1073.95,Debit Card,bank_timeout,0,0,61,8,1,0,0.65,1,2026-08-27 13:52:00
TX000306,CUST00954,1233.15,Credit Card,bank_timeout,1,1,1093,23,1,0,0.56,1,2026-08-18 16:15:00
TX000307,CUST01454,3935.0,Credit Card,bank_timeout,1,2,1429,11,0,1,0.5,0,2026-08-26 20:01:00
TX000308,CUST02309,606.94,Credit Card,insufficient_funds,0,1,1111,9,0,1,0.47,1,2026-08-28 09:10:00
TX000309,CUST00897,1895.23,UPI,insufficient_funds,0,0,268,10,0,0,0.58,0,2026-08-15 17:26:00
TX000310,CUST00244,895.88,UPI,bank_timeout,2,1,228,16,0,0,0.55,1,2026-08-19 00:05:00
TX000311,CUST02401,882.11,UPI,issuer_declined,0,0,1500,13,0,0,0.5,0,2026-08-08 22:16:00
TX000312,CUST02897,3290.44,Wallet,expired_card,4,2,458,21,0,0,0.2,0,2026-08-14 09:41:00
TX000313,CUST00522,2503.43,Credit Card,network_error,4,3,1163,1,0,0,0.27,0,2026-08-28 19:47:00
TX000314,CUST00905,2473.8,Wallet,bank_timeout,1,1,160,7,0,0,0.61,0,2026-08-05 00:54:00
TX000315,CUST02904,4045.98,Debit Card,insufficient_funds,0,0,1420,2,0,0,0.63,0,2026-08-03 04:35:00
TX000316,CUST01581,1119.91,Net Banking,network_error,4,3,1010,12,0,0,0.27,0,2026-08-27 07:23:00
TX000317,CUST02667,2168.85,Credit Card,bank_timeout,0,0,604,0,0,0,0.8,1,2026-08-08 17:48:00
TX000318,CUST01538,804.11,Credit Card,network_error,1,0,693,19,0,0,0.69,0,2026-08-20 15:07:00
TX000319,CUST02678,1516.51,Credit Card,expired_card,0,0,208,10,0,0,0.55,0,2026-08-25 13:57:00
TX000320,CUST01087,962.81,Debit Card,issuer_declined,0,1,1171,17,0,0,0.42,1,2026-08-20 11:03:00
TX000321,CUST00359,1208.33,Debit Card,authentication_failed,1,1,409,3,1,0,0.21,0,2026-08-04 17:29:00
TX000322,CUST01940,1988.54,UPI,issuer_declined,0,1,1354,8,1,0,0.32,1,2026-08-18 08:38:00
TX000323,CUST01514,483.85,Credit Card,insufficient_funds,0,1,540,7,0,0,0.55,1,2026-08-05 09:37:00
TX000324,CUST00352,8887.38,Debit Card,network_error,0,0,1134,1,0,0,0.75,1,2026-08-25 08:55:00
TX000325,CUST02815,401.01,Net Banking,insufficient_funds,0,1,162,12,0,0,0.5,0,2026-08-24 12:30:00
TX000326,CUST02341,325.65,Wallet,bank_timeout,4,3,355,5,0,0,0.27,1,2026-08-20 06:26:00
TX000327,CUST00321,3491.58,Net Banking,bank_timeout,2,1,1219,8,0,0,0.6,0,2026-08-04 23:03:00
TX000328,CUST01590,2420.34,Wallet,issuer_declined,0,1,1065,14,0,1,0.34,0,2026-08-27 17:47:00
TX000329,CUST02141,2046.98,Net Banking,bank_timeout,0,0,217,18,0,0,0.75,0,2026-08-16 15:35:00
TX000330,CUST01684,2055.65,Debit Card,issuer_declined,1,2,969,1,0,0,0.28,0,2026-08-19 06:47:00
TX000331,CUST00159,1083.28,Net Banking,authentication_failed,0,0,101,23,0,0,0.4,1,2026-08-16 09:02:00
TX000332,CUST01242,447.08,Debit Card,issuer_declined,1,2,1403,3,0,0,0.28,0,2026-08-21 03:59:00
TX000333,CUST01315,1182.99,Debit Card,network_error,1,0,385,14,0,0,0.69,0,2026-08-24 12:09:00
TX000334,CUST01532,557.15,UPI,insufficient_funds,0,1,1454,16,0,0,0.55,1,2026-08-26 21:08:00
TX000335,CUST00119,2907.71,Credit Card,bank_timeout,2,0,511,1,0,0,0.68,0,2026-08-13 11:15:00
TX000336,CUST01509,946.66,Net Banking,insufficient_funds,1,0,1396,0,0,0,0.57,1,2026-08-22 14:22:00
TX000337,CUST02404,480.34,Wallet,issuer_declined,0,1,1411,2,0,0,0.42,1,2026-08-27 01:03:00
TX000338,CUST00878,795.22,Credit Card,expired_card,1,1,1335,13,0,0,0.46,0,2026-08-01 09:43:00
TX000339,CUST01942,1657.28,Credit Card,expired_card,1,0,459,8,0,0,0.54,0,2026-08-30 06:02:00
TX000340,CUST01128,624.08,Net Banking,authentication_failed,3,3,517,6,0,0,0.03,0,2026-08-19 01:47:00
TX000341,CUST02395,481.92,UPI,bank_timeout,5,2,1150,20,0,0,0.34,0,2026-08-22 22:11:00
TX000342,CUST00262,1399.24,Debit Card,suspicious_transaction,1,1,535,20,0,0,0.06,0,2026-08-07 19:45:00
TX000343,CUST02119,1401.04,Credit Card,authentication_failed,2,3,1353,10,0,0,0.09,0,2026-08-14 10:52:00
TX000344,CUST01063,660.54,Net Banking,insufficient_funds,2,1,703,23,0,0,0.43,0,2026-08-22 15:37:00
TX000345,CUST02752,684.69,Debit Card,insufficient_funds,3,1,602,3,0,0,0.37,0,2026-08-26 10:36:00
TX000346,CUST00750,1383.05,Debit Card,expired_card,0,0,629,13,0,0,0.6,1,2026-08-14 09:10:00
TX000347,CUST01900,257.73,UPI,insufficient_funds,3,0,968,6,0,0,0.45,1,2026-08-14 13:53:00
TX000348,CUST01693,268.42,UPI,authentication_failed,0,0,702,13,0,0,0.45,0,2026-08-07 12:26:00
TX000349,CUST01296,534.62,Credit Card,network_error,1,2,363,10,0,1,0.4,1,2026-08-08 16:09:00
TX000350,CUST02361,885.85,Credit Card,insufficient_funds,2,0,266,19,0,0,0.46,1,2026-08-22 17:26:00
TX000351,CUST01571,1496.53,UPI,bank_timeout,0,1,29,10,0,0,0.67,1,2026-08-01 04:30:00
TX000352,CUST02567,4795.13,Credit Card,issuer_declined,3,2,265,3,0,0,0.11,0,2026-08-03 01:56:00
TX000353,CUST01222,2585.46,Debit Card,insufficient_funds,1,2,692,13,0,0,0.41,1,2026-08-23 07:24:00
TX000354,CUST01472,934.55,Credit Card,bank_timeout,3,3,40,7,0,0,0.33,1,2026-08-01 23:56:00
TX000355,CUST02416,1075.98,Wallet,bank_timeout,0,0,769,20,0,0,0.8,1,2026-08-03 04:23:00
TX000356,CUST02712,402.41,UPI,expired_card,0,0,854,14,0,0,0.6,1,2026-08-07 23:15:00
TX000357,CUST00842,1076.52,UPI,issuer_declined,1,2,1066,8,0,0,0.28,0,2026-08-05 18:35:00
TX000358,CUST02096,821.67,Wallet,bank_timeout,0,0,1020,6,0,0,0.8,0,2026-08-10 04:16:00
TX000359,CUST01467,1514.32,Net Banking,issuer_declined,0,1,426,22,0,0,0.42,1,2026-08-05 01:12:00
TX000360,CUST00453,479.51,Wallet,expired_card,0,0,1048,2,0,0,0.6,1,2026-08-11 12:29:00
TX000361,CUST01871,1843.36,Debit Card,issuer_declined,0,0,81,9,0,0,0.45,1,2026-08-06 06:35:00
TX000362,CUST00390,5078.34,UPI,bank_timeout,0,0,674,11,0,0,0.8,1,2026-08-05 05:31:00
TX000363,CUST01527,983.62,Debit Card,bank_timeout,0,1,557,12,0,0,0.72,1,2026-08-08 14:10:00
TX000364,CUST00464,1638.79,Credit Card,expired_card,0,0,213,13,0,0,0.55,0,2026-08-20 22:35:00
TX000365,CUST00743,2186.69,Wallet,issuer_declined,0,0,1402,23,0,0,0.5,0,2026-08-06 03:21:00
TX000366,CUST01685,734.2,Net Banking,bank_timeout,0,1,26,22,0,0,0.67,0,2026-08-26 17:08:00
TX000367,CUST00918,1372.09,Debit Card,insufficient_funds,1,2,196,13,0,0,0.36,1,2026-08-30 04:35:00
TX000368,CUST01577,1110.53,Credit Card,authentication_failed,1,2,112,0,0,0,0.18,0,2026-08-23 13:35:00
TX000369,CUST00678,1209.15,UPI,network_error,0,1,570,1,0,0,0.67,1,2026-08-11 16:40:00
TX000370,CUST00323,506.23,Net Banking,insufficient_funds,1,0,1021,14,0,0,0.57,0,2026-08-01 19:24:00
TX000371,CUST00421,1123.84,Net Banking,insufficient_funds,1,0,187,19,0,0,0.52,0,2026-08-26 14:13:00
TX000372,CUST00848,1804.43,Net Banking,suspicious_transaction,0,0,457,14,0,0,0.2,0,2026-08-30 21:48:00
TX000373,CUST01489,4680.42,Net Banking,bank_timeout,2,1,5,10,0,0,0.55,0,2026-08-25 22:13:00
TX000374,CUST02139,2861.99,Debit Card,network_error,0,0,1009,4,0,0,0.75,1,2026-08-12 13:45:00
TX000375,CUST02503,9444.45,Credit Card,bank_timeout,4,3,442,14,0,0,0.32,0,2026-08-19 20:42:00
TX000376,CUST00191,509.1,Wallet,bank_timeout,3,3,1349,18,0,0,0.38,0,2026-08-25 03:17:00
TX000377,CUST00199,2623.65,Wallet,suspicious_transaction,2,3,1042,5,0,0,0.02,0,2026-08-05 17:06:00
TX000378,CUST01587,1317.3,Wallet,expired_card,0,1,858,19,0,0,0.52,1,2026-08-16 14:29:00
TX000379,CUST01205,9796.72,Net Banking,network_error,0,1,1437,17,0,0,0.67,0,2026-08-29 18:56:00
TX000380,CUST00891,488.68,Credit Card,bank_timeout,2,2,1378,4,0,0,0.52,0,2026-08-23 22:23:00
TX000381,CUST02223,473.56,Debit Card,network_error,2,3,1194,18,0,0,0.39,0,2026-08-25 07:09:00
TX000382,CUST01172,602.21,Net Banking,network_error,1,0,781,4,1,1,0.51,1,2026-08-08 07:47:00
TX000383,CUST01174,131.12,Debit Card,bank_timeout,0,1,418,17,1,0,0.62,1,2026-08-26 13:43:00
TX000384,CUST00919,648.23,Wallet,issuer_declined,1,2,590,22,0,0,0.28,0,2026-08-15 05:30:00
TX000385,CUST02262,513.3,UPI,bank_timeout,0,1,462,20,0,0,0.72,0,2026-08-25 21:02:00
TX000386,CUST02472,1274.61,Credit Card,network_error,4,2,920,5,0,1,0.27,0,2026-08-24 09:15:00
TX000387,CUST00489,1543.42,Net Banking,bank_timeout,0,1,267,5,0,0,0.67,1,2026-08-08 01:05:00
TX000388,CUST00164,7159.32,Credit Card,suspicious_transaction,1,2,1261,21,0,0,0.02,0,2026-08-04 07:36:00
TX000389,CUST02899,2836.78,Debit Card,insufficient_funds,4,0,1035,5,0,0,0.39,1,2026-08-11 01:36:00
TX000390,CUST00874,615.91,Debit Card,issuer_declined,0,1,1150,20,1,0,0.32,0,2026-08-30 05:31:00
TX000391,CUST02514,446.57,Wallet,issuer_declined,0,1,782,3,0,0,0.42,1,2026-08-24 12:33:00
TX000392,CUST01536,1793.49,Wallet,network_error,0,0,608,20,0,0,0.75,0,2026-08-08 14:50:00
TX000393,CUST02204,292.88,Wallet,bank_timeout,0,0,1404,13,0,0,0.8,0,2026-08-20 19:23:00
TX000394,CUST02649,6846.27,UPI,network_error,0,1,1469,10,1,1,0.49,1,2026-08-12 11:09:00
TX000395,CUST02286,3566.86,UPI,insufficient_funds,0,1,835,12,0,0,0.55,1,2026-08-18 17:26:00
TX000396,CUST02758,685.96,UPI,insufficient_funds,1,2,130,23,0,0,0.36,1,2026-08-23 21:13:00
TX000397,CUST00435,197.72,Debit Card,network_error,0,0,577,14,0,0,0.75,1,2026-08-08 02:44:00
TX000398,CUST02186,4246.59,Credit Card,bank_timeout,0,1,1299,4,0,0,0.72,0,2026-08-30 11:43:00
TX000399,CUST01529,977.95,UPI,insufficient_funds,1,0,86,0,0,0,0.52,0,2026-08-04 20:58:00
TX000400,CUST01249,3781.27,Credit Card,network_error,3,2,434,13,0,0,0.41,1,2026-08-09 08:58:00
TX000401,CUST00905,222.64,Wallet,authentication_failed,0,0,1375,18,0,0,0.45,0,2026-08-25 23:29:00
TX000402,CUST01890,602.22,Wallet,bank_timeout,1,1,202,6,0,0,0.61,1,2026-08-06 20:02:00
TX000403,CUST02750,1102.4,Credit Card,bank_timeout,1,0,651,15,0,0,0.74,1,2026-08-27 14:04:00
TX000404,CUST00625,1149.38,Wallet,insufficient_funds,2,3,346,0,0,0,0.22,0,2026-08-30 03:57:00
TX000405,CUST01787,699.2,Debit Card,authentication_failed,0,1,983,14,0,0,0.37,0,2026-08-05 22:52:00
TX000406,CUST00720,2044.38,Wallet,bank_timeout,0,0,1104,6,0,0,0.8,1,2026-08-04 10:21:00
TX000407,CUST00077,377.05,Wallet,expired_card,2,3,1209,6,0,0,0.24,0,2026-08-25 13:28:00
TX000408,CUST01934,951.1,Credit Card,issuer_declined,0,1,275,14,0,1,0.29,0,2026-08-01 11:34:00
TX000409,CUST02715,1236.82,Credit Card,authentication_failed,2,1,1053,4,0,0,0.25,0,2026-08-07 15:41:00
TX000410,CUST02999,1834.34,Net Banking,suspicious_transaction,0,1,475,2,0,0,0.12,0,2026-08-24 13:40:00
TX000411,CUST01480,2234.15,Net Banking,insufficient_funds,1,0,82,20,0,0,0.52,0,2026-08-13 10:43:00
TX000412,CUST01079,356.15,Wallet,insufficient_funds,0,1,749,18,0,0,0.55,1,2026-08-18 03:03:00
TX000413,CUST00913,236.49,Wallet,insufficient_funds,2,2,998,15,0,1,0.27,0,2026-08-21 00:29:00
TX000414,CUST00679,3935.04,Credit Card,bank_timeout,1,0,308,5,0,0,0.69,0,2026-08-11 11:35:00
TX000415,CUST01699,1528.92,Debit Card,network_error,1,1,982,6,0,0,0.61,1,2026-08-12 02:09:00
TX000416,CUST00177,518.8,Credit Card,insufficient_funds,0,0,1173,4,1,0,0.53,1,2026-08-19 10:51:00
TX000417,CUST02455,5172.71,Wallet,expired_card,3,2,176,6,0,0,0.21,0,2026-08-08 18:18:00
TX000418,CUST00899,1231.11,Net Banking,expired_card,2,1,1277,21,0,0,0.4,0,2026-08-21 15:18:00
TX000419,CUST02444,3566.35,Wallet,bank_timeout,0,0,223,0,0,0,0.75,1,2026-08-20 02:31:00
TX000420,CUST00613,1173.23,Wallet,bank_timeout,1,2,1229,1,0,0,0.58,0,2026-08-05 05:47:00
TX000421,CUST01976,8610.59,Credit Card,authentication_failed,1,0,1390,20,0,0,0.39,0,2026-08-25 02:42:00
TX000422,CUST01758,6344.48,Credit Card,suspicious_transaction,1,1,718,18,0,0,0.06,0,2026-08-27 05:16:00
TX000423,CUST00401,854.94,Net Banking,bank_timeout,1,0,172,9,0,0,0.69,1,2026-08-01 05:58:00
TX000424,CUST02905,2897.41,UPI,insufficient_funds,0,0,769,20,0,0,0.63,1,2026-08-05 20:25:00
TX000425,CUST00634,2090.95,Net Banking,expired_card,0,1,1157,11,0,0,0.52,1,2026-08-10 06:29:00
TX000426,CUST01693,4309.73,Wallet,network_error,1,1,1146,17,0,0,0.61,1,2026-08-19 02:51:00
TX000427,CUST00566,417.83,UPI,network_error,0,0,206,6,0,0,0.7,0,2026-08-28 22:40:00
TX000428,CUST02856,2177.76,UPI,bank_timeout,4,0,187,4,0,0,0.51,1,2026-08-12 23:21:00
TX000429,CUST00909,3160.31,Debit Card,bank_timeout,0,1,821,19,0,0,0.72,0,2026-08-03 14:45:00
TX000430,CUST00718,188.91,Net Banking,insufficient_funds,0,1,399,1,0,0,0.55,0,2026-08-28 23:57:00
TX000431,CUST00695,335.88,UPI,issuer_declined,1,0,178,8,0,0,0.39,0,2026-08-27 16:09:00
TX000432,CUST00821,142.7,Wallet,bank_timeout,2,0,1126,9,0,0,0.68,1,2026-08-16 19:32:00
TX000433,CUST01133,837.64,Credit Card,expired_card,0,1,1178,0,0,0,0.52,1,2026-08-04 07:03:00
TX000434,CUST02061,2247.43,Debit Card,issuer_declined,0,1,1102,18,0,0,0.42,1,2026-08-23 00:15:00
TX000435,CUST00997,4926.37,Debit Card,suspicious_transaction,1,1,1202,0,0,0,0.06,0,2026-08-11 00:42:00
TX000436,CUST02773,1180.97,Credit Card,network_error,0,1,1058,17,1,0,0.57,1,2026-08-05 05:35:00
TX000437,CUST01635,5589.33,Debit Card,bank_timeout,4,3,643,11,0,0,0.32,1,2026-08-09 15:42:00
TX000438,CUST02044,275.86,Credit Card,issuer_declined,0,1,424,7,0,0,0.42,0,2026-08-08 02:23:00
TX000439,CUST00437,199.66,UPI,suspicious_transaction,1,2,1009,19,1,0,0.02,0,2026-08-22 22:47:00
TX000440,CUST01521,1037.38,Wallet,issuer_declined,3,2,1006,5,0,0,0.16,0,2026-08-11 02:35:00
TX000441,CUST02363,1610.12,Credit Card,bank_timeout,2,3,1108,1,0,0,0.44,0,2026-08-08 22:55:00
TX000442,CUST01873,1061.36,UPI,expired_card,1,2,18,0,0,0,0.33,1,2026-08-17 10:57:00
TX000443,CUST02510,138.73,Debit Card,bank_timeout,0,1,966,19,0,0,0.72,1,2026-08-20 01:45:00
TX000444,CUST02871,1003.13,Debit Card,issuer_declined,0,1,369,18,0,0,0.42,1,2026-08-05 13:05:00
TX000445,CUST02953,297.53,Debit Card,network_error,1,1,402,4,0,0,0.61,1,2026-08-01 10:38:00
TX000446,CUST00724,2142.38,Net Banking,insufficient_funds,5,2,997,9,0,0,0.17,1,2026-08-05 12:06:00
TX000447,CUST02829,1582.24,Credit Card,bank_timeout,2,3,1290,3,0,0,0.44,1,2026-08-26 12:03:00
TX000448,CUST02284,428.43,Debit Card,issuer_declined,0,1,1392,19,0,0,0.42,0,2026-08-08 22:38:00
TX000449,CUST01166,655.98,Debit Card,issuer_declined,1,2,916,2,0,0,0.28,0,2026-08-07 14:12:00
TX000450,CUST00687,380.23,Debit Card,insufficient_funds,1,1,147,2,0,0,0.44,1,2026-08-14 06:14:00
TX000451,CUST02910,1030.01,Debit Card,expired_card,0,1,744,23,0,0,0.52,1,2026-08-09 08:51:00
TX000452,CUST00095,2850.19,Credit Card,network_error,1,2,1436,23,1,0,0.43,1,2026-08-03 21:40:00
TX000453,CUST01939,409.23,Wallet,bank_timeout,2,0,213,8,0,1,0.55,0,2026-08-18 17:48:00
TX000454,CUST01268,1815.37,Credit Card,issuer_declined,0,0,269,16,0,1,0.37,0,2026-08-15 19:12:00
TX000455,CUST01951,645.32,Net Banking,suspicious_transaction,1,1,1124,14,0,0,0.06,0,2026-08-27 21:20:00
TX000456,CUST02448,496.27,Net Banking,expired_card,1,2,891,16,0,0,0.38,0,2026-08-22 22:05:00
TX000457,CUST02211,985.32,Credit Card,network_error,0,1,845,8,0,1,0.59,1,2026-08-07 04:52:00
TX000458,CUST01409,389.46,Debit Card,insufficient_funds,0,1,978,9,1,0,0.45,1,2026-08-11 12:32:00
TX000459,CUST00030,630.4,Wallet,issuer_declined,0,1,809,7,0,0,0.42,1,2026-08-18 05:16:00
TX000460,CUST00904,331.0,Debit Card,bank_timeout,1,2,1256,22,0,0,0.58,0,2026-08-13 05:37:00
TX000461,CUST01692,7822.23,Credit Card,authentication_failed,0,1,227,20,0,0,0.32,0,2026-08-23 09:23:00
TX000462,CUST00770,1135.99,Debit Card,bank_timeout,0,0,381,3,0,0,0.8,1,2026-08-01 08:57:00
TX000463,CUST00954,544.72,UPI,bank_timeout,1,1,861,9,0,0,0.66,1,2026-08-02 10:39:00
TX000464,CUST01353,1358.29,UPI,authentication_failed,4,0,546,12,1,0,0.11,0,2026-08-12 09:09:00
TX000465,CUST01563,980.12,UPI,bank_timeout,2,1,789,14,0,0,0.6,1,2026-08-05 06:37:00
TX000466,CUST02135,879.22,Credit Card,insufficient_funds,1,1,662,5,0,1,0.41,0,2026-08-24 16:59:00
TX000467,CUST00501,2026.71,Debit Card,insufficient_funds,0,1,107,21,0,0,0.5,0,2026-08-15 18:27:00
TX000468,CUST00062,2339.07,Credit Card,network_error,1,1,498,0,0,0,0.61,0,2026-08-28 03:13:00
TX000469,CUST00635,645.16,Debit Card,network_error,0,1,188,21,0,0,0.62,0,2026-08-29 10:48:00
TX000470,CUST00246,616.58,UPI,issuer_declined,0,0,258,15,0,0,0.45,0,2026-08-16 19:21:00
TX000471,CUST01797,832.93,Credit Card,bank_timeout,0,0,514,1,0,0,0.8,1,2026-08-23 07:18:00
TX000472,CUST00778,109.74,Wallet,bank_timeout,0,1,564,19,0,0,0.72,1,2026-08-08 01:19:00
TX000473,CUST01841,241.0,Debit Card,network_error,1,1,2,20,0,0,0.56,0,2026-08-29 04:54:00
TX000474,CUST01492,4302.17,Wallet,issuer_declined,2,3,389,16,0,0,0.14,0,2026-08-13 21:15:00
TX000475,CUST01322,5681.48,Net Banking,expired_card,0,0,90,4,0,1,0.47,1,2026-08-09 17:17:00
TX000476,CUST00405,854.88,UPI,insufficient_funds,2,3,1077,19,0,0,0.27,0,2026-08-28 13:51:00
TX000477,CUST02941,1951.9,UPI,bank_timeout,4,3,164,14,0,1,0.19,0,2026-08-19 22:19:00
TX000478,CUST01512,1497.05,UPI,authentication_failed,0,0,145,9,1,0,0.3,0,2026-08-05 14:33:00
TX000479,CUST02971,23834.3,Credit Card,insufficient_funds,0,0,1168,20,0,0,0.63,1,2026-08-05 19:14:00
TX000480,CUST02616,3359.59,Wallet,issuer_declined,1,2,875,3,0,0,0.28,0,2026-08-16 08:39:00
TX000481,CUST02694,964.96,Credit Card,insufficient_funds,1,1,646,17,0,0,0.49,1,2026-08-29 19:40:00
TX000482,CUST01764,421.77,Debit Card,expired_card,1,0,769,17,0,0,0.54,0,2026-08-21 08:47:00
TX000483,CUST01627,219.98,UPI,network_error,5,0,1061,4,0,0,0.45,1,2026-08-11 02:21:00
TX000484,CUST00880,1344.08,Debit Card,bank_timeout,2,2,1134,16,0,0,0.52,1,2026-08-02 17:13:00
TX000485,CUST01886,514.73,Debit Card,bank_timeout,0,0,478,8,0,1,0.72,1,2026-08-10 21:29:00
TX000486,CUST00317,264.47,Debit Card,network_error,0,0,1220,20,0,0,0.75,1,2026-08-04 13:43:00
TX000487,CUST00230,574.46,Debit Card,issuer_declined,2,3,247,7,0,0,0.09,0,2026-08-29 20:22:00
TX000488,CUST02590,371.84,Net Banking,bank_timeout,1,1,1106,18,0,0,0.66,1,2026-08-03 07:10:00
TX000489,CUST02760,5926.22,Net Banking,suspicious_transaction,2,0,455,13,0,0,0.08,0,2026-08-04 18:09:00
TX000490,CUST01950,2648.21,Wallet,network_error,1,1,175,12,0,0,0.56,1,2026-08-07 03:18:00
TX000491,CUST01970,1087.92,Wallet,bank_timeout,0,0,1150,19,0,0,0.8,1,2026-08-13 02:49:00
TX000492,CUST01762,4817.18,Debit Card,expired_card,1,0,1376,13,0,0,0.54,1,2026-08-28 00:40:00
TX000493,CUST02685,1184.85,UPI,network_error,0,1,1263,14,0,0,0.67,0,2026-08-11 15:01:00
TX000494,CUST00818,463.46,Debit Card,bank_timeout,2,0,231,23,1,0,0.53,0,2026-08-14 02:13:00
TX000495,CUST00057,5029.74,Debit Card,expired_card,0,1,965,0,0,0,0.52,1,2026-08-25 20:50:00
TX000496,CUST02144,1879.78,Debit Card,insufficient_funds,1,0,1424,22,0,0,0.57,0,2026-08-24 23:24:00
TX000497,CUST00179,388.68,Debit Card,bank_timeout,0,1,109,14,0,1,0.59,1,2026-08-13 08:20:00
TX000498,CUST02716,906.56,Debit Card,authentication_failed,0,1,474,12,0,0,0.37,0,2026-08-23 01:22:00
TX000499,CUST02446,456.86,Wallet,bank_timeout,0,1,1149,22,1,0,0.62,1,2026-08-16 04:20:00
TX000500,CUST02007,275.12,Net Banking,network_error,0,1,728,20,0,0,0.67,0,2026-08-13 13:19:00
TX000501,CUST00254,2768.82,Debit Card,authentication_failed,3,0,1137,8,0,0,0.27,0,2026-08-07 05:55:00
TX000502,CUST00360,7401.34,Net Banking,insufficient_funds,1,2,1406,7,0,0,0.41,0,2026-08-15 05:12:00
TX000503,CUST02480,270.81,Debit Card,insufficient_funds,0,0,1190,17,0,0,0.63,1,2026-08-24 20:08:00
TX000504,CUST00554,1925.55,Net Banking,suspicious_transaction,5,1,1344,18,0,0,0.02,0,2026-08-06 09:18:00
TX000505,CUST00755,572.12,Debit Card,authentication_failed,0,0,653,13,0,0,0.45,0,2026-08-29 23:36:00
TX000506,CUST01122,673.76,Credit Card,network_error,0,0,54,19,0,0,0.7,1,2026-08-28 03:23:00
TX000507,CUST00952,606.44,Credit Card,expired_card,0,1,275,16,0,0,0.47,0,2026-08-09 08:57:00
TX000508,CUST01588,462.21,Net Banking,insufficient_funds,0,0,67,13,0,1,0.5,1,2026-08-19 19:09:00
TX000509,CUST00912,1151.16,Credit Card,network_error,0,1,1264,15,0,0,0.67,0,2026-08-20 11:00:00
TX000510,CUST01659,477.73,UPI,expired_card,2,2,808,19,0,0,0.32,0,2026-08-30 04:34:00
TX000511,CUST02885,1437.21,UPI,insufficient_funds,1,0,504,16,0,0,0.57,1,2026-08-18 15:08:00
TX000512,CUST02115,1042.9,UPI,bank_timeout,0,1,586,14,0,0,0.72,0,2026-08-24 12:40:00
TX000513,CUST00583,863.55,Net Banking,authentication_failed,1,2,1026,3,0,0,0.23,0,2026-08-25 20:49:00
TX000514,CUST00555,442.5,Net Banking,insufficient_funds,1,0,930,18,0,0,0.57,0,2026-08-05 02:30:00
TX000515,CUST01025,615.99,Debit Card,expired_card,3,1,1472,23,0,0,0.34,0,2026-08-17 12:25:00
TX000516,CUST00350,2334.12,Wallet,network_error,2,1,776,17,0,0,0.55,0,2026-08-26 17:40:00
TX000517,CUST02702,1809.7,Credit Card,bank_timeout,0,0,860,9,0,0,0.8,1,2026-08-29 12:15:00
TX000518,CUST00741,412.59,UPI,authentication_failed,4,0,1276,8,1,0,0.11,0,2026-08-01 06:16:00
TX000519,CUST02491,1211.16,Net Banking,issuer_declined,1,1,930,13,0,0,0.36,1,2026-08-25 21:50:00
TX000520,CUST01140,2324.79,Wallet,expired_card,2,1,101,5,0,0,0.35,1,2026-08-02 11:25:00
TX000521,CUST02733,206.56,Wallet,authentication_failed,0,0,101,3,0,0,0.4,0,2026-08-28 19:28:00
TX000522,CUST02708,1888.16,Wallet,insufficient_funds,1,1,1186,11,0,1,0.41,1,2026-08-17 18:34:00
TX000523,CUST01553,565.31,UPI,network_error,3,0,600,15,0,0,0.57,1,2026-08-24 23:40:00
TX000524,CUST01695,1940.3,Wallet,bank_timeout,0,0,224,18,0,0,0.75,0,2026-08-23 00:17:00
TX000525,CUST02966,511.19,Wallet,suspicious_transaction,5,2,875,19,0,0,0.02,0,2026-08-29 08:44:00
TX000526,CUST01450,180.39,Credit Card,expired_card,1,2,1295,15,0,0,0.38,0,2026-08-14 05:17:00
TX000527,CUST00793,215.39,UPI,bank_timeout,1,0,425,19,0,0,0.74,1,2026-08-26 12:07:00
TX000528,CUST02612,1150.65,Credit Card,bank_timeout,0,1,522,2,0,0,0.72,1,2026-08-01 06:41:00
TX000529,CUST00467,1421.86,Debit Card,issuer_declined,2,0,360,6,0,0,0.33,0,2026-08-22 14:16:00
TX000530,CUST00146,443.94,Credit Card,insufficient_funds,1,2,687,14,0,0,0.41,0,2026-08-24 17:09:00
TX000531,CUST01227,2076.82,Wallet,network_error,0,0,427,18,0,0,0.75,0,2026-08-17 02:13:00
TX000532,CUST00272,208.2,Credit Card,issuer_declined,0,1,1284,17,0,0,0.42,1,2026-08-28 02:06:00
TX000533,CUST00479,1026.51,Debit Card,network_error,0,0,557,13,1,0,0.65,1,2026-08-14 18:33:00
TX000534,CUST00886,326.68,Wallet,issuer_declined,0,0,414,2,0,1,0.42,0,2026-08-23 18:11:00
TX000535,CUST00632,571.44,Credit Card,issuer_declined,1,2,636,10,0,0,0.28,0,2026-08-24 11:46:00
TX000536,CUST02772,1149.86,Credit Card,bank_timeout,0,1,1462,16,1,0,0.62,1,2026-08-28 01:07:00
TX000537,CUST00357,463.86,Debit Card,insufficient_funds,0,1,47,18,0,0,0.5,1,2026-08-10 03:03:00
TX000538,CUST00789,746.54,Debit Card,issuer_declined,0,1,1375,3,0,0,0.42,1,2026-08-29 08:25:00
TX000539,CUST02293,2999.78,Wallet,bank_timeout,1,2,653,8,0,0,0.58,1,2026-08-12 03:24:00
TX000540,CUST00702,615.91,UPI,issuer_declined,3,3,104,4,1,0,0.02,0,2026-08-18 10:59:00
TX000541,CUST00221,2529.29,UPI,insufficient_funds,0,1,1263,11,0,0,0.55,0,2026-08-25 06:42:00
TX000542,CUST00322,354.35,Net Banking,insufficient_funds,0,1,200,14,0,0,0.5,0,2026-08-22 09:57:00
TX000543,CUST00950,1862.74,Credit Card,bank_timeout,3,2,745,12,0,0,0.46,1,2026-08-15 18:43:00
TX000544,CUST01857,4635.82,Net Banking,bank_timeout,1,1,981,14,0,0,0.66,1,2026-08-27 03:42:00
TX000545,CUST00522,100.0,Wallet,bank_timeout,2,0,668,17,0,0,0.68,1,2026-08-19 05:47:00
TX000546,CUST02419,494.28,Net Banking,issuer_declined,0,0,988,12,1,0,0.4,0,2026-08-20 14:55:00
TX000547,CUST01784,1952.9,Wallet,network_error,1,0,355,21,0,0,0.64,0,2026-08-23 03:31:00
TX000548,CUST00469,895.12,Wallet,insufficient_funds,0,0,912,5,0,0,0.63,1,2026-08-28 03:26:00
TX000549,CUST01553,1589.45,Debit Card,insufficient_funds,1,0,446,4,0,0,0.57,0,2026-08-01 00:12:00
TX000550,CUST00601,599.45,Credit Card,insufficient_funds,0,1,401,6,0,0,0.55,0,2026-08-14 20:38:00
TX000551,CUST01781,1195.82,Debit Card,suspicious_transaction,1,2,1046,12,0,0,0.02,0,2026-08-25 23:31:00
TX000552,CUST00218,938.54,UPI,network_error,2,2,225,9,0,0,0.42,0,2026-08-18 22:38:00
TX000553,CUST02561,3525.52,Debit Card,network_error,0,1,1117,6,0,0,0.67,1,2026-08-18 12:04:00
TX000554,CUST01476,1414.34,Net Banking,bank_timeout,5,1,276,0,1,1,0.19,0,2026-08-23 03:36:00
TX000555,CUST02695,1537.02,Net Banking,suspicious_transaction,0,0,1316,13,0,0,0.2,0,2026-08-20 08:58:00
TX000556,CUST02553,726.42,Credit Card,insufficient_funds,0,1,788,11,0,0,0.55,1,2026-08-23 16:07:00
TX000557,CUST02994,673.44,Credit Card,network_error,0,1,69,1,0,0,0.62,1,2026-08-22 21:57:00
TX000558,CUST02829,711.55,UPI,bank_timeout,2,2,953,16,1,0,0.42,1,2026-08-22 12:02:00
TX000559,CUST02584,1626.93,UPI,expired_card,1,2,640,19,1,0,0.28,0,2026-08-22 08:07:00
TX000560,CUST01860,719.83,Wallet,authentication_failed,1,1,863,11,0,0,0.31,1,2026-08-02 14:35:00
TX000561,CUST02847,1465.24,Wallet,network_error,2,2,126,20,0,0,0.42,1,2026-08-14 06:40:00
TX000562,CUST02558,8737.69,UPI,issuer_declined,0,0,570,8,0,0,0.5,0,2026-08-01 15:30:00
TX000563,CUST00457,2620.51,Wallet,bank_timeout,1,0,1350,14,0,0,0.74,0,2026-08-11 17:59:00
TX000564,CUST01987,791.54,Credit Card,network_error,3,2,173,4,0,0,0.36,0,2026-08-19 19:02:00
TX000565,CUST01570,3645.37,Credit Card,expired_card,2,1,432,18,0,0,0.4,0,2026-08-06 06:41:00
TX000566,CUST00216,729.18,Credit Card,insufficient_funds,1,1,1091,7,0,0,0.49,1,2026-08-07 14:32:00
TX000567,CUST02173,142.86,Net Banking,bank_timeout,4,3,783,21,0,0,0.32,0,2026-08-05 10:20:00
TX000568,CUST02177,400.18,Debit Card,suspicious_transaction,0,1,687,8,0,1,0.04,0,2026-08-18 19:14:00
TX000569,CUST01889,168.88,Credit Card,network_error,1,0,1065,10,0,0,0.69,1,2026-08-01 11:33:00
TX000570,CUST02756,771.62,UPI,authentication_failed,0,0,1076,3,0,0,0.45,0,2026-08-12 11:08:00
TX000571,CUST00791,1117.02,UPI,bank_timeout,0,0,1228,20,0,0,0.8,1,2026-08-28 12:28:00
TX000572,CUST00533,5863.12,Net Banking,expired_card,3,1,228,22,0,0,0.29,0,2026-08-04 10:42:00
TX000573,CUST02617,1520.7,Net Banking,suspicious_transaction,0,1,1418,21,0,0,0.12,0,2026-08-04 08:49:00
TX000574,CUST01136,880.86,UPI,issuer_declined,0,0,529,8,0,1,0.42,0,2026-08-10 03:11:00
TX000575,CUST02500,2513.43,Net Banking,bank_timeout,1,0,1108,13,0,0,0.74,0,2026-08-12 18:53:00
TX000576,CUST00424,120.16,UPI,bank_timeout,1,1,914,0,0,0,0.66,1,2026-08-02 17:19:00
TX000577,CUST02723,1387.99,Net Banking,issuer_declined,2,3,1177,0,0,0,0.14,0,2026-08-20 20:17:00
TX000578,CUST01655,2370.52,UPI,insufficient_funds,0,1,249,18,0,0,0.5,1,2026-08-14 18:46:00
TX000579,CUST01641,249.99,UPI,expired_card,4,0,749,17,0,0,0.36,0,2026-08-14 04:42:00
TX000580,CUST02654,3441.81,Credit Card,bank_timeout,0,1,1354,6,0,0,0.72,1,2026-08-17 08:24:00
TX000581,CUST01993,1538.4,UPI,authentication_failed,0,0,287,1,0,0,0.4,0,2026-08-23 06:22:00
TX000582,CUST01593,723.94,UPI,network_error,1,1,1094,14,0,1,0.53,1,2026-08-16 08:52:00
TX000583,CUST02954,2064.79,UPI,insufficient_funds,0,1,1389,17,0,0,0.55,0,2026-08-02 16:16:00
TX000584,CUST00580,10622.11,Net Banking,expired_card,1,2,94,7,0,0,0.33,1,2026-08-03 06:34:00
TX000585,CUST01259,1315.36,UPI,insufficient_funds,0,0,218,3,0,0,0.58,1,2026-08-10 05:20:00
TX000586,CUST01746,1405.6,Debit Card,network_error,5,3,665,3,0,0,0.21,1,2026-08-10 16:54:00
TX000587,CUST00187,692.73,Wallet,bank_timeout,0,1,290,13,0,0,0.67,1,2026-08-12 02:07:00
TX000588,CUST02384,468.79,UPI,bank_timeout,2,3,324,0,0,1,0.31,1,2026-08-05 01:21:00
TX000589,CUST02895,2515.77,Wallet,authentication_failed,0,1,1418,4,0,0,0.37,0,2026-08-19 18:02:00
TX000590,CUST00980,465.87,Credit Card,expired_card,0,0,1469,15,0,1,0.52,0,2026-08-14 16:59:00
TX000591,CUST01425,1177.99,Net Banking,bank_timeout,0,0,1086,3,0,0,0.8,0,2026-08-24 02:22:00
TX000592,CUST00899,680.17,Net Banking,network_error,1,1,109,6,1,0,0.46,0,2026-08-22 14:11:00
TX000593,CUST02038,1770.43,Credit Card,bank_timeout,4,0,1321,11,0,0,0.56,1,2026-08-21 14:57:00
TX000594,CUST00178,1530.98,UPI,network_error,4,1,324,0,0,0,0.38,0,2026-08-21 05:51:00
TX000595,CUST02428,3094.99,Wallet,issuer_declined,0,1,472,3,0,1,0.34,0,2026-08-10 02:24:00
TX000596,CUST01539,658.51,Credit Card,bank_timeout,1,0,893,4,0,0,0.74,1,2026-08-17 23:56:00
TX000597,CUST00559,837.25,Net Banking,network_error,1,1,415,10,0,0,0.61,1,2026-08-07 05:05:00
TX000598,CUST00456,412.09,Net Banking,insufficient_funds,0,1,451,9,0,0,0.55,0,2026-08-28 19:57:00
TX000599,CUST00697,703.25,Wallet,suspicious_transaction,3,0,844,16,0,0,0.02,0,2026-08-22 01:27:00
TX000600,CUST01144,1599.27,UPI,network_error,2,1,508,10,0,0,0.55,0,2026-08-07 18:42:00
TX000601,CUST02350,2337.85,UPI,insufficient_funds,0,1,1033,1,0,0,0.55,0,2026-08-05 11:02:00
TX000602,CUST01854,436.08,Net Banking,issuer_declined,1,0,1420,23,0,0,0.44,1,2026-08-11 21:07:00
TX000603,CUST02653,2616.53,UPI,bank_timeout,1,0,1441,14,0,0,0.74,1,2026-08-21 16:48:00
TX000604,CUST01900,4254.1,Credit Card,authentication_failed,0,1,1284,14,0,1,0.29,0,2026-08-18 12:23:00
TX000605,CUST02830,1658.11,Debit Card,insufficient_funds,0,1,1430,19,0,0,0.55,0,2026-08-04 16:25:00
TX000606,CUST02542,7163.8,Debit Card,network_error,0,1,106,3,0,0,0.62,1,2026-08-17 16:14:00
TX000607,CUST00718,505.84,Wallet,network_error,1,0,284,10,0,0,0.64,1,2026-08-27 09:38:00
TX000608,CUST02879,315.87,Credit Card,network_error,2,2,723,8,0,0,0.47,1,2026-08-17 23:12:00
TX000609,CUST01415,185.17,Net Banking,insufficient_funds,1,0,963,22,0,0,0.57,0,2026-08-21 13:40:00
TX000610,CUST02544,4895.37,Debit Card,network_error,4,0,386,14,1,0,0.41,1,2026-08-04 12:02:00
TX000611,CUST00448,2109.84,Credit Card,issuer_declined,1,1,309,6,0,0,0.31,1,2026-08-25 15:23:00
TX000612,CUST00541,1037.34,Net Banking,issuer_declined,0,0,598,6,1,0,0.4,1,2026-08-24 15:33:00
TX000613,CUST02641,1450.94,Debit Card,insufficient_funds,0,1,996,18,0,0,0.55,1,2026-08-21 20:15:00
TX000614,CUST01246,355.85,Wallet,bank_timeout,2,1,533,7,0,0,0.6,0,2026-08-03 03:41:00
TX000615,CUST00608,12654.3,Debit Card,issuer_declined,4,1,1458,17,0,0,0.18,0,2026-08-07 23:38:00
TX000616,CUST00661,1247.9,Credit Card,bank_timeout,5,1,903,8,0,0,0.42,0,2026-08-15 10:11:00
TX000617,CUST01409,1223.41,Credit Card,issuer_declined,1,0,1093,9,0,1,0.36,0,2026-08-07 14:47:00
TX000618,CUST01877,2265.99,Debit Card,bank_timeout,5,2,1326,22,0,0,0.34,0,2026-08-27 02:39:00
TX000619,CUST02732,1774.03,Credit Card,network_error,2,3,694,22,1,0,0.29,1,2026-08-26 01:47:00
TX000620,CUST00479,1371.81,Debit Card,bank_timeout,1,0,914,11,1,1,0.56,0,2026-08-27 13:15:00
TX000621,CUST02157,497.47,Credit Card,network_error,2,1,47,2,0,0,0.5,0,2026-08-04 23:26:00
TX000622,CUST02097,1757.18,Net Banking,bank_timeout,0,0,1366,11,0,0,0.8,1,2026-08-18 13:44:00
TX000623,CUST01528,7201.36,UPI,issuer_declined,0,1,1149,2,0,0,0.42,0,2026-08-19 21:57:00
TX000624,CUST01813,4210.85,Debit Card,bank_timeout,2,3,1493,13,0,0,0.44,1,2026-08-10 10:57:00
TX000625,CUST01243,5394.78,Net Banking,suspicious_transaction,1,1,136,18,0,1,0.02,0,2026-08-13 10:32:00
TX000626,CUST01698,657.72,Credit Card,insufficient_funds,2,1,409,5,0,0,0.43,0,2026-08-14 17:51:00
TX000627,CUST02398,407.64,Debit Card,insufficient_funds,2,1,55,0,0,0,0.38,0,2026-08-29 23:17:00
TX000628,CUST01936,967.01,UPI,expired_card,3,3,368,15,0,0,0.18,1,2026-08-13 14:47:00
TX000629,CUST02020,1159.48,UPI,insufficient_funds,0,1,1159,13,0,0,0.55,1,2026-08-06 10:37:00
TX000630,CUST01529,3275.39,Wallet,network_error,0,1,334,18,1,0,0.52,0,2026-08-07 03:59:00
TX000631,CUST01464,201.85,Credit Card,bank_timeout,0,1,100,9,0,0,0.67,1,2026-08-09 19:41:00
TX000632,CUST02573,5062.17,Credit Card,network_error,1,0,1114,10,0,0,0.69,1,2026-08-14 16:51:00
TX000633,CUST01112,936.35,Debit Card,bank_timeout,1,0,27,4,0,0,0.69,1,2026-08-16 11:42:00
TX000634,CUST00668,715.6,UPI,bank_timeout,1,0,1145,19,0,0,0.74,0,2026-08-26 01:57:00
TX000635,CUST02877,398.57,UPI,insufficient_funds,3,0,269,0,0,0,0.4,1,2026-08-21 02:42:00
TX000636,CUST02448,209.59,Wallet,network_error,0,1,59,23,0,0,0.62,0,2026-08-07 11:29:00
TX000637,CUST02819,2497.81,Credit Card,issuer_declined,0,0,871,22,0,0,0.5,1,2026-08-23 00:56:00
TX000638,CUST01767,1180.06,UPI,bank_timeout,0,0,961,3,0,1,0.72,1,2026-08-01 11:13:00
TX000639,CUST00396,301.88,UPI,suspicious_transaction,0,0,379,21,0,1,0.12,0,2026-08-13 14:58:00
TX000640,CUST02375,300.34,Debit Card,issuer_declined,3,1,1035,18,1,0,0.14,0,2026-08-25 01:37:00
TX000641,CUST00889,783.85,Credit Card,suspicious_transaction,0,0,1486,3,0,0,0.2,0,2026-08-22 14:30:00
TX000642,CUST01502,5819.8,Wallet,bank_timeout,1,0,371,11,0,0,0.74,1,2026-08-19 13:11:00
TX000643,CUST00463,845.91,Debit Card,bank_timeout,0,0,1016,11,0,0,0.8,1,2026-08-15 22:23:00
TX000644,CUST02023,243.92,UPI,issuer_declined,1,2,639,21,0,0,0.28,0,2026-08-14 05:24:00
TX000645,CUST01753,857.7,Credit Card,authentication_failed,3,3,1391,11,0,0,0.03,0,2026-08-05 18:52:00
TX000646,CUST01624,834.87,Net Banking,insufficient_funds,1,0,294,12,0,0,0.52,1,2026-08-08 16:17:00
TX000647,CUST00266,100.0,Debit Card,suspicious_transaction,0,1,252,7,0,0,0.07,0,2026-08-27 11:36:00
TX000648,CUST02432,1038.68,Debit Card,network_error,2,3,730,15,0,0,0.39,0,2026-08-24 06:36:00
TX000649,CUST01143,870.5,Credit Card,network_error,0,1,1003,15,0,0,0.67,1,2026-08-03 09:43:00
TX000650,CUST00280,2199.99,Net Banking,expired_card,5,3,1239,21,0,0,0.06,0,2026-08-04 11:34:00
TX000651,CUST02708,6967.11,Wallet,network_error,2,1,602,21,0,0,0.55,1,2026-08-25 14:24:00
TX000652,CUST02239,3383.16,UPI,suspicious_transaction,0,1,244,12,0,0,0.07,0,2026-08-02 15:18:00
TX000653,CUST00135,838.08,Credit Card,insufficient_funds,3,2,1447,5,0,0,0.29,0,2026-08-23 04:25:00
TX000654,CUST00449,362.66,Wallet,expired_card,1,2,1105,18,0,0,0.38,1,2026-08-03 12:52:00
TX000655,CUST01604,14376.64,Debit Card,insufficient_funds,5,2,583,10,1,0,0.07,0,2026-08-17 16:13:00
TX000656,CUST01429,1163.54,Wallet,bank_timeout,3,2,780,3,0,0,0.46,1,2026-08-03 13:39:00
TX000657,CUST02709,1112.02,Credit Card,issuer_declined,1,2,174,22,1,0,0.13,0,2026-08-01 21:31:00
TX000658,CUST02206,1070.49,Debit Card,bank_timeout,1,1,1164,16,0,0,0.66,0,2026-08-27 18:14:00
TX000659,CUST00092,1336.87,Debit Card,issuer_declined,0,0,1001,3,0,0,0.5,1,2026-08-16 10:52:00
TX000660,CUST00683,949.22,Wallet,issuer_declined,4,1,1018,20,0,0,0.18,0,2026-08-25 09:16:00
TX000661,CUST00877,617.91,Debit Card,issuer_declined,0,1,463,19,0,1,0.34,0,2026-08-05 07:28:00
TX000662,CUST02425,634.69,Debit Card,issuer_declined,1,2,974,13,0,0,0.28,0,2026-08-14 17:41:00
TX000663,CUST02068,1061.3,Debit Card,insufficient_funds,1,0,849,12,0,0,0.57,0,2026-08-25 22:05:00
TX000664,CUST00740,636.88,UPI,expired_card,1,0,1182,15,0,0,0.54,0,2026-08-22 06:24:00
TX000665,CUST01098,537.62,Wallet,network_error,3,3,1160,23,0,0,0.33,0,2026-08-07 17:22:00
TX000666,CUST00985,1219.79,Credit Card,network_error,2,3,841,10,0,0,0.39,0,2026-08-19 18:29:00
TX000667,CUST01094,849.82,Debit Card,expired_card,0,0,832,7,1,0,0.5,1,2026-08-15 03:11:00
TX000668,CUST01902,4934.43,Net Banking,insufficient_funds,0,0,414,5,0,1,0.55,0,2026-08-13 15:24:00
TX000669,CUST02698,100.0,Wallet,bank_timeout,3,3,41,1,0,1,0.25,0,2026-08-03 21:26:00
TX000670,CUST01668,3266.61,Debit Card,expired_card,3,3,1484,4,0,0,0.18,0,2026-08-06 11:46:00
TX000671,CUST02138,3812.67,Wallet,suspicious_transaction,4,2,1017,2,0,0,0.02,0,2026-08-15 23:40:00
TX000672,CUST02394,137.91,Net Banking,network_error,2,3,447,4,1,0,0.29,1,2026-08-19 14:03:00
TX000673,CUST01042,778.46,Wallet,bank_timeout,1,2,232,10,0,0,0.53,1,2026-08-13 15:21:00
TX000674,CUST00594,756.39,Debit Card,insufficient_funds,0,1,44,20,0,0,0.5,0,2026-08-03 11:43:00
TX000675,CUST02830,268.4,Credit Card,issuer_declined,0,1,1404,3,0,0,0.42,0,2026-08-01 08:35:00
TX000676,CUST01610,503.8,Debit Card,issuer_declined,4,1,610,6,0,0,0.18,0,2026-08-15 10:26:00
TX000677,CUST02640,361.2,Net Banking,network_error,0,0,1007,15,0,0,0.75,1,2026-08-20 05:20:00
TX000678,CUST00412,6325.03,Credit Card,expired_card,1,1,862,19,0,0,0.46,1,2026-08-02 05:52:00
TX000679,CUST00214,2795.25,Credit Card,expired_card,2,1,7,12,0,0,0.35,0,2026-08-06 01:03:00
TX000680,CUST00647,3911.03,Credit Card,insufficient_funds,4,1,1217,21,0,0,0.31,0,2026-08-07 01:49:00
TX000681,CUST01068,2256.73,Credit Card,expired_card,2,2,407,2,0,0,0.32,0,2026-08-26 23:01:00
TX000682,CUST00920,354.59,UPI,suspicious_transaction,4,1,183,14,0,0,0.02,0,2026-08-19 06:02:00
TX000683,CUST02532,649.03,Net Banking,expired_card,0,1,349,18,1,0,0.37,0,2026-08-21 15:34:00
TX000684,CUST02760,1788.93,Net Banking,bank_timeout,2,1,546,9,0,0,0.6,1,2026-08-10 09:40:00
TX000685,CUST02458,323.07,Credit Card,suspicious_transaction,0,0,857,5,0,0,0.2,0,2026-08-12 21:57:00
TX000686,CUST00965,2237.24,Wallet,insufficient_funds,0,1,176,0,0,0,0.5,0,2026-08-19 02:14:00
TX000687,CUST02814,862.36,Credit Card,network_error,2,2,150,3,0,1,0.34,0,2026-08-22 10:23:00
TX000688,CUST01452,753.84,Wallet,suspicious_transaction,4,0,11,8,0,0,0.02,0,2026-08-17 21:07:00
TX000689,CUST00542,2232.68,Wallet,bank_timeout,0,0,1032,15,0,0,0.8,1,2026-08-15 10:35:00
TX000690,CUST02910,1710.03,Wallet,insufficient_funds,0,1,91,4,0,0,0.5,1,2026-08-17 09:51:00
TX000691,CUST01762,764.36,Debit Card,authentication_failed,0,1,1059,10,0,0,0.37,0,2026-08-23 08:36:00
TX000692,CUST00620,3495.84,Wallet,authentication_failed,1,1,109,6,0,0,0.26,1,2026-08-12 20:14:00
TX000693,CUST00670,372.02,Net Banking,insufficient_funds,5,3,84,14,0,0,0.04,0,2026-08-23 10:28:00
TX000694,CUST00461,2030.29,Credit Card,bank_timeout,0,1,370,5,0,0,0.72,1,2026-08-27 15:42:00
TX000695,CUST00870,1984.46,Wallet,suspicious_transaction,0,0,853,2,0,0,0.2,1,2026-08-15 22:58:00
TX000696,CUST00107,804.69,Debit Card,expired_card,1,1,766,18,0,0,0.46,1,2026-08-02 07:32:00
TX000697,CUST00333,1519.49,Net Banking,authentication_failed,1,1,1287,8,0,1,0.23,0,2026-08-30 20:42:00
TX000698,CUST02550,313.84,Net Banking,issuer_declined,2,1,433,1,0,0,0.3,0,2026-08-04 05:14:00
TX000699,CUST02242,2762.87,Wallet,issuer_declined,0,0,492,12,1,0,0.4,1,2026-08-19 07:31:00
TX000700,CUST01168,911.51,Credit Card,bank_timeout,1,1,636,21,0,0,0.66,1,2026-08-17 17:21:00
TX000701,CUST02100,650.2,Credit Card,insufficient_funds,3,3,550,18,0,1,0.13,0,2026-08-17 18:12:00
TX000702,CUST02515,3130.69,Credit Card,insufficient_funds,0,0,1052,10,0,0,0.63,0,2026-08-08 01:22:00
TX000703,CUST02029,542.21,Wallet,expired_card,1,1,959,13,1,0,0.36,1,2026-08-06 19:34:00
TX000704,CUST02803,268.15,Debit Card,authentication_failed,1,1,1165,1,0,0,0.31,0,2026-08-24 05:46:00
TX000705,CUST01741,231.22,Net Banking,bank_timeout,1,2,519,11,0,1,0.5,0,2026-08-06 04:26:00
TX000706,CUST02710,2010.24,Net Banking,bank_timeout,0,1,93,2,0,0,0.67,1,2026-08-21 16:58:00
TX000707,CUST02746,304.77,Net Banking,expired_card,0,0,433,5,1,0,0.5,1,2026-08-05 20:08:00
TX000708,CUST01777,6341.02,Wallet,bank_timeout,0,0,352,20,0,0,0.75,0,2026-08-28 09:25:00
TX000709,CUST02974,136.74,Net Banking,issuer_declined,2,2,1415,21,0,0,0.22,0,2026-08-04 23:43:00
TX000710,CUST00513,5981.68,Credit Card,bank_timeout,0,0,1426,6,0,0,0.8,1,2026-08-30 13:41:00
TX000711,CUST00991,1354.27,Net Banking,authentication_failed,3,1,177,9,0,0,0.14,0,2026-08-06 07:12:00
TX000712,CUST00681,995.54,Credit Card,network_error,0,1,966,0,0,0,0.67,1,2026-08-26 21:58:00
TX000713,CUST01605,635.93,UPI,issuer_declined,0,1,852,15,0,0,0.42,0,2026-08-14 05:36:00
TX000714,CUST00152,1634.57,Net Banking,issuer_declined,1,2,1253,21,0,0,0.28,1,2026-08-03 18:18:00
TX000715,CUST02164,1056.13,UPI,insufficient_funds,0,0,549,20,0,0,0.63,1,2026-08-30 09:48:00
TX000716,CUST01421,3305.36,Net Banking,expired_card,0,1,1488,6,0,0,0.52,1,2026-08-27 17:52:00
TX000717,CUST02806,1229.33,Debit Card,suspicious_transaction,3,3,269,9,0,0,0.02,0,2026-08-30 16:42:00
TX000718,CUST01476,1274.49,Net Banking,network_error,3,1,579,22,0,0,0.49,1,2026-08-10 01:53:00
TX000719,CUST00641,762.34,Wallet,insufficient_funds,2,3,622,7,0,1,0.19,1,2026-08-12 20:52:00
TX000720,CUST01463,1035.93,Credit Card,bank_timeout,3,0,131,10,0,0,0.57,1,2026-08-11 04:46:00
TX000721,CUST01993,1491.89,Debit Card,suspicious_transaction,2,0,1141,8,0,0,0.08,0,2026-08-28 12:02:00
TX000722,CUST02743,198.31,UPI,network_error,4,3,937,3,0,0,0.27,0,2026-08-05 15:16:00
TX000723,CUST02304,284.81,UPI,insufficient_funds,0,0,421,11,0,0,0.63,1,2026-08-24 00:34:00
TX000724,CUST02042,2305.99,UPI,bank_timeout,0,0,252,6,0,0,0.75,0,2026-08-12 03:57:00
TX000725,CUST01941,1300.97,Debit Card,issuer_declined,0,1,763,22,0,0,0.42,0,2026-08-07 21:35:00
TX000726,CUST02170,912.34,Net Banking,network_error,0,1,847,13,0,0,0.67,1,2026-08-17 11:09:00
TX000727,CUST00122,1117.04,Net Banking,bank_timeout,0,0,174,10,0,0,0.75,1,2026-08-03 19:08:00
TX000728,CUST01611,1552.44,UPI,expired_card,1,2,119,20,0,0,0.33,0,2026-08-14 11:00:00
TX000729,CUST01718,639.21,Net Banking,authentication_failed,2,2,1478,23,0,0,0.17,0,2026-08-25 00:29:00
TX000730,CUST02501,503.56,Credit Card,network_error,0,0,1115,19,0,0,0.75,1,2026-08-30 12:36:00
TX000731,CUST01657,1333.88,Credit Card,authentication_failed,0,1,799,23,0,0,0.37,0,2026-08-25 14:41:00
TX000732,CUST01163,412.25,Credit Card,bank_timeout,1,2,698,20,0,1,0.5,0,2026-08-27 23:10:00
TX000733,CUST01060,1649.54,Credit Card,authentication_failed,0,1,1035,3,0,0,0.37,1,2026-08-24 02:19:00
TX000734,CUST01452,199.82,UPI,bank_timeout,1,0,920,9,0,1,0.66,1,2026-08-11 17:52:00
TX000735,CUST02383,3069.15,Wallet,network_error,4,1,718,9,0,0,0.43,0,2026-08-07 08:53:00
TX000736,CUST02926,1759.17,Net Banking,insufficient_funds,0,1,1058,18,0,0,0.55,1,2026-08-07 16:04:00
TX000737,CUST02915,1416.62,Net Banking,authentication_failed,0,0,871,4,0,0,0.45,1,2026-08-24 22:48:00
TX000738,CUST01650,2929.8,Wallet,insufficient_funds,2,2,1197,15,0,0,0.35,0,2026-08-23 06:42:00
TX000739,CUST02998,5799.2,Net Banking,authentication_failed,0,0,993,22,0,0,0.45,0,2026-08-25 01:57:00
TX000740,CUST00484,3024.1,Credit Card,insufficient_funds,0,0,1145,11,0,0,0.63,0,2026-08-06 00:30:00
TX000741,CUST00496,174.01,Debit Card,insufficient_funds,0,0,242,11,0,0,0.58,1,2026-08-02 06:33:00
TX000742,CUST00586,305.03,Credit Card,network_error,0,1,581,6,0,0,0.67,1,2026-08-25 22:03:00
TX000743,CUST01429,587.09,UPI,authentication_failed,0,1,1159,14,0,0,0.37,0,2026-08-28 13:35:00
TX000744,CUST00544,1125.62,Credit Card,insufficient_funds,1,1,1367,14,0,0,0.49,1,2026-08-29 10:24:00
TX000745,CUST02722,1840.25,Wallet,insufficient_funds,0,1,695,17,1,0,0.45,1,2026-08-13 14:58:00
TX000746,CUST02646,530.73,UPI,authentication_failed,2,2,1150,20,0,0,0.17,0,2026-08-29 03:47:00
TX000747,CUST02220,1321.82,Wallet,network_error,4,1,975,16,0,0,0.43,0,2026-08-09 04:19:00
TX000748,CUST00078,515.23,Debit Card,network_error,0,1,174,17,0,0,0.62,1,2026-08-02 01:24:00
TX000749,CUST01393,594.95,Net Banking,bank_timeout,0,1,783,8,1,0,0.62,1,2026-08-13 23:40:00
TX000750,CUST00590,268.63,Credit Card,issuer_declined,0,1,835,21,0,0,0.42,1,2026-08-02 05:40:00
TX000751,CUST02922,435.62,UPI,issuer_declined,0,0,846,10,0,0,0.5,0,2026-08-03 08:39:00
TX000752,CUST00830,283.81,Credit Card,network_error,1,1,1042,16,0,0,0.61,1,2026-08-22 03:42:00
TX000753,CUST02266,413.28,Net Banking,bank_timeout,0,0,39,8,0,0,0.75,1,2026-08-26 05:53:00
TX000754,CUST02669,3145.23,Credit Card,issuer_declined,0,0,1303,16,0,0,0.5,1,2026-08-08 15:42:00
TX000755,CUST01005,424.37,Wallet,suspicious_transaction,4,3,86,0,0,0,0.02,0,2026-08-30 17:18:00
TX000756,CUST00686,15250.72,UPI,bank_timeout,4,2,1225,8,0,0,0.4,1,2026-08-29 18:32:00
TX000757,CUST00872,1796.0,Wallet,authentication_failed,0,0,1094,18,1,1,0.27,0,2026-08-07 08:32:00
TX000758,CUST02970,1319.27,Wallet,suspicious_transaction,3,1,1251,16,0,0,0.02,0,2026-08-16 14:14:00
TX000759,CUST02602,464.82,Debit Card,suspicious_transaction,2,2,504,21,0,0,0.02,0,2026-08-28 06:49:00
TX000760,CUST01346,2209.03,UPI,authentication_failed,0,0,1247,15,1,1,0.27,1,2026-08-26 07:04:00
TX000761,CUST02853,616.69,Net Banking,network_error,1,2,1334,2,0,0,0.53,0,2026-08-21 06:15:00
TX000762,CUST02754,1238.94,UPI,issuer_declined,2,2,793,5,0,0,0.22,0,2026-08-06 16:16:00
TX000763,CUST01896,14187.05,Debit Card,suspicious_transaction,0,0,41,8,0,0,0.15,0,2026-08-28 22:02:00
TX000764,CUST02561,996.19,Debit Card,network_error,0,1,744,1,0,0,0.67,0,2026-08-10 12:22:00
TX000765,CUST00030,3460.86,Credit Card,suspicious_transaction,1,0,569,18,0,0,0.14,0,2026-08-26 17:54:00
TX000766,CUST02754,542.84,Wallet,insufficient_funds,0,0,134,4,0,0,0.58,1,2026-08-24 19:20:00
TX000767,CUST02986,1058.93,Debit Card,bank_timeout,1,2,1389,17,0,0,0.58,0,2026-08-01 02:08:00
TX000768,CUST01750,6443.33,UPI,authentication_failed,0,1,562,3,0,0,0.37,1,2026-08-02 23:28:00
TX000769,CUST02955,585.83,Credit Card,bank_timeout,3,3,648,0,0,0,0.38,0,2026-08-02 03:42:00
TX000770,CUST00925,6717.35,Net Banking,suspicious_transaction,3,1,337,10,0,0,0.02,0,2026-08-22 20:15:00
TX000771,CUST01770,2225.53,UPI,insufficient_funds,1,1,513,7,1,0,0.39,1,2026-08-03 11:27:00
TX000772,CUST01367,624.86,Wallet,network_error,4,3,196,20,0,0,0.22,0,2026-08-02 12:25:00
TX000773,CUST01546,2064.01,Debit Card,authentication_failed,1,0,127,14,1,0,0.24,0,2026-08-05 15:13:00
TX000774,CUST02776,2900.26,UPI,insufficient_funds,0,1,823,3,0,0,0.55,0,2026-08-29 09:34:00
TX000775,CUST00044,2042.26,Net Banking,issuer_declined,2,0,696,20,0,0,0.38,0,2026-08-15 22:28:00
TX000776,CUST02408,228.1,Credit Card,bank_timeout,0,0,1215,6,0,0,0.8,1,2026-08-17 04:10:00
TX000777,CUST01725,529.99,Net Banking,network_error,0,0,282,1,1,0,0.6,1,2026-08-30 15:50:00
TX000778,CUST01466,856.18,Debit Card,insufficient_funds,1,0,302,15,0,0,0.52,1,2026-08-01 08:49:00
TX000779,CUST02121,1017.97,Wallet,expired_card,0,0,1039,17,0,0,0.6,1,2026-08-10 02:51:00
TX000780,CUST02624,2039.93,Credit Card,network_error,0,1,1423,22,0,0,0.67,1,2026-08-27 07:46:00
TX000781,CUST02319,1309.89,Debit Card,expired_card,0,0,215,14,0,0,0.55,1,2026-08-01 04:02:00
TX000782,CUST02617,288.49,Credit Card,expired_card,1,0,490,15,0,0,0.54,1,2026-08-18 02:35:00
TX000783,CUST00841,1603.91,Net Banking,bank_timeout,5,2,21,2,0,0,0.29,1,2026-08-21 01:02:00
TX000784,CUST00797,2019.46,Wallet,authentication_failed,0,0,408,6,0,0,0.45,1,2026-08-08 22:21:00
TX000785,CUST01392,1919.44,Wallet,issuer_declined,0,0,537,3,1,0,0.4,1,2026-08-06 01:12:00
TX000786,CUST01387,3231.76,Credit Card,issuer_declined,0,1,1354,5,0,0,0.42,0,2026-08-20 17:44:00
TX000787,CUST02913,2524.81,UPI,bank_timeout,3,1,389,6,0,0,0.54,1,2026-08-20 13:10:00
TX000788,CUST02606,1735.72,Credit Card,suspicious_transaction,2,1,1097,9,0,0,0.02,0,2026-08-13 17:54:00
TX000789,CUST00518,1022.32,Wallet,suspicious_transaction,3,1,1490,2,0,0,0.02,0,2026-08-08 14:52:00
TX000790,CUST02084,208.31,Net Banking,network_error,1,2,767,15,0,0,0.53,0,2026-08-24 21:57:00
TX000791,CUST02845,1685.16,Net Banking,network_error,1,1,1191,12,0,0,0.61,0,2026-08-10 10:19:00
TX000792,CUST00900,1349.77,Credit Card,insufficient_funds,0,0,627,13,0,0,0.63,0,2026-08-18 00:37:00
TX000793,CUST01043,1438.82,Wallet,bank_timeout,2,2,911,16,0,0,0.52,1,2026-08-29 06:26:00
TX000794,CUST01378,305.9,Net Banking,insufficient_funds,0,1,1019,10,0,1,0.47,1,2026-08-13 02:07:00
TX000795,CUST02644,372.02,UPI,issuer_declined,0,0,567,7,1,1,0.32,1,2026-08-10 02:47:00
TX000796,CUST01368,3143.69,Credit Card,expired_card,0,1,391,22,0,0,0.52,0,2026-08-25 17:14:00
TX000797,CUST01070,1054.1,UPI,network_error,0,1,828,12,0,0,0.67,1,2026-08-30 18:26:00
TX000798,CUST02100,2167.87,Credit Card,authentication_failed,0,0,972,7,0,0,0.45,0,2026-08-21 23:58:00
TX000799,CUST01396,1128.13,UPI,issuer_declined,0,1,430,14,0,0,0.42,1,2026-08-27 06:47:00
TX000800,CUST00526,1129.76,Debit Card,suspicious_transaction,0,1,696,7,0,0,0.12,0,2026-08-25 11:12:00
TX000801,CUST01228,2802.55,Debit Card,insufficient_funds,1,0,285,4,0,0,0.52,0,2026-08-28 10:38:00
TX000802,CUST02490,654.55,Wallet,authentication_failed,5,1,801,2,0,0,0.07,0,2026-08-26 22:03:00
TX000803,CUST01850,1207.27,Debit Card,bank_timeout,0,0,66,22,0,1,0.67,1,2026-08-18 13:29:00
TX000804,CUST01163,690.71,Credit Card,issuer_declined,1,0,932,1,0,1,0.36,1,2026-08-19 16:46:00
TX000805,CUST01602,710.17,Credit Card,suspicious_transaction,0,1,980,23,1,0,0.02,0,2026-08-06 21:55:00
TX000806,CUST00843,804.99,Debit Card,insufficient_funds,2,3,326,19,0,0,0.22,1,2026-08-21 21:18:00
TX000807,CUST01129,1369.41,Credit Card,bank_timeout,0,0,818,19,0,0,0.8,0,2026-08-23 08:15:00
TX000808,CUST01885,679.43,Net Banking,insufficient_funds,2,2,1324,14,0,0,0.35,0,2026-08-18 19:10:00
TX000809,CUST02511,3849.72,Credit Card,insufficient_funds,0,1,938,12,0,0,0.55,0,2026-08-18 21:51:00
TX000810,CUST02862,448.27,UPI,issuer_declined,3,2,1287,17,0,0,0.16,0,2026-08-10 21:18:00
TX000811,CUST02022,909.71,Net Banking,suspicious_transaction,1,1,157,3,0,0,0.02,0,2026-08-08 12:02:00
TX000812,CUST01036,706.46,Credit Card,insufficient_funds,1,0,1309,22,0,0,0.57,1,2026-08-19 04:11:00
TX000813,CUST00797,4660.97,Net Banking,bank_timeout,0,0,670,21,0,0,0.8,1,2026-08-25 23:01:00
TX000814,CUST02692,1334.82,Credit Card,network_error,0,1,572,5,0,1,0.59,1,2026-08-14 09:17:00
TX000815,CUST00509,3077.41,Wallet,network_error,0,0,1388,8,0,0,0.75,1,2026-08-02 13:37:00
TX000816,CUST02765,248.25,Wallet,bank_timeout,1,2,1071,20,0,0,0.58,1,2026-08-15 00:46:00
TX000817,CUST01819,1432.32,UPI,insufficient_funds,0,1,414,7,0,0,0.55,1,2026-08-20 04:35:00
TX000818,CUST00115,2669.46,UPI,issuer_declined,0,0,452,3,0,0,0.5,1,2026-08-08 14:27:00
TX000819,CUST00181,1190.68,Net Banking,insufficient_funds,2,2,1152,20,0,0,0.35,0,2026-08-20 11:21:00
TX000820,CUST00495,3182.68,Credit Card,bank_timeout,0,0,31,12,0,1,0.67,1,2026-08-11 00:24:00
TX000821,CUST00271,653.74,Debit Card,expired_card,0,0,448,13,0,0,0.6,0,2026-08-05 15:12:00
TX000822,CUST02919,4488.83,Wallet,network_error,4,1,516,3,0,0,0.43,0,2026-08-07 01:11:00
TX000823,CUST01361,10925.97,Credit Card,expired_card,3,2,1365,15,1,1,0.08,0,2026-08-21 10:19:00
TX000824,CUST01567,762.93,Wallet,expired_card,0,0,477,0,0,0,0.6,1,2026-08-20 12:02:00
TX000825,CUST00998,702.4,Wallet,bank_timeout,0,1,608,6,0,0,0.72,1,2026-08-28 05:15:00
TX000826,CUST01818,4690.92,Debit Card,bank_timeout,0,0,1067,13,0,0,0.8,1,2026-08-16 01:50:00
TX000827,CUST01404,5321.83,Credit Card,bank_timeout,0,0,1408,22,0,0,0.8,1,2026-08-15 15:18:00
TX000828,CUST00752,650.11,Net Banking,expired_card,0,1,144,6,1,0,0.37,0,2026-08-06 17:08:00
TX000829,CUST00376,720.4,Credit Card,insufficient_funds,2,1,484,16,1,0,0.33,1,2026-08-09 23:45:00
TX000830,CUST01004,827.34,Net Banking,bank_timeout,0,1,1181,14,0,0,0.72,0,2026-08-22 21:34:00
TX000831,CUST00328,285.87,Debit Card,issuer_declined,0,1,866,16,0,0,0.42,1,2026-08-22 22:28:00
TX000832,CUST00082,437.62,Net Banking,insufficient_funds,0,1,1219,17,0,0,0.55,1,2026-08-22 02:25:00
TX000833,CUST01253,401.76,Net Banking,issuer_declined,1,1,148,10,0,0,0.31,1,2026-08-09 15:07:00
TX000834,CUST00018,508.88,UPI,authentication_failed,2,2,1007,12,0,0,0.17,0,2026-08-17 23:34:00
TX000835,CUST01574,1059.25,Net Banking,issuer_declined,5,0,838,1,0,0,0.2,0,2026-08-08 09:20:00
TX000836,CUST00796,1386.05,Net Banking,suspicious_transaction,2,2,1044,22,0,0,0.02,0,2026-08-30 14:57:00
TX000837,CUST01579,5169.34,Net Banking,network_error,0,0,741,20,0,1,0.67,1,2026-08-07 17:31:00
TX000838,CUST01071,404.09,Wallet,insufficient_funds,1,1,507,19,0,0,0.49,1,2026-08-06 07:30:00
TX000839,CUST00379,2934.59,Net Banking,issuer_declined,1,0,1062,6,0,0,0.44,1,2026-08-14 18:06:00
TX000840,CUST02051,885.37,Wallet,expired_card,0,1,843,23,0,0,0.52,0,2026-08-16 16:10:00
TX000841,CUST00585,1043.71,Debit Card,network_error,4,3,1432,9,1,0,0.17,0,2026-08-05 09:48:00
TX000842,CUST00287,2153.43,Net Banking,insufficient_funds,1,2,883,5,0,0,0.41,1,2026-08-23 03:21:00
TX000843,CUST00746,356.84,Wallet,suspicious_transaction,1,0,381,6,1,0,0.04,0,2026-08-12 19:16:00
TX000844,CUST01675,1607.46,Net Banking,expired_card,1,2,341,2,0,0,0.33,1,2026-08-16 13:43:00
TX000845,CUST00122,1295.24,Wallet,issuer_declined,1,0,20,1,0,0,0.39,0,2026-08-02 21:43:00
TX000846,CUST00397,1794.45,Credit Card,insufficient_funds,0,1,996,15,0,0,0.55,1,2026-08-16 14:43:00
TX000847,CUST01292,1464.35,Credit Card,suspicious_transaction,1,1,1251,1,0,0,0.06,0,2026-08-01 03:22:00
TX000848,CUST01872,12775.7,Net Banking,network_error,3,1,53,19,0,0,0.44,0,2026-08-12 07:28:00
TX000849,CUST01510,579.55,Net Banking,expired_card,1,1,1055,13,0,1,0.38,0,2026-08-15 15:54:00
TX000850,CUST00069,644.84,Debit Card,authentication_failed,4,2,1389,14,0,0,0.05,0,2026-08-04 16:52:00
TX000851,CUST01427,588.08,Net Banking,suspicious_transaction,4,3,1349,22,0,0,0.02,0,2026-08-09 21:04:00
TX000852,CUST02917,629.25,Credit Card,authentication_failed,3,0,262,15,0,0,0.22,0,2026-08-25 23:22:00
TX000853,CUST01913,579.76,Credit Card,authentication_failed,4,3,1358,17,0,0,0.02,0,2026-08-05 01:41:00
TX000854,CUST00433,3601.18,Net Banking,suspicious_transaction,0,1,786,8,0,0,0.12,0,2026-08-06 14:27:00
TX000855,CUST02726,4539.19,Credit Card,suspicious_transaction,1,1,186,22,0,0,0.02,0,2026-08-28 08:06:00
TX000856,CUST00265,619.71,Debit Card,issuer_declined,2,3,1340,20,0,0,0.14,0,2026-08-11 14:53:00
TX000857,CUST00916,477.06,Debit Card,bank_timeout,0,0,697,23,0,0,0.8,0,2026-08-27 01:41:00
TX000858,CUST01507,1757.09,Credit Card,authentication_failed,4,0,637,1,0,0,0.21,0,2026-08-20 06:47:00
TX000859,CUST01310,631.3,Debit Card,network_error,4,1,1065,21,0,0,0.43,1,2026-08-25 11:57:00
TX000860,CUST01887,2065.1,Debit Card,bank_timeout,4,1,1024,21,0,0,0.48,1,2026-08-02 13:30:00
TX000861,CUST02454,1343.35,Debit Card,issuer_declined,5,0,561,22,0,0,0.2,0,2026-08-14 06:23:00
TX000862,CUST02885,240.87,Net Banking,bank_timeout,2,1,1468,6,0,0,0.6,1,2026-08-03 09:24:00
TX000863,CUST00734,5153.88,Net Banking,network_error,0,0,45,17,0,0,0.7,1,2026-08-16 20:26:00
TX000864,CUST01604,6606.95,Net Banking,bank_timeout,2,2,1427,6,0,0,0.52,1,2026-08-15 17:15:00
TX000865,CUST02378,594.2,UPI,authentication_failed,2,3,1341,5,0,0,0.09,0,2026-08-07 14:11:00
TX000866,CUST00860,744.19,Credit Card,network_error,0,0,742,23,0,0,0.75,0,2026-08-07 17:13:00
TX000867,CUST01543,1459.52,Net Banking,expired_card,0,0,197,11,0,0,0.55,1,2026-08-24 10:59:00
TX000868,CUST02663,1532.2,Debit Card,insufficient_funds,4,3,502,1,1,0,0.05,0,2026-08-28 03:09:00
TX000869,CUST00707,2118.67,Net Banking,network_error,5,0,950,20,0,0,0.45,1,2026-08-01 12:40:00
TX000870,CUST00492,8186.2,UPI,bank_timeout,1,2,1044,7,1,0,0.48,0,2026-08-13 10:58:00
TX000871,CUST02842,918.79,UPI,network_error,0,1,1321,22,0,0,0.67,1,2026-08-03 21:21:00
TX000872,CUST02924,493.59,Wallet,bank_timeout,2,0,807,17,0,0,0.68,1,2026-08-03 21:49:00
TX000873,CUST02126,276.08,Wallet,insufficient_funds,2,0,425,21,0,0,0.51,0,2026-08-09 04:32:00
TX000874,CUST00022,527.99,Wallet,insufficient_funds,0,0,264,18,0,0,0.58,1,2026-08-02 14:14:00
TX000875,CUST00347,1060.9,UPI,insufficient_funds,0,0,867,21,1,0,0.53,0,2026-08-24 15:22:00
TX000876,CUST01202,6598.24,Wallet,insufficient_funds,1,2,641,16,0,0,0.41,0,2026-08-24 05:42:00
TX000877,CUST00860,653.53,UPI,expired_card,0,0,386,4,0,0,0.6,0,2026-08-28 09:42:00
TX000878,CUST02262,1371.68,Credit Card,insufficient_funds,0,1,153,17,0,0,0.5,0,2026-08-19 04:58:00
TX000879,CUST01869,1078.77,UPI,suspicious_transaction,1,2,294,17,0,0,0.02,0,2026-08-29 19:32:00
TX000880,CUST02855,3598.94,Credit Card,network_error,1,2,1048,19,0,0,0.53,1,2026-08-20 17:38:00
TX000881,CUST01553,13724.43,UPI,suspicious_transaction,0,1,256,17,1,0,0.02,0,2026-08-30 03:14:00
TX000882,CUST00365,644.92,Debit Card,authentication_failed,2,1,463,8,1,0,0.15,0,2026-08-18 05:34:00
TX000883,CUST00431,672.2,UPI,bank_timeout,2,2,1206,15,1,0,0.42,0,2026-08-13 20:00:00
TX000884,CUST02260,3115.55,Debit Card,expired_card,3,1,652,12,0,0,0.34,0,2026-08-25 04:44:00
TX000885,CUST02260,2168.72,Wallet,authentication_failed,0,0,531,0,0,0,0.45,0,2026-08-07 11:50:00
TX000886,CUST01552,6951.46,Wallet,network_error,0,1,1449,7,0,0,0.67,1,2026-08-20 23:27:00
TX000887,CUST01450,1966.34,Net Banking,insufficient_funds,0,1,1067,22,0,0,0.55,1,2026-08-04 22:57:00
TX000888,CUST01252,765.64,Net Banking,network_error,3,0,158,23,0,1,0.44,0,2026-08-04 20:23:00
TX000889,CUST01171,1979.61,Wallet,suspicious_transaction,2,0,869,21,0,0,0.08,0,2026-08-24 10:31:00
TX000890,CUST02807,3323.27,Wallet,expired_card,0,0,15,22,0,0,0.55,1,2026-08-25 00:50:00
TX000891,CUST02802,2491.11,Wallet,bank_timeout,0,0,1382,16,0,0,0.8,1,2026-08-07 01:37:00
TX000892,CUST02105,1821.24,Debit Card,suspicious_transaction,0,1,350,11,0,0,0.07,0,2026-08-25 12:51:00
TX000893,CUST00483,3186.49,Debit Card,issuer_declined,0,0,5,23,0,0,0.45,0,2026-08-30 06:17:00
TX000894,CUST02112,3530.86,UPI,suspicious_transaction,3,3,118,11,1,0,0.02,0,2026-08-05 21:03:00
TX000895,CUST00022,4368.43,Debit Card,authentication_failed,0,1,19,3,0,0,0.32,0,2026-08-07 23:53:00
TX000896,CUST01683,2097.94,UPI,authentication_failed,0,1,464,15,0,0,0.37,0,2026-08-09 06:59:00
TX000897,CUST02198,927.86,Debit Card,bank_timeout,0,1,332,4,0,0,0.67,1,2026-08-10 00:46:00
TX000898,CUST00454,1269.93,Credit Card,issuer_declined,0,1,679,1,0,0,0.42,0,2026-08-13 02:19:00
TX000899,CUST00487,3664.73,Net Banking,insufficient_funds,1,2,1463,4,0,0,0.41,0,2026-08-23 20:09:00
TX000900,CUST02974,484.47,Net Banking,bank_timeout,4,0,259,4,0,1,0.43,0,2026-08-03 08:50:00
TX000901,CUST02779,1585.53,Debit Card,insufficient_funds,1,0,890,15,0,0,0.57,0,2026-08-12 06:36:00
TX000902,CUST02530,740.01,Credit Card,network_error,0,1,236,8,0,0,0.62,0,2026-08-10 00:43:00
TX000903,CUST01942,1128.61,UPI,network_error,1,0,387,18,0,0,0.69,1,2026-08-19 06:18:00
TX000904,CUST00158,3938.09,Debit Card,suspicious_transaction,4,3,37,19,0,0,0.02,0,2026-08-24 21:24:00
TX000905,CUST01256,1327.56,Credit Card,issuer_declined,0,0,1045,13,0,0,0.5,1,2026-08-13 18:26:00
TX000906,CUST01438,1148.76,Net Banking,issuer_declined,3,1,84,0,1,0,0.09,0,2026-08-22 11:36:00
TX000907,CUST01148,281.5,Wallet,bank_timeout,0,1,745,10,0,1,0.64,1,2026-08-26 02:40:00
TX000908,CUST00534,2312.89,Debit Card,issuer_declined,2,2,488,20,0,0,0.22,1,2026-08-05 20:10:00
TX000909,CUST00535,2091.18,Wallet,bank_timeout,1,2,391,6,0,0,0.58,1,2026-08-25 21:00:00
TX000910,CUST02536,9540.06,Debit Card,issuer_declined,1,0,1093,23,0,0,0.44,1,2026-08-12 11:49:00
TX000911,CUST02296,806.11,Debit Card,authentication_failed,0,0,894,2,0,0,0.45,0,2026-08-01 23:53:00
TX000912,CUST00684,1365.33,Wallet,issuer_declined,4,2,94,18,1,0,0.02,0,2026-08-19 02:10:00
TX000913,CUST02028,1407.24,Wallet,authentication_failed,5,1,897,16,0,0,0.07,0,2026-08-13 08:32:00
TX000914,CUST00848,5310.56,Credit Card,bank_timeout,1,2,1427,0,0,0,0.58,1,2026-08-24 21:31:00
TX000915,CUST01061,996.95,Debit Card,authentication_failed,0,1,1131,3,0,1,0.29,1,2026-08-02 18:41:00
TX000916,CUST02620,1449.57,Credit Card,suspicious_transaction,0,0,554,1,0,0,0.2,0,2026-08-25 07:55:00
TX000917,CUST00476,2014.04,UPI,expired_card,1,1,665,2,0,0,0.46,1,2026-08-07 01:56:00
TX000918,CUST01673,1321.61,Wallet,issuer_declined,5,0,729,7,0,0,0.2,0,2026-08-01 17:04:00
TX000919,CUST02202,701.74,Wallet,bank_timeout,2,3,1340,8,0,0,0.44,0,2026-08-21 02:59:00
TX000920,CUST00904,1331.54,Debit Card,issuer_declined,1,1,319,14,0,0,0.31,0,2026-08-22 19:12:00
TX000921,CUST00384,3208.73,Net Banking,bank_timeout,0,0,387,18,0,0,0.8,1,2026-08-01 22:59:00
TX000922,CUST01271,392.87,Credit Card,authentication_failed,2,1,143,4,1,0,0.1,0,2026-08-19 07:38:00
TX000923,CUST00411,1252.59,Wallet,bank_timeout,2,0,1236,3,0,1,0.6,0,2026-08-30 07:56:00
TX000924,CUST00180,544.51,Credit Card,issuer_declined,0,0,1285,19,1,0,0.4,0,2026-08-05 20:09:00
TX000925,CUST02222,3622.96,Debit Card,authentication_failed,0,0,984,18,0,0,0.45,1,2026-08-22 19:05:00
TX000926,CUST00633,239.08,Credit Card,bank_timeout,1,2,1114,3,1,1,0.4,0,2026-08-05 16:01:00
TX000927,CUST02096,627.08,Net Banking,bank_timeout,3,0,465,13,0,0,0.62,1,2026-08-18 12:14:00
TX000928,CUST02813,1599.12,UPI,insufficient_funds,5,1,209,9,0,0,0.2,1,2026-08-04 20:37:00
TX000929,CUST00178,5247.59,Wallet,bank_timeout,0,1,1229,5,0,0,0.72,1,2026-08-14 17:23:00
TX000930,CUST02560,1026.85,Debit Card,issuer_declined,0,1,1356,11,0,0,0.42,0,2026-08-04 11:24:00
TX000931,CUST00009,629.42,Credit Card,network_error,0,0,800,14,0,0,0.75,1,2026-08-04 01:31:00
TX000932,CUST00464,7195.11,Wallet,insufficient_funds,2,1,186,10,0,0,0.38,0,2026-08-15 12:46:00
TX000933,CUST02025,257.75,Net Banking,insufficient_funds,5,2,284,20,0,0,0.12,0,2026-08-25 12:27:00
TX000934,CUST02187,121.66,Net Banking,insufficient_funds,2,3,172,18,0,0,0.22,0,2026-08-10 23:34:00
TX000935,CUST02880,1702.77,UPI,issuer_declined,0,0,743,17,0,0,0.5,1,2026-08-16 21:34:00
TX000936,CUST01479,663.78,Credit Card,issuer_declined,0,1,497,6,0,1,0.34,1,2026-08-07 12:16:00
TX000937,CUST01547,394.95,UPI,expired_card,0,0,1437,3,0,1,0.52,0,2026-08-08 04:46:00
TX000938,CUST00124,2226.88,Credit Card,issuer_declined,0,0,26,18,0,0,0.45,0,2026-08-22 09:06:00
TX000939,CUST00574,1399.4,Wallet,expired_card,0,1,1480,10,0,0,0.52,1,2026-08-06 01:31:00
TX000940,CUST00639,623.86,UPI,authentication_failed,0,0,1031,5,1,0,0.35,0,2026-08-21 16:12:00
TX000941,CUST02270,304.81,Debit Card,authentication_failed,1,2,466,13,0,0,0.23,1,2026-08-18 04:23:00
TX000942,CUST00513,2624.01,Credit Card,insufficient_funds,0,1,377,23,0,0,0.55,1,2026-08-22 07:39:00
TX000943,CUST01956,2101.07,Debit Card,expired_card,0,1,338,1,0,0,0.47,1,2026-08-05 22:24:00
TX000944,CUST00428,993.09,UPI,issuer_declined,2,2,58,7,0,0,0.17,1,2026-08-28 04:12:00
TX000945,CUST00045,6950.97,Debit Card,bank_timeout,0,0,493,8,1,0,0.7,1,2026-08-23 00:26:00
TX000946,CUST00188,376.12,UPI,issuer_declined,4,0,731,9,0,0,0.26,0,2026-08-18 18:41:00
TX000947,CUST02973,238.53,Debit Card,suspicious_transaction,2,0,679,13,0,0,0.08,0,2026-08-07 20:02:00
TX000948,CUST00098,549.0,Wallet,network_error,1,0,595,5,0,0,0.69,0,2026-08-05 05:53:00
TX000949,CUST02943,1047.76,Credit Card,authentication_failed,2,1,1472,5,0,0,0.25,0,2026-08-28 16:54:00
TX000950,CUST02669,1398.76,Wallet,suspicious_transaction,0,0,695,9,0,0,0.2,0,2026-08-18 15:23:00
TX000951,CUST00980,861.58,Credit Card,suspicious_transaction,1,0,1162,20,0,1,0.06,1,2026-08-15 02:06:00
TX000952,CUST02242,1559.4,UPI,insufficient_funds,1,0,606,5,1,0,0.47,1,2026-08-04 05:41:00
TX000953,CUST00734,313.71,Net Banking,issuer_declined,1,1,906,20,0,0,0.36,0,2026-08-23 05:18:00
TX000954,CUST00163,4646.01,Debit Card,authentication_failed,0,0,903,11,0,0,0.45,1,2026-08-04 19:11:00
TX000955,CUST02795,1010.14,Net Banking,insufficient_funds,0,0,1272,20,1,0,0.53,0,2026-08-26 12:32:00
TX000956,CUST00033,3351.94,Credit Card,authentication_failed,0,0,1168,12,0,0,0.45,0,2026-08-05 06:07:00
TX000957,CUST01430,1544.92,Net Banking,insufficient_funds,1,1,224,2,0,0,0.44,0,2026-08-19 01:34:00
TX000958,CUST01775,1731.52,Credit Card,insufficient_funds,0,1,1238,15,0,0,0.55,1,2026-08-21 16:31:00
TX000959,CUST00157,1938.69,Wallet,bank_timeout,1,2,438,10,0,0,0.58,0,2026-08-03 20:09:00
TX000960,CUST01481,1715.93,Net Banking,suspicious_transaction,0,0,47,21,0,0,0.15,0,2026-08-07 10:48:00
TX000961,CUST00284,2085.41,Debit Card,insufficient_funds,0,1,860,16,0,0,0.55,1,2026-08-03 10:42:00
TX000962,CUST00379,4142.91,Net Banking,issuer_declined,2,1,407,11,0,0,0.3,0,2026-08-08 07:30:00
TX000963,CUST02854,1334.78,Net Banking,issuer_declined,1,1,21,17,0,0,0.31,1,2026-08-27 07:51:00
TX000964,CUST02526,2228.32,Credit Card,issuer_declined,5,2,30,4,0,0,0.02,0,2026-08-15 09:36:00
TX000965,CUST00466,1002.51,Net Banking,issuer_declined,2,3,258,20,0,0,0.09,0,2026-08-10 22:47:00
TX000966,CUST00769,4629.1,Net Banking,expired_card,2,3,443,11,0,0,0.24,0,2026-08-01 15:41:00
TX000967,CUST01517,557.58,Debit Card,bank_timeout,3,0,1433,15,0,0,0.62,1,2026-08-17 00:42:00
TX000968,CUST02222,6640.49,Net Banking,insufficient_funds,2,0,361,14,0,0,0.46,0,2026-08-25 16:50:00
TX000969,CUST01786,1053.47,Net Banking,issuer_declined,1,2,896,20,0,0,0.28,0,2026-08-05 12:22:00
TX000970,CUST00359,262.23,UPI,bank_timeout,0,1,213,15,0,0,0.67,1,2026-08-29 19:58:00
TX000971,CUST01820,1246.51,Wallet,insufficient_funds,0,1,862,6,0,0,0.55,1,2026-08-09 21:36:00
TX000972,CUST01924,554.99,UPI,issuer_declined,2,3,846,20,0,0,0.14,1,2026-08-18 01:12:00
TX000973,CUST00918,2541.84,Wallet,issuer_declined,3,2,630,13,0,1,0.08,0,2026-08-02 11:41:00
TX000974,CUST00064,570.99,UPI,bank_timeout,0,1,687,5,0,0,0.72,1,2026-08-18 19:28:00
TX000975,CUST00790,701.92,Wallet,expired_card,2,3,264,20,0,0,0.19,0,2026-08-15 11:28:00
TX000976,CUST02119,165.75,Credit Card,insufficient_funds,0,0,1033,3,0,0,0.63,0,2026-08-29 13:11:00
TX000977,CUST01066,697.63,Wallet,bank_timeout,0,0,192,0,0,0,0.75,1,2026-08-02 06:23:00
TX000978,CUST02532,100.0,Wallet,suspicious_transaction,0,1,52,23,0,0,0.07,0,2026-08-17 07:09:00
TX000979,CUST00765,225.0,Credit Card,expired_card,0,0,1097,7,0,0,0.6,1,2026-08-12 20:30:00
TX000980,CUST02701,2345.88,UPI,issuer_declined,4,0,1308,18,0,0,0.26,0,2026-08-06 14:00:00
TX000981,CUST00439,2406.19,Credit Card,issuer_declined,3,0,159,15,0,0,0.27,1,2026-08-05 13:57:00
TX000982,CUST02012,1678.17,UPI,insufficient_funds,1,2,157,6,0,0,0.36,1,2026-08-21 12:28:00
TX000983,CUST00660,416.97,Credit Card,issuer_declined,3,0,241,10,0,0,0.27,0,2026-08-25 20:54:00
TX000984,CUST00021,1045.54,Credit Card,insufficient_funds,0,0,395,19,1,1,0.45,0,2026-08-07 22:24:00
TX000985,CUST00886,1092.69,Debit Card,bank_timeout,0,1,284,7,1,0,0.57,1,2026-08-13 10:55:00
TX000986,CUST01973,344.34,Credit Card,suspicious_transaction,0,1,957,23,0,0,0.12,0,2026-08-09 18:52:00
TX000987,CUST01025,4931.5,Credit Card,bank_timeout,3,2,805,3,0,0,0.46,1,2026-08-10 08:49:00
TX000988,CUST02958,2636.91,Net Banking,insufficient_funds,0,1,653,19,1,0,0.45,1,2026-08-17 01:28:00
TX000989,CUST01532,879.22,UPI,insufficient_funds,3,2,1202,13,0,0,0.29,0,2026-08-25 03:26:00
TX000990,CUST01443,1126.52,Net Banking,bank_timeout,0,1,880,5,0,1,0.64,0,2026-08-17 22:17:00
TX000991,CUST00595,1350.71,Debit Card,bank_timeout,0,0,1469,10,0,0,0.8,1,2026-08-11 14:06:00
TX000992,CUST02301,142.35,UPI,issuer_declined,1,2,446,3,0,0,0.28,0,2026-08-04 09:43:00
TX000993,CUST02351,856.47,Net Banking,expired_card,0,1,406,6,1,0,0.42,1,2026-08-13 11:44:00
TX000994,CUST01726,554.47,UPI,bank_timeout,0,1,1211,12,0,1,0.64,1,2026-08-27 04:52:00
TX000995,CUST00020,402.78,Net Banking,issuer_declined,3,3,76,17,0,1,0.02,0,2026-08-04 03:51:00
TX000996,CUST01925,827.91,UPI,authentication_failed,0,1,563,10,0,0,0.37,0,2026-08-15 06:04:00
TX000997,CUST02023,6618.91,Wallet,bank_timeout,0,1,1011,20,0,0,0.72,1,2026-08-29 02:59:00
TX000998,CUST00421,2081.5,UPI,issuer_declined,2,1,216,10,0,0,0.25,1,2026-08-05 00:08:00
TX000999,CUST00783,619.44,Debit Card,network_error,1,0,1410,1,0,0,0.69,1,2026-08-14 20:21:00
TX001000,CUST00308,1944.16,Debit Card,issuer_declined,1,1,553,22,0,0,0.36,0,2026-08-06 17:56:00
TX001001,CUST01308,4444.2,Credit Card,network_error,3,3,1305,14,0,0,0.33,1,2026-08-22 18:01:00
TX001002,CUST02709,2764.55,Net Banking,suspicious_transaction,0,1,463,2,0,0,0.12,1,2026-08-26 10:02:00
TX001003,CUST00993,1164.01,Credit Card,expired_card,0,1,124,6,1,0,0.37,0,2026-08-09 13:15:00
TX001004,CUST01998,574.25,UPI,issuer_declined,2,2,639,22,0,0,0.22,0,2026-08-06 22:03:00
TX001005,CUST00897,2204.43,Debit Card,issuer_declined,1,2,1052,6,0,0,0.28,1,2026-08-08 11:20:00
TX001006,CUST02811,1625.36,Debit Card,suspicious_transaction,1,0,302,14,0,0,0.09,0,2026-08-21 23:22:00
TX001007,CUST00767,2684.35,Debit Card,bank_timeout,1,1,721,8,1,0,0.56,1,2026-08-10 15:37:00
TX001008,CUST00617,2069.73,Net Banking,insufficient_funds,1,0,904,8,0,1,0.49,1,2026-08-20 05:34:00
TX001009,CUST00795,3132.39,Debit Card,bank_timeout,0,1,1085,19,0,0,0.72,1,2026-08-30 09:58:00
TX001010,CUST01020,642.11,UPI,bank_timeout,0,0,1179,8,0,0,0.8,1,2026-08-29 05:26:00
TX001011,CUST02866,4094.48,Net Banking,issuer_declined,0,1,1015,6,0,0,0.42,0,2026-08-28 03:19:00
TX001012,CUST01180,1336.22,UPI,bank_timeout,1,2,1275,15,0,0,0.58,0,2026-08-08 17:56:00
TX001013,CUST01291,8736.46,UPI,bank_timeout,0,1,291,0,0,0,0.67,1,2026-08-13 00:10:00
TX001014,CUST00316,550.49,Credit Card,expired_card,3,2,971,18,1,0,0.16,0,2026-08-03 01:20:00
TX001015,CUST00072,6222.73,Wallet,expired_card,0,0,1076,16,0,0,0.6,1,2026-08-14 20:42:00
TX001016,CUST01375,1336.64,Net Banking,insufficient_funds,0,1,1359,15,0,0,0.55,0,2026-08-14 16:55:00
TX001017,CUST02909,571.68,Debit Card,authentication_failed,2,3,231,8,0,0,0.04,1,2026-08-19 16:10:00
TX001018,CUST00903,675.95,Credit Card,issuer_declined,0,1,737,6,0,0,0.42,0,2026-08-30 01:40:00
TX001019,CUST00443,796.04,Debit Card,authentication_failed,1,1,1080,5,0,0,0.31,0,2026-08-18 19:06:00
TX001020,CUST02414,1676.0,Net Banking,suspicious_transaction,0,0,85,18,0,0,0.15,0,2026-08-20 17:27:00
TX001021,CUST01864,1849.8,Wallet,suspicious_transaction,2,2,226,0,0,0,0.02,0,2026-08-07 20:05:00
TX001022,CUST02143,617.88,Debit Card,expired_card,1,1,998,9,1,0,0.36,0,2026-08-10 21:22:00
TX001023,CUST01160,1070.25,Wallet,bank_timeout,1,0,882,11,0,1,0.66,1,2026-08-16 22:31:00
TX001024,CUST01161,9341.95,Wallet,expired_card,2,1,177,22,0,0,0.35,1,2026-08-27 15:13:00
TX001025,CUST00331,6170.55,Debit Card,bank_timeout,1,1,510,21,0,0,0.66,0,2026-08-05 11:11:00
TX001026,CUST01071,1696.5,Debit Card,insufficient_funds,0,1,1391,10,0,0,0.55,0,2026-08-12 09:05:00
TX001027,CUST00556,1139.11,Net Banking,insufficient_funds,0,0,609,18,0,0,0.63,1,2026-08-20 21:12:00
TX001028,CUST00394,1236.49,Credit Card,insufficient_funds,1,2,1404,22,0,0,0.41,0,2026-08-19 16:06:00
TX001029,CUST01890,2025.39,UPI,authentication_failed,0,1,182,4,0,0,0.32,1,2026-08-24 07:27:00
TX001030,CUST01529,394.34,Credit Card,expired_card,3,2,110,12,0,0,0.21,0,2026-08-24 13:48:00
TX001031,CUST01886,847.78,UPI,bank_timeout,0,0,683,19,1,0,0.7,1,2026-08-16 01:52:00
TX001032,CUST00250,206.73,UPI,network_error,1,2,1469,1,0,0,0.53,0,2026-08-23 13:00:00
TX001033,CUST00559,1634.71,Credit Card,authentication_failed,1,0,617,20,0,0,0.39,1,2026-08-23 01:42:00
TX001034,CUST02555,2094.76,Credit Card,bank_timeout,0,0,1065,3,0,0,0.8,1,2026-08-24 00:28:00
TX001035,CUST01818,676.42,Net Banking,bank_timeout,0,1,991,5,0,0,0.72,1,2026-08-28 21:17:00
TX001036,CUST02791,5292.19,Net Banking,authentication_failed,1,1,300,20,1,0,0.16,0,2026-08-11 22:53:00
TX001037,CUST00700,321.9,Wallet,network_error,1,1,984,9,0,0,0.61,1,2026-08-17 17:13:00
TX001038,CUST02735,253.57,Debit Card,issuer_declined,1,0,951,13,0,0,0.44,1,2026-08-06 11:12:00
TX001039,CUST02312,1372.59,Net Banking,bank_timeout,0,1,88,11,0,0,0.67,0,2026-08-13 14:27:00
TX001040,CUST00038,3124.71,Credit Card,issuer_declined,3,1,715,22,0,0,0.24,1,2026-08-07 21:22:00
TX001041,CUST01442,5907.2,Wallet,issuer_declined,2,1,571,21,0,0,0.3,0,2026-08-30 08:39:00
TX001042,CUST01982,693.06,Net Banking,suspicious_transaction,1,0,1180,22,0,0,0.14,0,2026-08-06 21:21:00
TX001043,CUST02859,3224.98,Debit Card,insufficient_funds,1,2,1265,12,1,1,0.23,0,2026-08-11 13:04:00
TX001044,CUST00396,1055.21,UPI,insufficient_funds,1,1,475,23,0,0,0.49,0,2026-08-18 11:31:00
TX001045,CUST01721,922.76,UPI,bank_timeout,0,0,150,14,0,0,0.75,0,2026-08-08 22:07:00
TX001046,CUST01316,2653.57,UPI,expired_card,0,0,401,8,0,0,0.6,1,2026-08-08 09:02:00
TX001047,CUST01778,2105.53,Wallet,network_error,0,0,1289,21,1,1,0.57,1,2026-08-01 05:43:00
TX001048,CUST01473,226.7,Net Banking,insufficient_funds,3,2,380,21,0,0,0.29,0,2026-08-23 13:57:00
TX001049,CUST00779,4800.81,Credit Card,insufficient_funds,1,1,731,19,0,0,0.49,0,2026-08-20 23:22:00
TX001050,CUST01752,4359.41,Net Banking,authentication_failed,1,0,1060,9,1,0,0.29,1,2026-08-25 14:24:00
TX001051,CUST01356,586.66,UPI,issuer_declined,4,2,800,22,0,0,0.1,0,2026-08-14 02:38:00
TX001052,CUST00307,1629.13,Wallet,insufficient_funds,3,2,818,19,1,0,0.19,1,2026-08-22 10:26:00
TX001053,CUST01078,1797.28,UPI,bank_timeout,0,0,686,1,0,0,0.8,1,2026-08-03 20:04:00
TX001054,CUST00966,1423.22,Net Banking,bank_timeout,4,0,709,2,0,0,0.56,0,2026-08-04 16:01:00
TX001055,CUST02259,632.51,Net Banking,suspicious_transaction,0,0,214,1,0,0,0.15,0,2026-08-22 17:39:00
TX001056,CUST01243,560.25,Credit Card,bank_timeout,0,0,1095,19,0,0,0.8,1,2026-08-26 03:28:00
TX001057,CUST01975,1068.96,UPI,issuer_declined,0,0,881,22,0,0,0.5,1,2026-08-29 00:27:00
TX001058,CUST01507,3543.0,Debit Card,bank_timeout,0,0,488,7,1,1,0.62,1,2026-08-25 09:41:00
TX001059,CUST02327,1888.62,UPI,suspicious_transaction,0,0,117,2,1,0,0.05,0,2026-08-15 07:06:00
TX001060,CUST01433,757.02,Wallet,expired_card,0,1,266,19,0,0,0.47,0,2026-08-04 11:25:00
TX001061,CUST01025,2372.5,Wallet,bank_timeout,2,2,452,14,0,0,0.52,0,2026-08-14 07:41:00
TX001062,CUST02678,100.0,Credit Card,insufficient_funds,0,0,111,11,0,0,0.58,0,2026-08-13 17:35:00
TX001063,CUST00322,3459.11,Credit Card,authentication_failed,3,1,625,23,0,0,0.19,0,2026-08-07 11:03:00
TX001064,CUST00147,192.54,Credit Card,expired_card,1,1,234,0,0,1,0.33,1,2026-08-18 11:37:00
TX001065,CUST01231,763.23,UPI,bank_timeout,3,3,1015,0,0,0,0.38,1,2026-08-10 08:42:00
TX001066,CUST01554,357.93,Credit Card,expired_card,1,2,625,1,0,0,0.38,1,2026-08-28 16:54:00
TX001067,CUST01378,300.46,Debit Card,network_error,1,0,699,23,0,0,0.69,1,2026-08-03 14:23:00
TX001068,CUST00448,3501.08,Wallet,issuer_declined,2,2,1096,14,0,0,0.22,0,2026-08-12 20:05:00
TX001069,CUST00666,686.98,Net Banking,insufficient_funds,5,1,271,0,0,0,0.2,0,2026-08-12 08:59:00
TX001070,CUST02224,1550.77,Debit Card,issuer_declined,0,1,741,8,0,0,0.42,0,2026-08-28 16:05:00
TX001071,CUST00051,1046.37,UPI,issuer_declined,1,1,367,14,0,0,0.36,0,2026-08-17 07:49:00
TX001072,CUST01967,1767.0,Wallet,bank_timeout,0,0,567,19,0,0,0.8,1,2026-08-12 17:48:00
TX001073,CUST01132,1184.2,Debit Card,authentication_failed,0,0,301,19,0,0,0.4,0,2026-08-09 09:15:00
TX001074,CUST02804,303.99,Wallet,authentication_failed,1,0,1134,22,0,0,0.39,0,2026-08-12 17:11:00
TX001075,CUST00067,2969.85,Debit Card,insufficient_funds,0,0,717,3,1,0,0.53,1,2026-08-11 18:50:00
TX001076,CUST00836,669.31,Debit Card,insufficient_funds,2,3,147,20,0,0,0.22,1,2026-08-28 14:58:00
TX001077,CUST01476,231.23,Debit Card,suspicious_transaction,3,2,964,9,0,0,0.02,0,2026-08-07 19:54:00
TX001078,CUST02422,714.72,UPI,bank_timeout,0,1,1047,22,0,0,0.72,1,2026-08-16 15:47:00
TX001079,CUST00881,4918.5,Net Banking,authentication_failed,0,0,781,20,1,1,0.27,0,2026-08-11 05:18:00
TX001080,CUST02316,2566.3,Wallet,suspicious_transaction,1,2,857,17,0,0,0.02,0,2026-08-03 08:10:00
TX001081,CUST02487,773.83,Net Banking,expired_card,1,1,552,6,0,0,0.46,1,2026-08-12 01:30:00
TX001082,CUST01483,773.36,Credit Card,insufficient_funds,2,0,1420,7,0,0,0.51,1,2026-08-04 15:02:00
TX001083,CUST01442,795.02,Wallet,insufficient_funds,3,3,1240,7,0,0,0.21,0,2026-08-06 16:50:00
TX001084,CUST02203,8749.47,Credit Card,network_error,0,0,1241,8,0,0,0.75,1,2026-08-19 14:11:00
TX001085,CUST01725,1606.7,Wallet,suspicious_transaction,1,2,406,5,0,1,0.02,0,2026-08-12 23:40:00
TX001086,CUST02272,1685.88,Net Banking,network_error,0,0,884,0,0,0,0.75,1,2026-08-25 02:08:00
TX001087,CUST01590,3072.61,Net Banking,issuer_declined,0,0,1459,9,1,0,0.4,0,2026-08-27 22:03:00
TX001088,CUST02494,1392.41,Wallet,bank_timeout,2,0,727,14,0,0,0.68,0,2026-08-20 19:53:00
TX001089,CUST01185,846.37,Net Banking,network_error,2,0,312,0,0,0,0.58,0,2026-08-18 06:22:00
TX001090,CUST01313,901.13,Net Banking,bank_timeout,2,2,199,7,0,0,0.47,0,2026-08-24 21:39:00
TX001091,CUST02375,1020.86,Wallet,authentication_failed,0,1,787,10,0,0,0.37,1,2026-08-10 14:07:00
TX001092,CUST01764,1056.56,Wallet,issuer_declined,3,2,204,11,0,0,0.11,0,2026-08-20 23:24:00
TX001093,CUST00917,2270.21,Credit Card,issuer_declined,3,0,475,21,0,1,0.24,0,2026-08-24 03:38:00
TX001094,CUST00692,1155.1,UPI,insufficient_funds,0,0,14,15,0,1,0.5,1,2026-08-26 23:51:00
TX001095,CUST01747,2281.62,Net Banking,insufficient_funds,2,2,225,22,0,0,0.3,0,2026-08-20 16:08:00
TX001096,CUST02021,1011.59,Debit Card,bank_timeout,0,1,1499,21,1,0,0.62,1,2026-08-11 02:57:00
TX001097,CUST02980,1186.35,UPI,issuer_declined,1,1,929,20,0,0,0.36,1,2026-08-15 07:51:00
TX001098,CUST00158,148.68,Net Banking,bank_timeout,2,2,390,17,0,0,0.52,1,2026-08-29 21:02:00
TX001099,CUST02570,2741.68,UPI,issuer_declined,1,0,1380,6,0,0,0.44,0,2026-08-23 14:33:00
TX001100,CUST01158,1550.74,Credit Card,bank_timeout,3,1,7,13,1,0,0.39,1,2026-08-09 02:32:00
TX001101,CUST00159,2975.03,Net Banking,expired_card,1,2,1196,7,0,0,0.38,0,2026-08-09 04:40:00
TX001102,CUST01230,100.0,Credit Card,authentication_failed,1,1,1291,12,0,0,0.31,1,2026-08-10 23:07:00
TX001103,CUST00461,8851.79,Debit Card,insufficient_funds,0,0,1357,13,1,0,0.53,1,2026-08-06 04:00:00
TX001104,CUST01424,953.76,Net Banking,network_error,2,3,1002,19,0,0,0.39,1,2026-08-24 02:18:00
TX001105,CUST00882,3321.54,Net Banking,bank_timeout,2,2,1383,10,0,0,0.52,1,2026-08-12 20:45:00
TX001106,CUST00224,387.65,Debit Card,insufficient_funds,0,0,632,14,0,0,0.63,1,2026-08-10 09:13:00
TX001107,CUST02562,2023.88,UPI,suspicious_transaction,1,1,265,19,0,0,0.02,0,2026-08-18 06:10:00
TX001108,CUST00370,382.44,Debit Card,authentication_failed,2,0,1342,1,0,0,0.33,1,2026-08-08 03:28:00
TX001109,CUST02195,587.71,Net Banking,authentication_failed,0,0,766,10,0,0,0.45,1,2026-08-01 14:53:00
TX001110,CUST00148,7435.58,UPI,network_error,1,2,815,15,1,0,0.43,1,2026-08-29 17:49:00
TX001111,CUST02819,906.25,Credit Card,bank_timeout,2,3,1343,12,0,0,0.44,1,2026-08-04 20:45:00
TX001112,CUST00314,1362.99,UPI,insufficient_funds,2,3,42,0,0,0,0.22,0,2026-08-05 08:22:00
TX001113,CUST02410,2617.74,Net Banking,bank_timeout,1,1,663,13,0,1,0.58,1,2026-08-10 05:21:00
TX001114,CUST00409,1800.25,Debit Card,suspicious_transaction,1,1,597,13,1,0,0.02,0,2026-08-22 23:56:00
TX001115,CUST01165,1274.64,Wallet,insufficient_funds,0,1,1491,12,0,0,0.55,0,2026-08-21 13:59:00
TX001116,CUST00918,1579.65,Wallet,suspicious_transaction,0,0,916,11,0,0,0.2,0,2026-08-07 13:02:00
TX001117,CUST02581,12129.74,UPI,bank_timeout,0,1,1216,7,1,0,0.62,0,2026-08-24 19:41:00
TX001118,CUST02962,1035.23,Wallet,network_error,0,1,517,13,0,0,0.67,1,2026-08-15 15:06:00
TX001119,CUST02823,1340.9,Wallet,insufficient_funds,3,2,1414,6,0,0,0.29,0,2026-08-15 05:53:00
TX001120,CUST02671,3135.85,Credit Card,issuer_declined,2,0,216,13,0,0,0.33,0,2026-08-08 09:02:00
TX001121,CUST02130,3312.72,UPI,bank_timeout,0,0,80,13,0,0,0.75,1,2026-08-07 08:46:00
TX001122,CUST02241,3594.03,Net Banking,issuer_declined,0,1,603,23,0,0,0.42,0,2026-08-28 23:51:00
TX001123,CUST01523,2077.1,Wallet,expired_card,0,0,1258,22,0,0,0.6,1,2026-08-10 14:03:00
TX001124,CUST01353,349.67,Credit Card,bank_timeout,2,3,21,10,0,0,0.39,1,2026-08-01 06:07:00
TX001125,CUST01278,5616.32,Credit Card,bank_timeout,0,1,678,3,1,0,0.62,1,2026-08-16 22:47:00
TX001126,CUST02607,348.51,Wallet,authentication_failed,0,0,395,8,0,0,0.45,1,2026-08-14 21:57:00
TX001127,CUST01505,1484.21,Wallet,network_error,4,1,159,18,0,0,0.38,1,2026-08-12 23:11:00
TX001128,CUST02309,515.8,UPI,bank_timeout,1,2,785,10,0,0,0.58,0,2026-08-29 00:42:00
TX001129,CUST02739,1028.51,Net Banking,bank_timeout,0,0,444,2,0,0,0.8,1,2026-08-22 15:20:00
TX001130,CUST00002,1523.5,Debit Card,bank_timeout,4,1,1048,14,0,0,0.48,1,2026-08-06 08:07:00
TX001131,CUST00987,1512.26,Wallet,issuer_declined,2,3,728,9,0,0,0.14,1,2026-08-28 13:14:00
TX001132,CUST00877,1672.24,Credit Card,suspicious_transaction,2,1,896,17,0,0,0.02,0,2026-08-06 11:20:00
TX001133,CUST02286,5506.65,Net Banking,expired_card,0,1,955,21,0,0,0.52,0,2026-08-09 16:36:00
TX001134,CUST01567,1725.95,Debit Card,bank_timeout,2,0,402,14,0,0,0.68,1,2026-08-15 22:45:00
TX001135,CUST00386,859.06,Debit Card,authentication_failed,1,0,1243,8,1,0,0.29,0,2026-08-02 23:58:00
TX001136,CUST02849,2875.8,Debit Card,issuer_declined,0,0,1471,15,0,0,0.5,1,2026-08-22 13:07:00
TX001137,CUST02653,3602.81,Wallet,network_error,0,0,1256,22,0,0,0.75,0,2026-08-06 23:47:00
TX001138,CUST00340,321.31,Net Banking,authentication_failed,0,1,1306,22,1,1,0.19,0,2026-08-09 20:05:00
TX001139,CUST02684,1993.01,Wallet,network_error,0,1,1453,5,0,0,0.67,0,2026-08-24 11:58:00
TX001140,CUST00059,2210.94,Net Banking,insufficient_funds,1,0,134,6,0,0,0.52,0,2026-08-04 19:42:00
TX001141,CUST00707,814.39,Net Banking,bank_timeout,1,2,1036,13,0,0,0.58,0,2026-08-01 03:31:00
TX001142,CUST01275,4340.34,Debit Card,insufficient_funds,0,1,1164,22,1,0,0.45,1,2026-08-05 02:55:00
TX001143,CUST00748,943.83,UPI,bank_timeout,1,0,347,0,0,0,0.69,1,2026-08-12 05:29:00
TX001144,CUST01261,1243.36,Credit Card,network_error,2,2,110,12,0,0,0.42,1,2026-08-15 08:39:00
TX001145,CUST01696,922.35,Credit Card,authentication_failed,0,0,363,9,0,0,0.4,1,2026-08-17 03:55:00
TX001146,CUST02371,1113.85,Debit Card,issuer_declined,1,1,1293,21,0,1,0.28,0,2026-08-18 13:15:00
TX001147,CUST00638,366.4,Wallet,insufficient_funds,5,3,711,20,0,0,0.09,0,2026-08-23 22:14:00
TX001148,CUST02260,259.81,Debit Card,bank_timeout,2,2,447,14,0,0,0.52,1,2026-08-29 17:20:00
TX001149,CUST00764,5401.89,Net Banking,bank_timeout,1,1,1155,12,0,0,0.66,1,2026-08-05 18:15:00
TX001150,CUST02579,470.14,Debit Card,authentication_failed,0,1,974,10,0,0,0.37,1,2026-08-17 07:02:00
TX001151,CUST01255,406.92,Credit Card,insufficient_funds,0,0,900,19,0,0,0.63,1,2026-08-19 04:10:00
TX001152,CUST01940,127.31,Credit Card,issuer_declined,0,1,989,21,0,1,0.34,0,2026-08-11 15:55:00
TX001153,CUST02077,578.85,UPI,insufficient_funds,2,3,1215,0,0,0,0.27,0,2026-08-28 03:55:00
TX001154,CUST02858,292.05,Wallet,bank_timeout,5,1,267,21,0,0,0.37,0,2026-08-15 01:48:00
TX001155,CUST00580,5664.73,Debit Card,insufficient_funds,0,0,1349,4,0,0,0.63,1,2026-08-09 09:37:00
TX001156,CUST00968,3010.37,Credit Card,insufficient_funds,2,1,1403,17,0,0,0.43,0,2026-08-16 16:31:00
TX001157,CUST00410,551.06,Net Banking,insufficient_funds,0,0,968,21,0,0,0.63,1,2026-08-05 08:39:00
TX001158,CUST01588,10429.94,Credit Card,issuer_declined,4,3,670,9,0,0,0.02,0,2026-08-18 22:11:00
TX001159,CUST02188,2927.09,UPI,issuer_declined,1,2,56,7,0,0,0.23,0,2026-08-17 11:42:00
TX001160,CUST01393,792.48,Wallet,authentication_failed,1,1,159,20,0,0,0.26,1,2026-08-14 17:47:00
TX001161,CUST01784,100.0,UPI,issuer_declined,1,1,309,9,0,0,0.31,0,2026-08-12 21:06:00
TX001162,CUST01728,10839.4,Credit Card,bank_timeout,1,0,953,2,0,0,0.74,1,2026-08-19 09:47:00
TX001163,CUST00051,273.26,Credit Card,issuer_declined,1,1,1406,14,1,0,0.26,0,2026-08-20 05:26:00
TX001164,CUST00224,211.58,Debit Card,insufficient_funds,2,0,1237,14,0,0,0.51,0,2026-08-25 08:23:00
TX001165,CUST01495,3049.0,UPI,network_error,5,3,1382,2,0,0,0.21,0,2026-08-27 20:36:00
TX001166,CUST01057,12578.6,Credit Card,insufficient_funds,1,1,891,1,0,1,0.41,0,2026-08-21 22:42:00
TX001167,CUST01504,4377.67,UPI,authentication_failed,1,1,872,10,0,0,0.31,1,2026-08-13 03:53:00
TX001168,CUST00733,1927.37,Debit Card,issuer_declined,0,1,610,20,1,0,0.32,0,2026-08-25 04:17:00
TX001169,CUST01623,1987.74,Credit Card,bank_timeout,1,0,1489,4,0,0,0.74,1,2026-08-21 20:17:00
TX001170,CUST02823,2574.51,Wallet,issuer_declined,2,3,84,2,0,1,0.02,0,2026-08-30 00:39:00
TX001171,CUST00415,2342.39,Net Banking,insufficient_funds,2,2,1305,23,0,0,0.35,1,2026-08-12 16:33:00
TX001172,CUST02956,1452.72,UPI,authentication_failed,0,0,393,18,0,0,0.45,0,2026-08-12 02:14:00
TX001173,CUST02844,1217.07,UPI,issuer_declined,1,1,563,23,0,0,0.36,0,2026-08-03 01:57:00
TX001174,CUST02477,1030.1,Net Banking,authentication_failed,1,1,11,13,0,0,0.26,0,2026-08-13 12:07:00
TX001175,CUST01094,515.96,Net Banking,insufficient_funds,5,2,199,7,0,0,0.12,0,2026-08-28 19:47:00
TX001176,CUST01179,828.26,Wallet,authentication_failed,1,2,1220,10,0,0,0.23,0,2026-08-16 14:35:00
TX001177,CUST01396,201.75,Debit Card,issuer_declined,0,1,1022,6,0,0,0.42,1,2026-08-19 08:06:00
TX001178,CUST00133,993.92,Wallet,suspicious_transaction,1,2,708,2,0,0,0.02,0,2026-08-14 06:44:00
TX001179,CUST01292,408.06,Net Banking,expired_card,0,0,1279,11,0,0,0.6,0,2026-08-13 22:04:00
TX001180,CUST02280,363.73,Net Banking,suspicious_transaction,0,0,776,19,0,0,0.2,0,2026-08-10 14:48:00
TX001181,CUST00454,1312.77,Wallet,issuer_declined,3,3,1127,13,0,0,0.08,0,2026-08-13 16:36:00
TX001182,CUST01309,4411.64,Debit Card,expired_card,1,2,1297,20,0,0,0.38,0,2026-08-19 09:14:00
TX001183,CUST02027,2747.14,Net Banking,issuer_declined,4,1,364,12,0,0,0.13,0,2026-08-22 02:50:00
TX001184,CUST02688,228.04,Credit Card,expired_card,0,1,857,13,0,1,0.44,1,2026-08-28 17:57:00
TX001185,CUST02540,407.63,Wallet,suspicious_transaction,1,2,838,0,0,0,0.02,0,2026-08-22 11:27:00
TX001186,CUST02804,2809.53,UPI,suspicious_transaction,0,1,1131,16,0,0,0.12,0,2026-08-17 19:06:00
TX001187,CUST02962,410.56,Credit Card,bank_timeout,4,1,661,4,0,0,0.48,1,2026-08-21 23:43:00
TX001188,CUST01881,876.0,Credit Card,expired_card,0,0,363,14,0,0,0.55,0,2026-08-16 01:49:00
TX001189,CUST00653,1900.84,Credit Card,insufficient_funds,4,0,67,21,0,0,0.34,0,2026-08-18 12:52:00
TX001190,CUST00289,416.4,Net Banking,suspicious_transaction,3,0,1466,19,0,0,0.02,0,2026-08-22 21:10:00
TX001191,CUST02974,1218.5,UPI,issuer_declined,0,0,745,12,0,0,0.5,0,2026-08-20 12:07:00
TX001192,CUST00509,288.87,UPI,bank_timeout,0,0,1479,5,0,0,0.8,1,2026-08-12 01:29:00
TX001193,CUST01977,601.02,Credit Card,issuer_declined,0,0,939,22,0,0,0.5,1,2026-08-14 10:32:00
TX001194,CUST02823,1509.87,Net Banking,issuer_declined,1,1,1164,8,0,0,0.36,1,2026-08-14 03:02:00
TX001195,CUST00107,222.96,Credit Card,authentication_failed,1,2,597,9,0,0,0.23,0,2026-08-22 15:08:00
TX001196,CUST02921,1703.56,Net Banking,expired_card,0,0,301,19,0,0,0.55,0,2026-08-02 06:35:00
TX001197,CUST00867,1075.31,Wallet,issuer_declined,1,1,746,23,0,0,0.36,0,2026-08-22 16:58:00
TX001198,CUST02534,1905.48,Credit Card,suspicious_transaction,1,2,1027,10,0,0,0.02,0,2026-08-30 12:12:00
TX001199,CUST00693,1371.85,Wallet,insufficient_funds,1,1,30,21,0,0,0.44,1,2026-08-11 05:00:00
TX001200,CUST00615,4290.42,Debit Card,expired_card,2,0,1332,6,0,0,0.48,0,2026-08-01 13:19:00
TX001201,CUST02147,1242.93,Credit Card,network_error,0,0,817,20,1,0,0.65,1,2026-08-26 04:20:00
TX001202,CUST02191,713.79,Wallet,authentication_failed,5,0,915,18,0,0,0.15,0,2026-08-09 07:32:00
TX001203,CUST02826,1239.29,Credit Card,issuer_declined,2,1,83,19,0,0,0.25,0,2026-08-03 21:32:00
TX001204,CUST00543,1888.05,Wallet,issuer_declined,0,0,1200,18,0,1,0.42,0,2026-08-03 07:47:00
TX001205,CUST01307,1151.55,UPI,bank_timeout,0,0,975,6,1,0,0.7,1,2026-08-14 15:38:00
TX001206,CUST02332,1142.06,UPI,insufficient_funds,3,0,1475,14,0,0,0.45,0,2026-08-28 23:06:00
TX001207,CUST01869,543.49,UPI,issuer_declined,0,1,1009,20,0,0,0.42,0,2026-08-30 08:49:00
TX001208,CUST01228,565.15,Debit Card,authentication_failed,0,1,1389,17,0,0,0.37,1,2026-08-09 06:59:00
TX001209,CUST01998,269.72,UPI,issuer_declined,5,3,1016,5,0,0,0.02,0,2026-08-05 07:17:00
TX001210,CUST01816,6308.02,Debit Card,expired_card,1,0,397,3,0,0,0.54,1,2026-08-15 13:32:00
TX001211,CUST02173,316.12,Net Banking,bank_timeout,0,0,1170,21,0,0,0.8,1,2026-08-08 19:37:00
TX001212,CUST00647,548.45,Wallet,expired_card,0,1,1339,19,0,0,0.52,1,2026-08-12 23:06:00
TX001213,CUST01934,534.64,Debit Card,issuer_declined,0,1,646,14,0,0,0.42,0,2026-08-01 06:11:00
TX001214,CUST01656,2683.63,UPI,suspicious_transaction,0,0,936,8,1,0,0.1,0,2026-08-12 15:32:00
TX001215,CUST01208,816.52,Debit Card,bank_timeout,0,1,668,17,0,0,0.72,1,2026-08-23 21:20:00
TX001216,CUST01803,3818.99,Debit Card,bank_timeout,0,1,1481,15,0,0,0.72,0,2026-08-03 02:14:00
TX001217,CUST02701,559.2,Net Banking,expired_card,3,3,512,8,0,0,0.18,1,2026-08-03 13:17:00
TX001218,CUST02620,1449.53,Debit Card,issuer_declined,0,1,228,15,0,0,0.37,1,2026-08-19 19:57:00
TX001219,CUST00622,475.64,Credit Card,insufficient_funds,1,2,181,14,0,0,0.36,0,2026-08-12 20:46:00
TX001220,CUST02281,9368.88,Wallet,network_error,1,0,140,22,0,0,0.64,0,2026-08-21 06:58:00
TX001221,CUST00880,334.42,Credit Card,issuer_declined,0,1,683,6,0,0,0.42,1,2026-08-02 01:16:00
TX001222,CUST00575,1494.91,UPI,expired_card,0,1,99,16,1,0,0.37,0,2026-08-26 17:54:00
TX001223,CUST01791,2066.84,UPI,suspicious_transaction,3,2,1104,15,0,0,0.02,0,2026-08-04 10:31:00
TX001224,CUST02316,1658.72,UPI,suspicious_transaction,2,1,1052,2,0,0,0.02,0,2026-08-09 16:30:00
TX001225,CUST00300,911.15,Net Banking,network_error,1,2,312,20,0,0,0.48,0,2026-08-21 15:56:00
TX001226,CUST02162,963.12,Net Banking,authentication_failed,0,1,14,19,0,1,0.24,1,2026-08-20 10:33:00
TX001227,CUST00617,1145.75,Debit Card,authentication_failed,1,1,1091,14,0,0,0.31,0,2026-08-17 03:22:00
TX001228,CUST02929,946.71,Wallet,bank_timeout,2,1,632,5,1,0,0.5,0,2026-08-02 19:05:00
TX001229,CUST00522,2875.2,Wallet,issuer_declined,0,1,472,21,0,0,0.42,0,2026-08-13 08:05:00
TX001230,CUST00955,10001.83,Credit Card,network_error,0,1,253,12,1,0,0.52,0,2026-08-10 11:49:00
TX001231,CUST01559,627.98,UPI,insufficient_funds,0,0,780,18,0,1,0.55,1,2026-08-27 07:39:00
TX001232,CUST02968,278.72,Wallet,bank_timeout,2,0,1002,23,0,0,0.68,1,2026-08-09 16:36:00
TX001233,CUST00862,1003.97,UPI,network_error,0,1,1042,3,0,1,0.59,1,2026-08-20 02:46:00
TX001234,CUST01640,14468.21,UPI,issuer_declined,4,0,890,20,0,0,0.26,1,2026-08-30 06:57:00
TX001235,CUST01597,490.94,Net Banking,bank_timeout,4,2,93,4,0,0,0.35,1,2026-08-24 14:28:00
TX001236,CUST00638,5648.34,Credit Card,expired_card,2,0,1222,6,0,0,0.48,1,2026-08-19 21:09:00
TX001237,CUST00646,5870.53,Net Banking,bank_timeout,4,1,1370,5,0,0,0.48,0,2026-08-02 08:44:00
TX001238,CUST02038,630.44,Credit Card,issuer_declined,1,1,1274,10,1,1,0.18,1,2026-08-22 09:54:00
TX001239,CUST00141,1937.17,Credit Card,authentication_failed,0,1,1226,23,0,0,0.37,1,2026-08-11 03:14:00
TX001240,CUST00378,5588.11,Net Banking,suspicious_transaction,0,1,952,13,0,0,0.12,0,2026-08-28 10:55:00
TX001241,CUST02609,750.6,UPI,issuer_declined,1,1,263,10,0,0,0.31,0,2026-08-05 09:17:00
TX001242,CUST01958,894.64,Net Banking,network_error,3,1,258,7,0,0,0.44,1,2026-08-04 17:46:00
TX001243,CUST00389,612.97,Net Banking,issuer_declined,1,0,464,8,0,0,0.44,1,2026-08-22 00:47:00
TX001244,CUST02738,397.52,Wallet,insufficient_funds,1,1,270,10,0,0,0.44,0,2026-08-02 13:22:00
TX001245,CUST01578,572.91,UPI,network_error,5,0,293,20,1,0,0.3,1,2026-08-15 16:17:00
TX001246,CUST00048,322.49,Wallet,insufficient_funds,3,1,1288,18,0,0,0.37,0,2026-08-12 23:03:00
TX001247,CUST02236,1134.65,Net Banking,bank_timeout,0,1,691,5,0,0,0.72,1,2026-08-25 23:32:00
TX001248,CUST01870,507.77,UPI,expired_card,0,1,130,11,0,1,0.39,0,2026-08-05 07:18:00
TX001249,CUST00931,1385.46,Net Banking,authentication_failed,0,1,259,11,0,0,0.32,0,2026-08-04 18:37:00
TX001250,CUST02068,231.39,Credit Card,issuer_declined,4,1,291,21,0,1,0.05,0,2026-08-17 02:35:00
TX001251,CUST02153,1526.73,Wallet,network_error,1,2,1076,1,0,0,0.53,1,2026-08-25 03:51:00
TX001252,CUST00684,2523.82,Debit Card,bank_timeout,1,2,1300,19,0,0,0.58,0,2026-08-25 14:43:00
TX001253,CUST02498,149.35,Net Banking,authentication_failed,0,1,608,12,0,0,0.37,0,2026-08-22 07:11:00
TX001254,CUST01319,1594.09,Credit Card,network_error,0,0,515,22,0,0,0.75,0,2026-08-28 21:41:00
TX001255,CUST02433,3743.1,UPI,bank_timeout,0,0,985,5,0,0,0.8,0,2026-08-12 00:50:00
TX001256,CUST01603,327.13,Credit Card,expired_card,0,0,510,11,1,0,0.5,1,2026-08-19 06:28:00
TX001257,CUST00506,5840.5,Wallet,suspicious_transaction,0,1,292,21,0,0,0.07,0,2026-08-24 16:39:00
TX001258,CUST01275,1667.4,Wallet,bank_timeout,1,1,476,21,0,0,0.66,1,2026-08-28 18:19:00
TX001259,CUST01862,541.85,Credit Card,bank_timeout,5,2,558,1,0,0,0.34,1,2026-08-22 05:34:00
TX001260,CUST01745,1037.15,Wallet,bank_timeout,2,3,597,7,0,1,0.36,0,2026-08-28 06:19:00
TX001261,CUST01486,1916.64,Credit Card,authentication_failed,1,2,886,13,1,0,0.13,0,2026-08-13 13:19:00
TX001262,CUST01031,1183.23,Wallet,issuer_declined,1,1,731,2,1,0,0.26,0,2026-08-27 15:49:00
TX001263,CUST02028,1879.49,Credit Card,insufficient_funds,1,0,1452,15,0,0,0.57,1,2026-08-24 14:51:00
TX001264,CUST02735,436.73,Net Banking,bank_timeout,0,0,1179,3,1,0,0.7,1,2026-08-28 11:31:00
TX001265,CUST01728,1299.01,Net Banking,network_error,0,1,944,18,0,1,0.59,1,2026-08-29 14:04:00
TX001266,CUST01769,266.74,UPI,bank_timeout,0,1,203,9,0,0,0.67,0,2026-08-12 12:54:00
TX001267,CUST01469,981.2,Debit Card,issuer_declined,4,2,914,1,0,0,0.1,0,2026-08-08 07:24:00
TX001268,CUST00858,444.12,Wallet,network_error,1,1,822,11,0,0,0.61,1,2026-08-05 01:04:00
TX001269,CUST01368,525.56,Debit Card,expired_card,2,1,649,9,1,0,0.3,0,2026-08-15 05:47:00
TX001270,CUST02547,3774.76,Net Banking,expired_card,2,1,543,22,0,0,0.4,0,2026-08-17 10:48:00
TX001271,CUST00653,3265.96,Credit Card,issuer_declined,0,1,1037,22,0,0,0.42,0,2026-08-09 02:19:00
TX001272,CUST01631,2016.54,Wallet,expired_card,0,0,1458,19,0,0,0.6,0,2026-08-07 15:12:00
TX001273,CUST02933,367.85,Debit Card,insufficient_funds,0,1,213,23,0,0,0.5,1,2026-08-26 22:42:00
TX001274,CUST00337,799.18,Debit Card,suspicious_transaction,0,0,504,17,0,0,0.2,1,2026-08-11 05:10:00
TX001275,CUST02848,3688.95,Credit Card,issuer_declined,0,0,298,0,0,0,0.45,0,2026-08-22 23:51:00
TX001276,CUST01798,1263.6,Net Banking,insufficient_funds,5,1,845,5,0,0,0.25,0,2026-08-18 14:49:00
TX001277,CUST01072,11151.5,Debit Card,network_error,0,1,747,7,0,0,0.67,0,2026-08-07 02:54:00
TX001278,CUST01318,1625.09,Credit Card,network_error,1,0,1040,22,0,0,0.69,0,2026-08-28 11:49:00
TX001279,CUST00934,1328.82,Debit Card,network_error,1,2,459,14,0,0,0.53,1,2026-08-20 22:16:00
TX001280,CUST02037,805.03,Wallet,insufficient_funds,4,1,46,17,0,0,0.26,0,2026-08-22 16:36:00
TX001281,CUST02894,1253.31,Credit Card,bank_timeout,0,1,1167,8,0,0,0.72,1,2026-08-23 08:05:00
TX001282,CUST01765,941.55,Credit Card,suspicious_transaction,0,1,635,17,0,0,0.12,0,2026-08-24 02:49:00
TX001283,CUST01668,2226.33,Credit Card,network_error,5,2,14,19,1,0,0.14,0,2026-08-04 05:33:00
TX001284,CUST02515,2854.64,UPI,insufficient_funds,2,1,510,19,0,0,0.43,0,2026-08-02 08:12:00
TX001285,CUST02660,499.7,Net Banking,network_error,0,0,827,18,0,0,0.75,0,2026-08-18 08:28:00
TX001286,CUST02853,289.68,Net Banking,bank_timeout,0,0,638,11,0,0,0.8,1,2026-08-05 03:06:00
TX001287,CUST00756,174.83,Debit Card,insufficient_funds,0,0,696,14,0,0,0.63,1,2026-08-28 14:05:00
TX001288,CUST00250,1822.55,Wallet,bank_timeout,0,0,4,16,1,0,0.65,1,2026-08-26 20:29:00
TX001289,CUST02308,363.81,Debit Card,authentication_failed,4,1,1304,19,0,0,0.13,0,2026-08-05 09:54:00
TX001290,CUST02799,127.37,Credit Card,insufficient_funds,1,1,1447,5,0,0,0.49,1,2026-08-29 07:28:00
TX001291,CUST00159,1617.41,Wallet,authentication_failed,2,0,639,9,1,0,0.23,0,2026-08-08 14:49:00
TX001292,CUST00409,13266.53,Net Banking,bank_timeout,0,1,932,21,0,0,0.72,1,2026-08-06 07:07:00
TX001293,CUST02740,1090.0,Wallet,bank_timeout,0,0,491,15,0,0,0.8,1,2026-08-22 20:45:00
TX001294,CUST02702,2536.37,Wallet,bank_timeout,1,2,1342,10,0,0,0.58,0,2026-08-24 17:48:00
TX001295,CUST01615,1190.14,Wallet,expired_card,0,0,918,6,0,0,0.6,1,2026-08-18 03:51:00
TX001296,CUST00338,993.38,Net Banking,bank_timeout,0,1,1249,12,0,0,0.72,0,2026-08-03 12:12:00
TX001297,CUST02161,2749.23,UPI,bank_timeout,0,0,1313,10,0,0,0.8,1,2026-08-14 18:53:00
TX001298,CUST01577,820.35,Credit Card,issuer_declined,1,2,889,23,0,0,0.28,0,2026-08-03 00:50:00
TX001299,CUST00879,1432.81,UPI,insufficient_funds,0,0,1460,10,1,0,0.53,1,2026-08-30 03:30:00
TX001300,CUST02511,1512.77,UPI,bank_timeout,0,0,595,0,0,0,0.8,0,2026-08-16 01:16:00
TX001301,CUST00726,562.23,Net Banking,authentication_failed,0,1,92,4,0,0,0.32,0,2026-08-20 05:51:00
TX001302,CUST02787,2957.33,Wallet,network_error,3,2,420,20,0,0,0.41,0,2026-08-19 22:15:00
TX001303,CUST01695,920.61,Net Banking,issuer_declined,3,3,520,19,1,0,0.02,0,2026-08-21 10:34:00
TX001304,CUST00528,515.05,Credit Card,bank_timeout,0,0,1001,2,0,0,0.8,0,2026-08-12 16:09:00
TX001305,CUST02789,1875.27,Net Banking,issuer_declined,0,1,223,3,0,0,0.37,1,2026-08-04 22:29:00
TX001306,CUST02273,446.54,Net Banking,bank_timeout,1,0,961,15,1,0,0.64,0,2026-08-09 09:29:00
TX001307,CUST00343,1127.98,UPI,issuer_declined,1,1,293,14,0,1,0.23,0,2026-08-09 14:24:00
TX001308,CUST00862,1086.68,Debit Card,bank_timeout,0,0,700,8,0,0,0.8,1,2026-08-30 07:34:00
TX001309,CUST00232,3248.33,Net Banking,issuer_declined,4,0,462,5,0,0,0.26,0,2026-08-02 03:38:00
TX001310,CUST01805,1762.87,UPI,authentication_failed,1,1,1141,5,0,0,0.31,1,2026-08-03 23:08:00
TX001311,CUST01680,1069.53,Wallet,insufficient_funds,1,0,1483,10,0,0,0.57,1,2026-08-11 15:13:00
TX001312,CUST00025,2484.35,Net Banking,bank_timeout,0,1,1162,3,0,0,0.72,1,2026-08-25 19:55:00
TX001313,CUST00303,4403.73,UPI,expired_card,3,3,579,21,0,0,0.18,0,2026-08-23 07:49:00
TX001314,CUST02510,1915.65,Debit Card,issuer_declined,5,3,982,4,0,0,0.02,0,2026-08-14 01:19:00
TX001315,CUST02610,1108.05,Credit Card,suspicious_transaction,0,1,329,11,0,0,0.07,0,2026-08-02 22:28:00
TX001316,CUST01884,295.35,Net Banking,network_error,1,0,824,4,0,0,0.69,0,2026-08-20 03:59:00
TX001317,CUST01712,378.0,Net Banking,network_error,0,1,950,11,0,0,0.67,1,2026-08-25 02:49:00
TX001318,CUST00844,808.17,Credit Card,bank_timeout,0,0,1494,21,0,0,0.8,1,2026-08-19 13:52:00
TX001319,CUST01536,596.15,Debit Card,bank_timeout,0,0,1112,20,0,0,0.8,0,2026-08-29 09:07:00
TX001320,CUST01689,909.62,UPI,bank_timeout,0,0,1351,12,0,0,0.8,0,2026-08-02 02:02:00
TX001321,CUST02843,1160.55,Credit Card,issuer_declined,1,1,1394,18,0,0,0.36,0,2026-08-10 00:03:00
TX001322,CUST00618,1862.53,Net Banking,issuer_declined,0,0,997,10,0,0,0.5,0,2026-08-29 14:02:00
TX001323,CUST00145,1021.98,UPI,network_error,0,0,109,10,0,0,0.7,0,2026-08-10 05:44:00
TX001324,CUST00617,1783.8,Credit Card,issuer_declined,0,1,1195,14,0,0,0.42,1,2026-08-05 14:51:00
TX001325,CUST02302,1169.67,Credit Card,authentication_failed,0,1,243,17,0,0,0.32,0,2026-08-29 14:41:00
TX001326,CUST01924,152.1,Debit Card,expired_card,3,0,1360,4,0,1,0.34,1,2026-08-18 08:05:00
TX001327,CUST01937,428.66,Net Banking,insufficient_funds,2,2,904,18,0,0,0.35,1,2026-08-23 09:08:00
TX001328,CUST02752,949.48,Wallet,issuer_declined,0,0,758,2,0,0,0.5,0,2026-08-07 19:16:00
TX001329,CUST00455,327.11,Credit Card,suspicious_transaction,0,0,727,19,0,0,0.2,0,2026-08-27 20:47:00
TX001330,CUST01712,1998.05,Credit Card,issuer_declined,0,1,1066,0,0,0,0.42,1,2026-08-11 20:50:00
TX001331,CUST02870,5068.25,Debit Card,issuer_declined,5,2,83,8,0,0,0.02,0,2026-08-04 15:38:00
TX001332,CUST01364,3709.91,Wallet,bank_timeout,3,0,1175,0,0,0,0.62,1,2026-08-18 16:13:00
TX001333,CUST00148,885.86,Debit Card,expired_card,0,1,834,22,0,0,0.52,0,2026-08-26 03:20:00
TX001334,CUST00791,4869.4,Net Banking,issuer_declined,0,1,1376,2,0,0,0.42,0,2026-08-06 03:59:00
TX001335,CUST00095,1272.41,Credit Card,network_error,0,0,363,11,1,0,0.6,1,2026-08-04 23:26:00
TX001336,CUST00309,782.83,UPI,network_error,2,2,1265,2,0,0,0.47,0,2026-08-21 23:16:00
TX001337,CUST02585,593.83,Debit Card,network_error,0,0,116,22,0,0,0.7,0,2026-08-09 10:41:00
TX001338,CUST00376,810.4,UPI,bank_timeout,2,1,431,1,0,0,0.6,0,2026-08-09 18:24:00
TX001339,CUST01950,743.84,Credit Card,network_error,1,2,382,15,0,0,0.53,0,2026-08-03 18:55:00
TX001340,CUST01813,1300.39,Credit Card,insufficient_funds,0,0,540,4,0,0,0.63,1,2026-08-06 15:27:00
TX001341,CUST02879,1287.65,UPI,bank_timeout,3,1,333,12,0,0,0.49,0,2026-08-24 01:24:00
TX001342,CUST02624,1099.98,Debit Card,bank_timeout,0,1,494,16,1,0,0.62,0,2026-08-13 19:25:00
TX001343,CUST00661,1697.54,UPI,bank_timeout,1,2,124,19,0,0,0.53,0,2026-08-21 07:04:00
TX001344,CUST00050,3607.05,UPI,issuer_declined,2,2,1430,21,0,0,0.22,0,2026-08-15 12:30:00
TX001345,CUST01847,2834.31,Debit Card,network_error,1,1,615,15,0,0,0.61,1,2026-08-27 17:24:00
TX001346,CUST00699,248.42,UPI,expired_card,0,1,665,12,0,0,0.52,1,2026-08-07 11:11:00
TX001347,CUST01580,100.0,Net Banking,suspicious_transaction,3,2,782,20,0,0,0.02,0,2026-08-08 20:43:00
TX001348,CUST00619,2791.46,Wallet,suspicious_transaction,0,0,802,15,0,0,0.2,1,2026-08-18 20:25:00
TX001349,CUST00649,279.53,Debit Card,authentication_failed,3,2,467,6,0,0,0.11,0,2026-08-08 06:34:00
TX001350,CUST01997,875.88,UPI,issuer_declined,0,1,1446,15,0,0,0.42,0,2026-08-23 11:49:00
TX001351,CUST00887,340.32,Net Banking,insufficient_funds,4,1,694,20,0,0,0.31,0,2026-08-28 06:23:00
TX001352,CUST00531,180.91,Wallet,issuer_declined,2,1,757,18,0,1,0.22,0,2026-08-19 23:28:00
TX001353,CUST01009,1884.58,Credit Card,suspicious_transaction,1,1,1299,15,0,0,0.06,0,2026-08-16 01:36:00
TX001354,CUST02861,2342.92,Credit Card,authentication_failed,4,1,1451,18,0,0,0.13,0,2026-08-26 15:16:00
TX001355,CUST01925,616.15,UPI,issuer_declined,3,3,304,19,0,0,0.03,0,2026-08-13 02:33:00
TX001356,CUST00275,100.0,Net Banking,issuer_declined,0,1,1458,4,0,0,0.42,0,2026-08-11 03:56:00
TX001357,CUST02594,635.08,UPI,issuer_declined,2,3,1151,4,0,0,0.14,0,2026-08-15 07:09:00
TX001358,CUST02478,1622.63,Wallet,bank_timeout,2,1,1224,19,0,0,0.6,0,2026-08-09 20:55:00
TX001359,CUST02145,249.91,Wallet,issuer_declined,2,3,1435,0,0,0,0.14,0,2026-08-02 07:28:00
TX001360,CUST02670,1317.33,Net Banking,bank_timeout,1,0,915,20,0,0,0.74,1,2026-08-15 07:04:00
TX001361,CUST00442,1079.97,Debit Card,insufficient_funds,0,1,584,5,0,0,0.55,1,2026-08-03 09:15:00
TX001362,CUST01338,1957.24,Wallet,insufficient_funds,0,1,1127,0,0,0,0.55,1,2026-08-15 20:44:00
TX001363,CUST02512,1235.93,UPI,expired_card,0,0,1048,1,0,0,0.6,1,2026-08-04 02:09:00
TX001364,CUST00574,414.44,Credit Card,bank_timeout,0,0,189,11,0,0,0.75,1,2026-08-04 03:59:00
TX001365,CUST02018,3628.49,Net Banking,insufficient_funds,1,2,811,22,0,0,0.41,0,2026-08-21 09:52:00
TX001366,CUST00652,935.86,UPI,network_error,3,1,491,1,0,0,0.49,1,2026-08-11 06:19:00
TX001367,CUST01961,1067.1,UPI,bank_timeout,2,1,282,16,0,0,0.55,0,2026-08-19 00:19:00
TX001368,CUST00079,431.27,Wallet,network_error,1,2,1464,22,0,1,0.45,1,2026-08-02 15:19:00
TX001369,CUST00856,703.96,Credit Card,insufficient_funds,0,0,1192,11,0,0,0.63,1,2026-08-07 22:18:00
TX001370,CUST02197,452.69,UPI,authentication_failed,2,2,545,17,0,0,0.17,0,2026-08-28 15:40:00
TX001371,CUST01050,922.47,Debit Card,bank_timeout,3,3,245,20,0,1,0.25,0,2026-08-30 15:30:00
TX001372,CUST02752,6073.61,Wallet,network_error,0,0,86,12,0,0,0.7,0,2026-08-10 02:36:00
TX001373,CUST02336,278.13,Debit Card,authentication_failed,1,2,622,11,0,0,0.23,1,2026-08-12 11:36:00
TX001374,CUST00889,218.42,Wallet,bank_timeout,0,0,684,6,0,0,0.8,1,2026-08-21 20:07:00
TX001375,CUST01601,4775.1,Wallet,network_error,4,3,1149,19,0,0,0.27,0,2026-08-12 07:26:00
TX001376,CUST00319,889.51,Wallet,bank_timeout,0,0,1269,1,0,0,0.8,0,2026-08-14 19:26:00
TX001377,CUST01823,561.68,Net Banking,network_error,4,0,110,11,0,0,0.46,1,2026-08-17 23:13:00
TX001378,CUST00312,3102.32,Debit Card,insufficient_funds,0,0,246,9,0,0,0.58,0,2026-08-10 07:32:00
TX001379,CUST00493,598.47,UPI,authentication_failed,4,1,30,3,1,0,0.02,0,2026-08-27 09:16:00
TX001380,CUST02847,6809.06,Wallet,issuer_declined,0,1,130,23,0,0,0.37,0,2026-08-18 04:14:00
TX001381,CUST00123,2160.13,UPI,insufficient_funds,2,3,359,0,0,1,0.14,1,2026-08-13 18:44:00
TX001382,CUST02908,673.23,Debit Card,network_error,0,1,50,21,0,0,0.62,1,2026-08-21 09:19:00
TX001383,CUST00008,9483.5,UPI,authentication_failed,2,3,1145,22,0,0,0.09,0,2026-08-03 03:39:00
TX001384,CUST01174,598.42,Debit Card,bank_timeout,0,1,1116,5,0,0,0.72,0,2026-08-25 14:39:00
TX001385,CUST00597,2303.29,Debit Card,network_error,0,0,1189,12,0,0,0.75,0,2026-08-07 17:15:00
TX001386,CUST02756,1479.25,Net Banking,expired_card,0,1,178,19,0,0,0.47,0,2026-08-30 09:01:00
TX001387,CUST01912,4030.89,Net Banking,network_error,3,1,88,10,0,0,0.44,0,2026-08-28 06:02:00
TX001388,CUST01400,5226.57,Wallet,expired_card,2,1,422,22,0,0,0.4,0,2026-08-23 19:38:00
TX001389,CUST02229,1132.3,UPI,insufficient_funds,1,1,1128,21,0,0,0.49,0,2026-08-16 05:47:00
TX001390,CUST02004,516.25,UPI,issuer_declined,2,2,1124,12,0,0,0.22,1,2026-08-16 23:31:00
TX001391,CUST01672,1737.1,UPI,issuer_declined,1,0,1422,6,0,0,0.44,0,2026-08-05 21:44:00
TX001392,CUST02029,556.84,Credit Card,authentication_failed,1,1,496,12,0,0,0.31,0,2026-08-09 16:37:00
TX001393,CUST00097,8212.29,UPI,bank_timeout,0,0,1394,2,1,0,0.7,1,2026-08-17 06:30:00
TX001394,CUST02710,1257.07,Net Banking,bank_timeout,1,1,795,11,0,0,0.66,1,2026-08-22 18:35:00
TX001395,CUST02602,761.03,Wallet,insufficient_funds,1,0,1024,10,0,0,0.57,1,2026-08-18 11:09:00
TX001396,CUST02208,1319.07,UPI,insufficient_funds,1,1,1403,15,0,0,0.49,0,2026-08-04 22:50:00
TX001397,CUST01946,285.11,Debit Card,insufficient_funds,0,0,932,12,0,0,0.63,0,2026-08-02 13:30:00
TX001398,CUST01323,415.04,Debit Card,insufficient_funds,2,3,444,19,0,1,0.19,1,2026-08-02 06:50:00
TX001399,CUST02074,3642.46,Net Banking,bank_timeout,0,1,1428,18,0,0,0.72,1,2026-08-03 05:12:00
TX001400,CUST01038,568.56,Wallet,bank_timeout,1,0,926,9,0,1,0.66,1,2026-08-20 10:06:00
TX001401,CUST00450,384.94,Credit Card,suspicious_transaction,0,1,996,7,1,0,0.02,0,2026-08-09 00:55:00
TX001402,CUST01544,1875.54,UPI,issuer_declined,0,1,469,22,0,0,0.42,0,2026-08-05 14:54:00
TX001403,CUST00674,3589.27,Credit Card,bank_timeout,5,0,898,15,0,0,0.5,1,2026-08-24 21:37:00
TX001404,CUST02842,2250.6,Debit Card,expired_card,0,1,69,8,0,0,0.47,1,2026-08-04 23:17:00
TX001405,CUST01077,2969.2,Debit Card,insufficient_funds,1,0,282,3,1,1,0.34,1,2026-08-09 22:38:00
TX001406,CUST01828,514.5,Wallet,issuer_declined,0,0,1345,5,0,0,0.5,1,2026-08-10 05:07:00
TX001407,CUST00604,264.59,Debit Card,bank_timeout,2,0,762,1,0,1,0.6,1,2026-08-13 02:25:00
TX001408,CUST02399,4921.33,Wallet,bank_timeout,3,1,655,7,0,0,0.54,1,2026-08-22 14:33:00
TX001409,CUST01960,794.19,Net Banking,bank_timeout,0,0,300,21,0,0,0.75,0,2026-08-04 02:16:00
TX001410,CUST01957,853.35,Wallet,suspicious_transaction,0,0,506,20,0,0,0.2,0,2026-08-11 06:08:00
TX001411,CUST01076,4138.94,Net Banking,bank_timeout,0,1,809,0,0,0,0.72,1,2026-08-21 11:19:00
TX001412,CUST02484,1912.62,Credit Card,network_error,0,1,1324,20,0,0,0.67,1,2026-08-04 09:58:00
TX001413,CUST01773,1730.02,Wallet,bank_timeout,0,0,1443,4,0,1,0.72,1,2026-08-13 18:44:00
TX001414,CUST01903,9556.74,Debit Card,issuer_declined,1,1,632,15,0,0,0.36,0,2026-08-27 19:57:00
TX001415,CUST02848,576.22,Wallet,suspicious_transaction,1,2,1176,4,0,1,0.02,0,2026-08-16 14:00:00
TX001416,CUST02183,2773.43,Wallet,expired_card,0,1,556,9,0,0,0.52,0,2026-08-15 18:04:00
TX001417,CUST00981,1160.97,Wallet,bank_timeout,5,1,687,16,0,0,0.42,0,2026-08-30 23:55:00
TX001418,CUST00772,1434.53,Wallet,authentication_failed,0,1,390,21,0,0,0.37,0,2026-08-10 07:19:00
TX001419,CUST01896,5056.7,Wallet,insufficient_funds,0,1,1308,7,0,0,0.55,0,2026-08-09 07:58:00
TX001420,CUST02653,1822.27,Net Banking,issuer_declined,0,1,1164,14,0,0,0.42,0,2026-08-12 11:50:00
TX001421,CUST00510,1878.63,Net Banking,network_error,5,0,137,6,0,0,0.4,0,2026-08-26 01:27:00
TX001422,CUST02391,3205.13,Debit Card,insufficient_funds,0,1,105,13,0,0,0.5,1,2026-08-20 21:30:00
TX001423,CUST01585,761.32,Debit Card,bank_timeout,0,1,112,1,0,0,0.67,1,2026-08-13 05:10:00
TX001424,CUST00522,473.8,UPI,suspicious_transaction,1,0,82,21,0,1,0.02,0,2026-08-29 09:58:00
TX001425,CUST02948,385.75,Debit Card,issuer_declined,0,0,1267,19,0,0,0.5,0,2026-08-11 18:10:00
TX001426,CUST00622,153.49,UPI,insufficient_funds,0,0,352,12,0,0,0.58,0,2026-08-05 03:35:00
TX001427,CUST02340,8571.58,Wallet,suspicious_transaction,0,1,256,3,0,0,0.07,0,2026-08-28 17:51:00
TX001428,CUST00679,363.87,Credit Card,authentication_failed,0,0,490,21,0,0,0.45,0,2026-08-18 14:22:00
TX001429,CUST01828,878.97,Credit Card,issuer_declined,3,3,1460,14,0,0,0.08,0,2026-08-28 23:48:00
TX001430,CUST01558,831.46,UPI,insufficient_funds,0,1,895,16,0,1,0.47,0,2026-08-18 15:41:00
TX001431,CUST01812,1491.3,Wallet,bank_timeout,0,0,1231,22,0,0,0.8,1,2026-08-10 22:02:00
TX001432,CUST01288,2479.31,Debit Card,insufficient_funds,0,1,473,12,0,0,0.55,1,2026-08-26 15:17:00
TX001433,CUST01000,2592.75,UPI,insufficient_funds,2,3,1171,11,0,1,0.19,0,2026-08-21 06:24:00
TX001434,CUST01738,612.12,UPI,insufficient_funds,0,1,751,8,0,0,0.55,0,2026-08-30 08:31:00
TX001435,CUST02119,927.86,Wallet,insufficient_funds,0,0,782,11,1,0,0.53,0,2026-08-08 05:24:00
TX001436,CUST00379,1454.74,Wallet,expired_card,0,0,1076,8,0,0,0.6,0,2026-08-13 16:12:00
TX001437,CUST00762,855.18,Credit Card,insufficient_funds,0,0,475,2,0,0,0.63,0,2026-08-09 00:10:00
TX001438,CUST01181,5471.71,Wallet,insufficient_funds,0,0,484,0,0,0,0.63,0,2026-08-04 01:35:00
TX001439,CUST00416,1791.8,Debit Card,network_error,0,0,948,17,0,0,0.75,1,2026-08-09 12:02:00
TX001440,CUST01007,2286.73,UPI,issuer_declined,0,1,1052,0,0,0,0.42,1,2026-08-08 14:24:00
TX001441,CUST00199,2127.88,Net Banking,bank_timeout,0,1,1176,8,0,0,0.72,1,2026-08-12 07:07:00
TX001442,CUST00664,3545.64,Wallet,network_error,0,1,279,0,0,0,0.62,1,2026-08-18 23:27:00
TX001443,CUST02255,1314.25,Wallet,network_error,3,3,1326,16,0,0,0.33,0,2026-08-19 10:35:00
TX001444,CUST01030,299.82,Wallet,suspicious_transaction,0,1,259,1,0,0,0.07,0,2026-08-14 13:58:00
TX001445,CUST00474,1635.47,Wallet,authentication_failed,0,1,766,0,0,0,0.37,1,2026-08-20 19:43:00
TX001446,CUST02616,571.72,Credit Card,insufficient_funds,1,2,287,20,0,0,0.36,1,2026-08-11 08:01:00
TX001447,CUST01799,646.38,Debit Card,insufficient_funds,1,1,761,6,0,0,0.49,1,2026-08-07 14:57:00
TX001448,CUST02622,1971.13,UPI,issuer_declined,0,1,792,20,0,1,0.34,1,2026-08-24 07:51:00
TX001449,CUST02260,3783.04,Net Banking,bank_timeout,5,3,139,11,0,0,0.21,0,2026-08-01 12:04:00
TX001450,CUST00415,1120.21,Credit Card,network_error,1,0,51,16,0,0,0.64,1,2026-08-19 08:38:00
TX001451,CUST01369,1493.43,Wallet,insufficient_funds,1,1,754,1,0,0,0.49,0,2026-08-23 04:29:00
TX001452,CUST01776,6016.22,Wallet,bank_timeout,2,0,315,12,0,0,0.63,0,2026-08-29 21:48:00
TX001453,CUST01095,1395.14,Credit Card,bank_timeout,3,0,1264,12,0,0,0.62,1,2026-08-01 13:13:00
TX001454,CUST00545,14789.65,Credit Card,insufficient_funds,0,0,875,17,0,0,0.63,1,2026-08-04 00:20:00
TX001455,CUST00670,1930.45,UPI,issuer_declined,1,0,449,14,0,0,0.44,0,2026-08-06 04:46:00
TX001456,CUST00328,188.53,Net Banking,network_error,0,1,961,8,0,0,0.67,0,2026-08-16 01:06:00
TX001457,CUST02587,2329.34,Debit Card,insufficient_funds,1,2,1208,16,0,0,0.41,0,2026-08-12 03:55:00
TX001458,CUST00927,1605.45,UPI,insufficient_funds,0,1,1022,23,0,1,0.47,0,2026-08-12 17:24:00
TX001459,CUST00437,3982.85,Credit Card,insufficient_funds,3,1,510,14,0,0,0.37,0,2026-08-24 00:30:00
TX001460,CUST01487,2149.91,Net Banking,network_error,0,1,613,2,0,0,0.67,0,2026-08-04 00:26:00
TX001461,CUST01286,954.84,UPI,insufficient_funds,2,1,849,15,0,0,0.43,1,2026-08-15 00:25:00
TX001462,CUST00966,322.37,Net Banking,authentication_failed,1,1,1206,6,0,0,0.31,1,2026-08-28 18:54:00
TX001463,CUST00676,889.78,Debit Card,bank_timeout,0,1,170,3,1,0,0.57,1,2026-08-25 14:13:00
TX001464,CUST01756,468.47,Net Banking,authentication_failed,4,1,106,0,0,1,0.02,0,2026-08-17 16:36:00
TX001465,CUST02781,613.68,Debit Card,expired_card,0,0,635,10,1,0,0.5,1,2026-08-02 19:09:00
TX001466,CUST02517,1975.5,UPI,authentication_failed,0,0,801,15,1,0,0.35,0,2026-08-24 22:37:00
TX001467,CUST00294,5824.94,Wallet,issuer_declined,0,1,323,20,0,0,0.37,0,2026-08-11 04:26:00
TX001468,CUST02823,1627.29,Debit Card,bank_timeout,3,1,1424,15,0,0,0.54,1,2026-08-14 08:44:00
TX001469,CUST02677,331.66,Net Banking,insufficient_funds,4,2,1365,10,0,0,0.23,0,2026-08-02 16:11:00
TX001470,CUST00326,1710.61,UPI,insufficient_funds,0,0,920,4,0,1,0.55,0,2026-08-15 13:28:00
TX001471,CUST02373,3628.71,Credit Card,network_error,0,0,1320,21,0,0,0.75,1,2026-08-10 13:07:00
TX001472,CUST01939,595.99,UPI,issuer_declined,0,1,136,1,1,0,0.27,1,2026-08-09 11:46:00
TX001473,CUST02039,959.09,Net Banking,expired_card,0,1,921,4,0,0,0.52,0,2026-08-30 23:09:00
TX001474,CUST01290,1112.86,Wallet,authentication_failed,0,0,514,13,1,0,0.35,1,2026-08-02 21:54:00
TX001475,CUST00575,500.25,Credit Card,insufficient_funds,1,1,415,23,0,1,0.41,1,2026-08-17 10:00:00
TX001476,CUST02914,2097.04,Debit Card,network_error,0,0,215,15,0,0,0.7,1,2026-08-07 17:26:00
TX001477,CUST01362,971.7,Wallet,issuer_declined,0,0,891,23,0,0,0.5,0,2026-08-25 21:36:00
TX001478,CUST01189,1668.25,Wallet,suspicious_transaction,1,1,682,0,0,0,0.06,0,2026-08-22 14:17:00
TX001479,CUST01710,451.47,Net Banking,authentication_failed,1,0,646,18,0,0,0.39,0,2026-08-02 18:16:00
TX001480,CUST00940,708.07,Wallet,issuer_declined,0,0,84,7,0,0,0.45,1,2026-08-20 13:41:00
TX001481,CUST00196,2258.33,UPI,network_error,0,1,34,16,0,0,0.62,0,2026-08-14 22:27:00
TX001482,CUST02459,755.34,UPI,insufficient_funds,1,2,1355,17,0,0,0.41,1,2026-08-18 16:55:00
TX001483,CUST02297,6166.98,Debit Card,bank_timeout,1,0,1404,13,1,0,0.64,0,2026-08-01 22:35:00
TX001484,CUST00408,735.36,Credit Card,suspicious_transaction,2,1,1347,9,0,0,0.02,0,2026-08-10 06:55:00
TX001485,CUST02987,1372.91,Credit Card,issuer_declined,2,2,634,17,0,0,0.22,1,2026-08-08 01:55:00
TX001486,CUST00498,2786.64,UPI,suspicious_transaction,0,1,367,3,0,0,0.12,0,2026-08-25 07:55:00
TX001487,CUST01906,265.51,Wallet,bank_timeout,1,1,171,11,0,0,0.61,1,2026-08-09 14:45:00
TX001488,CUST02234,188.52,Debit Card,network_error,3,0,130,5,0,0,0.52,0,2026-08-25 08:09:00
TX001489,CUST00796,238.49,Net Banking,suspicious_transaction,2,2,62,10,0,0,0.02,0,2026-08-24 07:41:00
TX001490,CUST01649,3876.1,Credit Card,bank_timeout,1,1,1201,23,0,0,0.66,0,2026-08-30 21:38:00
TX001491,CUST02025,631.53,Wallet,network_error,0,1,408,1,1,0,0.57,0,2026-08-01 18:42:00
TX001492,CUST02723,14160.32,Debit Card,expired_card,0,0,646,14,1,0,0.5,0,2026-08-26 13:12:00
TX001493,CUST00478,623.75,Wallet,bank_timeout,1,2,1487,10,1,0,0.48,0,2026-08-30 00:57:00
TX001494,CUST01299,1318.9,Credit Card,issuer_declined,2,2,80,3,1,0,0.07,0,2026-08-07 05:33:00
TX001495,CUST02851,5126.15,Debit Card,network_error,5,2,697,13,0,0,0.29,0,2026-08-23 16:15:00
TX001496,CUST01264,8152.61,Debit Card,insufficient_funds,0,1,672,5,0,0,0.55,0,2026-08-28 10:32:00
TX001497,CUST02456,8617.1,UPI,issuer_declined,0,1,684,10,0,0,0.42,1,2026-08-04 14:06:00
TX001498,CUST00949,3671.54,UPI,issuer_declined,3,0,1460,17,0,0,0.32,0,2026-08-26 03:19:00
TX001499,CUST02695,3053.56,Debit Card,bank_timeout,0,0,639,13,1,0,0.7,0,2026-08-07 05:31:00
TX001500,CUST00282,1983.32,UPI,suspicious_transaction,1,0,977,1,0,0,0.14,0,2026-08-13 00:40:00
TX001501,CUST00651,2388.36,Wallet,suspicious_transaction,3,1,168,10,0,0,0.02,0,2026-08-05 17:27:00
TX001502,CUST02584,631.95,UPI,insufficient_funds,2,1,347,23,0,0,0.38,0,2026-08-19 13:32:00
TX001503,CUST00022,483.86,Wallet,authentication_failed,1,2,385,15,0,1,0.15,0,2026-08-18 16:16:00
TX001504,CUST00789,1092.94,Wallet,issuer_declined,0,1,1185,9,0,0,0.42,0,2026-08-20 02:59:00
TX001505,CUST01045,925.02,Wallet,insufficient_funds,5,3,1210,6,0,0,0.09,0,2026-08-30 03:56:00
TX001506,CUST02377,696.99,UPI,suspicious_transaction,0,0,473,7,0,0,0.2,0,2026-08-07 01:13:00
TX001507,CUST00894,2200.38,Debit Card,suspicious_transaction,1,2,431,22,1,0,0.02,0,2026-08-16 12:51:00
TX001508,CUST00846,2850.66,Net Banking,bank_timeout,2,0,756,10,0,0,0.68,1,2026-08-13 12:26:00
TX001509,CUST01817,1198.0,Credit Card,authentication_failed,0,1,724,6,0,0,0.37,0,2026-08-23 07:06:00
TX001510,CUST02003,4805.57,Debit Card,insufficient_funds,0,1,950,5,1,0,0.45,1,2026-08-21 21:04:00
TX001511,CUST02148,350.13,Debit Card,bank_timeout,0,1,289,9,0,0,0.67,1,2026-08-25 02:27:00
TX001512,CUST00268,903.56,Wallet,insufficient_funds,0,0,921,6,0,0,0.63,1,2026-08-18 18:38:00
TX001513,CUST01105,535.49,Credit Card,insufficient_funds,0,0,36,7,0,0,0.58,0,2026-08-26 02:39:00
TX001514,CUST02088,169.6,Credit Card,bank_timeout,2,2,1413,3,0,0,0.52,0,2026-08-19 08:57:00
TX001515,CUST00084,1009.61,UPI,insufficient_funds,3,1,580,8,0,0,0.37,0,2026-08-26 07:15:00
TX001516,CUST02514,970.93,Wallet,network_error,1,0,1286,15,0,1,0.61,0,2026-08-15 21:34:00
TX001517,CUST02825,4981.32,Wallet,insufficient_funds,0,1,397,5,1,0,0.45,0,2026-08-12 10:20:00
TX001518,CUST02851,2060.72,Debit Card,insufficient_funds,1,2,1233,18,0,1,0.33,0,2026-08-09 22:22:00
TX001519,CUST01004,393.79,Debit Card,bank_timeout,0,1,494,17,0,0,0.72,0,2026-08-01 17:56:00
TX001520,CUST02826,7002.99,UPI,bank_timeout,3,1,842,1,0,0,0.54,0,2026-08-04 07:18:00
TX001521,CUST00421,3718.34,Wallet,insufficient_funds,0,0,448,11,1,0,0.53,0,2026-08-19 14:53:00
TX001522,CUST00493,1962.74,Debit Card,expired_card,3,1,192,10,0,0,0.29,1,2026-08-12 09:24:00
TX001523,CUST02451,874.38,Wallet,network_error,4,1,91,15,0,0,0.38,0,2026-08-01 06:56:00
TX001524,CUST02006,420.13,Credit Card,network_error,3,0,182,16,0,0,0.52,1,2026-08-20 10:30:00
TX001525,CUST02853,755.81,Debit Card,suspicious_transaction,2,1,56,23,1,0,0.02,0,2026-08-13 12:39:00
TX001526,CUST00789,3257.61,Credit Card,authentication_failed,0,0,368,6,0,0,0.45,1,2026-08-03 18:55:00
TX001527,CUST02711,7219.83,Net Banking,issuer_declined,0,0,1487,23,0,0,0.5,0,2026-08-14 15:14:00
TX001528,CUST02813,5131.96,Net Banking,bank_timeout,0,0,971,12,1,0,0.7,1,2026-08-20 03:08:00
TX001529,CUST00445,672.6,UPI,network_error,0,0,851,3,0,0,0.75,1,2026-08-24 16:15:00
TX001530,CUST02924,357.95,Wallet,authentication_failed,1,2,1200,10,0,0,0.23,0,2026-08-25 06:00:00
TX001531,CUST02706,1262.55,Wallet,bank_timeout,0,0,1252,14,0,0,0.8,1,2026-08-01 21:52:00
TX001532,CUST00804,187.08,Net Banking,issuer_declined,2,3,187,18,1,0,0.02,0,2026-08-11 10:56:00
TX001533,CUST02869,1515.0,Wallet,suspicious_transaction,0,1,809,20,0,0,0.12,0,2026-08-24 13:44:00
TX001534,CUST00737,946.15,Wallet,authentication_failed,2,1,104,16,0,0,0.2,1,2026-08-25 12:44:00
TX001535,CUST02263,688.12,UPI,issuer_declined,1,1,535,10,0,0,0.36,1,2026-08-23 07:45:00
TX001536,CUST00841,222.58,Credit Card,network_error,0,0,1061,4,0,1,0.67,0,2026-08-25 21:10:00
TX001537,CUST00329,1832.8,Debit Card,insufficient_funds,1,1,62,1,0,0,0.44,0,2026-08-02 02:26:00
TX001538,CUST02962,643.74,UPI,bank_timeout,0,0,170,22,0,0,0.75,1,2026-08-25 12:45:00
TX001539,CUST02653,340.39,Debit Card,bank_timeout,1,2,53,23,0,0,0.53,1,2026-08-06 05:46:00
TX001540,CUST02065,100.0,Debit Card,network_error,0,0,1118,4,0,0,0.75,1,2026-08-23 08:27:00
TX001541,CUST02140,1066.87,UPI,bank_timeout,2,2,1027,19,0,0,0.52,1,2026-08-24 01:56:00
TX001542,CUST01781,6452.68,Net Banking,bank_timeout,1,0,1356,8,0,0,0.74,1,2026-08-05 00:52:00
TX001543,CUST01481,5774.8,Wallet,issuer_declined,0,1,1154,3,0,0,0.42,1,2026-08-11 08:52:00
TX001544,CUST01318,694.3,Debit Card,expired_card,0,0,1182,12,0,0,0.6,1,2026-08-22 09:06:00
TX001545,CUST00218,600.52,Net Banking,bank_timeout,0,1,1266,11,0,1,0.64,1,2026-08-29 22:56:00
TX001546,CUST02154,1752.46,Credit Card,bank_timeout,0,0,251,12,0,0,0.75,0,2026-08-25 02:07:00
TX001547,CUST00021,404.08,Debit Card,expired_card,0,0,1122,15,0,0,0.6,1,2026-08-18 04:58:00
TX001548,CUST02942,1482.95,Credit Card,insufficient_funds,0,1,497,4,0,0,0.55,1,2026-08-14 10:23:00
TX001549,CUST02974,2359.21,Credit Card,insufficient_funds,1,2,1497,9,0,0,0.41,1,2026-08-20 02:31:00
TX001550,CUST02937,3740.35,Credit Card,issuer_declined,2,3,439,3,0,0,0.14,1,2026-08-02 20:32:00
TX001551,CUST01599,992.12,Debit Card,suspicious_transaction,1,0,727,11,0,0,0.14,1,2026-08-19 08:29:00
TX001552,CUST00939,894.55,Debit Card,issuer_declined,1,1,393,23,1,1,0.18,0,2026-08-19 17:07:00
TX001553,CUST01147,455.78,Debit Card,insufficient_funds,4,0,463,23,1,0,0.29,0,2026-08-24 14:36:00
TX001554,CUST00731,479.68,Debit Card,issuer_declined,5,3,1250,22,1,0,0.02,0,2026-08-30 02:02:00
TX001555,CUST00236,874.39,Debit Card,issuer_declined,3,1,728,6,0,0,0.24,0,2026-08-06 13:27:00
TX001556,CUST01617,1583.46,Credit Card,network_error,2,0,194,22,0,0,0.58,0,2026-08-06 15:11:00
TX001557,CUST02230,2734.17,UPI,expired_card,0,0,1293,21,0,0,0.6,1,2026-08-15 16:49:00
TX001558,CUST00925,491.19,UPI,authentication_failed,3,0,172,19,0,0,0.22,0,2026-08-18 17:15:00
TX001559,CUST00391,4878.97,Net Banking,suspicious_transaction,3,0,22,5,0,1,0.02,0,2026-08-27 16:10:00
TX001560,CUST00438,836.21,Debit Card,network_error,0,0,1224,16,0,0,0.75,1,2026-08-22 11:50:00
TX001561,CUST02609,1073.45,Net Banking,issuer_declined,0,0,1485,13,0,0,0.5,0,2026-08-18 19:54:00
TX001562,CUST01507,519.46,Wallet,network_error,0,0,157,9,0,0,0.7,0,2026-08-30 02:16:00
TX001563,CUST02356,100.0,Debit Card,bank_timeout,0,0,814,16,0,0,0.8,1,2026-08-19 12:51:00
TX001564,CUST00798,2654.59,Credit Card,network_error,0,0,1243,19,0,1,0.67,1,2026-08-16 06:07:00
TX001565,CUST01384,2291.23,Net Banking,bank_timeout,0,0,1425,23,0,0,0.8,1,2026-08-19 12:49:00
TX001566,CUST00176,827.72,Debit Card,expired_card,2,2,487,15,0,0,0.32,0,2026-08-03 02:38:00
TX001567,CUST02128,1172.61,UPI,bank_timeout,0,0,87,6,0,1,0.67,0,2026-08-17 10:39:00
TX001568,CUST01600,1837.09,Net Banking,authentication_failed,0,0,792,4,0,1,0.37,0,2026-08-10 16:29:00
TX001569,CUST00410,229.86,Credit Card,network_error,0,1,729,1,0,0,0.67,1,2026-08-27 00:49:00
TX001570,CUST00446,646.1,Net Banking,expired_card,1,2,1320,4,0,0,0.38,0,2026-08-14 05:11:00
TX001571,CUST00166,2426.64,UPI,issuer_declined,3,0,1081,14,0,0,0.32,1,2026-08-26 01:03:00
TX001572,CUST02166,312.85,Credit Card,insufficient_funds,0,1,1259,23,0,0,0.55,1,2026-08-01 19:43:00
TX001573,CUST02481,1470.79,UPI,insufficient_funds,5,0,593,9,0,0,0.33,0,2026-08-21 14:54:00
TX001574,CUST01046,282.43,Wallet,network_error,0,1,1279,18,0,0,0.67,1,2026-08-26 03:41:00
TX001575,CUST02629,1748.35,Wallet,network_error,2,3,184,16,0,0,0.34,0,2026-08-18 11:32:00
TX001576,CUST02609,1058.24,Wallet,issuer_declined,0,0,603,0,0,0,0.5,0,2026-08-09 20:23:00
TX001577,CUST00718,218.08,Credit Card,bank_timeout,2,1,603,4,0,0,0.6,1,2026-08-03 11:49:00
TX001578,CUST01671,3514.81,Wallet,expired_card,5,3,318,12,0,0,0.02,0,2026-08-02 09:20:00
TX001579,CUST02630,526.06,Net Banking,bank_timeout,0,0,1065,19,0,0,0.8,1,2026-08-17 11:11:00
TX001580,CUST02664,487.72,Credit Card,authentication_failed,1,2,1150,0,0,0,0.23,0,2026-08-16 16:29:00
TX001581,CUST01670,1340.19,UPI,suspicious_transaction,3,3,700,0,0,0,0.02,0,2026-08-27 20:59:00
TX001582,CUST01470,3458.66,Wallet,expired_card,0,1,192,17,0,0,0.47,1,2026-08-04 07:31:00
TX001583,CUST00888,397.1,UPI,insufficient_funds,2,0,1377,21,0,0,0.51,0,2026-08-15 06:38:00
TX001584,CUST02341,1166.4,Debit Card,suspicious_transaction,2,2,394,8,0,0,0.02,0,2026-08-15 03:24:00
TX001585,CUST02085,1683.81,Debit Card,expired_card,0,0,337,15,0,1,0.47,0,2026-08-24 09:18:00
TX001586,CUST01779,2193.18,Wallet,issuer_declined,3,0,113,3,0,0,0.27,0,2026-08-04 09:58:00
TX001587,CUST00333,1308.24,Credit Card,network_error,0,0,99,2,0,1,0.62,0,2026-08-04 15:29:00
TX001588,CUST01201,759.74,Wallet,bank_timeout,2,0,929,13,0,0,0.68,1,2026-08-27 12:12:00
TX001589,CUST01816,479.34,Net Banking,expired_card,0,1,452,20,0,1,0.44,0,2026-08-21 03:32:00
TX001590,CUST02453,1195.29,Debit Card,issuer_declined,0,1,287,23,0,0,0.37,0,2026-08-28 03:19:00
TX001591,CUST00562,375.35,Debit Card,bank_timeout,2,3,1485,20,0,0,0.44,0,2026-08-08 07:49:00
TX001592,CUST02316,100.0,Wallet,bank_timeout,2,0,814,16,0,0,0.68,0,2026-08-10 00:44:00
TX001593,CUST00831,1696.9,Net Banking,issuer_declined,4,2,733,22,0,0,0.1,0,2026-08-19 06:20:00
TX001594,CUST00446,2707.92,Net Banking,insufficient_funds,0,0,420,5,0,1,0.55,1,2026-08-18 06:52:00
TX001595,CUST00462,103.24,Credit Card,network_error,0,1,272,14,0,0,0.62,1,2026-08-06 12:27:00
TX001596,CUST00780,399.52,Credit Card,insufficient_funds,3,2,629,8,0,0,0.29,1,2026-08-27 08:12:00
TX001597,CUST01324,2036.84,UPI,bank_timeout,0,0,194,13,0,0,0.75,1,2026-08-10 07:47:00
TX001598,CUST02794,8582.63,Debit Card,authentication_failed,0,0,291,14,0,0,0.4,0,2026-08-09 11:52:00
TX001599,CUST00308,1119.67,UPI,authentication_failed,1,1,1207,17,0,0,0.31,1,2026-08-24 15:21:00
TX001600,CUST01720,529.53,Credit Card,insufficient_funds,0,1,1498,21,0,0,0.55,1,2026-08-11 13:00:00
TX001601,CUST02210,913.34,Credit Card,authentication_failed,3,1,1114,21,0,0,0.19,0,2026-08-27 01:14:00
TX001602,CUST01842,4336.73,UPI,insufficient_funds,2,3,825,21,0,0,0.27,0,2026-08-03 18:43:00
TX001603,CUST01650,574.81,Net Banking,issuer_declined,0,0,32,11,0,0,0.45,1,2026-08-30 23:42:00
TX001604,CUST00701,493.15,Credit Card,issuer_declined,0,0,177,12,0,0,0.45,1,2026-08-16 05:57:00
TX001605,CUST02209,676.72,Net Banking,suspicious_transaction,1,1,1167,4,0,0,0.06,0,2026-08-08 22:17:00
TX001606,CUST00298,422.7,Wallet,bank_timeout,1,1,1217,1,0,0,0.66,0,2026-08-11 16:55:00
TX001607,CUST01762,1239.76,Wallet,expired_card,0,0,325,4,0,1,0.47,1,2026-08-02 13:02:00
TX001608,CUST02479,5567.37,Credit Card,expired_card,1,2,1226,22,0,0,0.38,1,2026-08-06 21:58:00
TX001609,CUST01222,1514.86,Wallet,issuer_declined,2,0,1326,2,0,0,0.38,0,2026-08-21 20:07:00
TX001610,CUST00147,852.05,Net Banking,bank_timeout,4,1,1115,12,0,0,0.48,0,2026-08-30 21:19:00
TX001611,CUST00765,819.09,UPI,suspicious_transaction,1,1,160,19,1,0,0.02,0,2026-08-23 12:33:00
TX001612,CUST02501,229.71,Wallet,insufficient_funds,1,2,1177,13,0,0,0.41,1,2026-08-06 21:26:00
TX001613,CUST01312,2652.11,Wallet,insufficient_funds,1,2,79,20,0,0,0.36,1,2026-08-30 06:55:00
TX001614,CUST00763,1014.51,Credit Card,issuer_declined,1,0,1359,11,0,0,0.44,0,2026-08-16 02:29:00
TX001615,CUST02809,915.55,Net Banking,insufficient_funds,0,0,344,8,0,0,0.58,0,2026-08-18 01:05:00
TX001616,CUST01100,26718.4,Debit Card,bank_timeout,1,1,1216,12,0,0,0.66,0,2026-08-14 09:18:00
TX001617,CUST00761,1478.46,Credit Card,expired_card,0,1,802,7,0,0,0.52,0,2026-08-27 01:25:00
TX001618,CUST00423,517.09,Debit Card,insufficient_funds,0,1,383,17,0,0,0.55,0,2026-08-09 02:18:00
TX001619,CUST01407,715.97,Net Banking,bank_timeout,1,1,1207,7,0,0,0.66,1,2026-08-17 20:11:00
TX001620,CUST00419,3458.0,Credit Card,authentication_failed,4,0,1147,22,0,0,0.21,0,2026-08-23 06:48:00
TX001621,CUST02126,1228.16,Debit Card,suspicious_transaction,4,2,33,19,0,0,0.02,0,2026-08-12 21:51:00
TX001622,CUST00919,260.27,UPI,bank_timeout,1,0,1384,16,0,1,0.66,0,2026-08-22 21:37:00
TX001623,CUST02454,2749.65,Net Banking,bank_timeout,0,1,1192,7,0,1,0.64,0,2026-08-10 13:34:00
TX001624,CUST01616,562.2,Debit Card,bank_timeout,0,0,670,10,0,0,0.8,1,2026-08-29 04:31:00
TX001625,CUST00879,7138.78,Net Banking,insufficient_funds,3,0,488,13,0,0,0.45,1,2026-08-29 06:02:00
TX001626,CUST01089,3229.39,Credit Card,expired_card,1,0,581,2,1,0,0.44,0,2026-08-29 00:31:00
TX001627,CUST02168,701.12,UPI,expired_card,1,2,124,19,0,0,0.33,0,2026-08-13 08:44:00
TX001628,CUST01479,3948.21,Credit Card,issuer_declined,1,2,714,12,0,0,0.28,0,2026-08-20 11:39:00
TX001629,CUST01705,1173.63,UPI,suspicious_transaction,3,3,922,17,0,0,0.02,0,2026-08-23 10:10:00
TX001630,CUST02893,2572.86,Debit Card,insufficient_funds,5,2,1109,20,0,0,0.17,0,2026-08-15 10:36:00
TX001631,CUST02920,1780.65,Wallet,issuer_declined,1,1,1259,3,0,0,0.36,0,2026-08-16 02:57:00
TX001632,CUST00105,470.43,Credit Card,suspicious_transaction,0,0,88,4,0,0,0.15,0,2026-08-30 11:04:00
TX001633,CUST00951,576.2,UPI,suspicious_transaction,0,0,668,10,1,1,0.02,0,2026-08-02 12:54:00
TX001634,CUST02138,3071.62,Credit Card,expired_card,0,0,1397,3,0,0,0.6,1,2026-08-29 01:49:00
TX001635,CUST01570,784.64,Net Banking,insufficient_funds,5,3,296,15,0,0,0.04,0,2026-08-20 06:06:00
TX001636,CUST01840,732.42,Net Banking,network_error,0,1,307,23,1,0,0.52,1,2026-08-08 15:10:00
TX001637,CUST01511,421.95,Debit Card,bank_timeout,4,1,355,22,0,0,0.43,0,2026-08-09 15:59:00
TX001638,CUST00258,1675.05,Credit Card,bank_timeout,0,0,1284,9,0,1,0.72,0,2026-08-05 02:08:00
TX001639,CUST02129,8625.9,Credit Card,insufficient_funds,1,0,1470,17,0,1,0.49,1,2026-08-22 11:10:00
TX001640,CUST01655,377.08,Wallet,network_error,1,0,371,11,0,0,0.69,0,2026-08-17 12:41:00
TX001641,CUST02303,1123.52,Debit Card,insufficient_funds,0,0,667,4,0,0,0.63,0,2026-08-21 15:25:00
TX001642,CUST01567,4501.75,Wallet,issuer_declined,0,0,1126,5,0,0,0.5,0,2026-08-08 23:44:00
TX001643,CUST00260,1012.68,Net Banking,expired_card,0,0,1157,20,0,0,0.6,0,2026-08-02 07:58:00
TX001644,CUST01335,1723.95,Credit Card,bank_timeout,1,2,1260,6,0,0,0.58,0,2026-08-20 10:30:00
TX001645,CUST01340,379.03,Wallet,bank_timeout,0,0,485,5,0,0,0.8,0,2026-08-27 06:53:00
TX001646,CUST02213,1682.96,Credit Card,issuer_declined,4,2,856,3,0,0,0.1,0,2026-08-23 10:35:00
TX001647,CUST00897,909.46,Credit Card,network_error,0,0,1170,10,0,0,0.75,0,2026-08-23 16:04:00
TX001648,CUST02504,2938.72,UPI,bank_timeout,0,1,6,5,0,0,0.67,1,2026-08-16 01:39:00
TX001649,CUST01010,3595.31,Wallet,insufficient_funds,1,1,1473,3,0,0,0.49,0,2026-08-07 07:02:00
TX001650,CUST02374,14611.49,Wallet,suspicious_transaction,1,0,306,0,0,0,0.09,0,2026-08-17 13:55:00
TX001651,CUST01627,1957.91,UPI,insufficient_funds,0,0,544,17,0,0,0.63,0,2026-08-22 04:33:00
TX001652,CUST02125,1518.98,Wallet,insufficient_funds,1,1,1401,6,0,0,0.49,0,2026-08-24 09:47:00
TX001653,CUST01464,1331.93,Credit Card,issuer_declined,1,0,83,6,1,0,0.29,1,2026-08-18 15:38:00
TX001654,CUST02644,770.34,UPI,network_error,3,2,225,14,1,0,0.26,1,2026-08-10 13:25:00
TX001655,CUST02982,1538.38,Wallet,authentication_failed,3,0,306,20,0,0,0.22,0,2026-08-27 17:01:00
TX001656,CUST01427,816.15,UPI,bank_timeout,0,1,1339,23,0,1,0.64,0,2026-08-01 05:21:00
TX001657,CUST02362,1297.85,Net Banking,suspicious_transaction,0,1,191,19,0,0,0.07,1,2026-08-07 20:51:00
TX001658,CUST02998,4095.31,Credit Card,bank_timeout,0,1,840,14,0,0,0.72,1,2026-08-05 01:28:00
TX001659,CUST00475,400.8,UPI,issuer_declined,0,0,86,3,0,1,0.37,1,2026-08-16 14:34:00
TX001660,CUST02711,3428.5,Wallet,network_error,4,1,1276,23,0,1,0.35,0,2026-08-20 15:15:00
TX001661,CUST01558,4093.33,Debit Card,bank_timeout,0,0,933,20,0,0,0.8,1,2026-08-05 17:11:00
TX001662,CUST00613,974.51,Debit Card,bank_timeout,0,0,1144,21,0,0,0.8,0,2026-08-01 09:32:00
TX001663,CUST02362,131.39,Debit Card,suspicious_transaction,0,1,770,4,1,0,0.02,0,2026-08-17 16:33:00
TX001664,CUST01434,597.16,Net Banking,authentication_failed,0,0,440,22,0,0,0.45,1,2026-08-27 13:17:00
TX001665,CUST02034,4011.8,UPI,network_error,0,1,243,4,0,0,0.62,1,2026-08-15 20:46:00
TX001666,CUST02211,1071.84,Debit Card,issuer_declined,2,1,435,0,0,1,0.22,0,2026-08-08 02:34:00
TX001667,CUST00106,403.71,Credit Card,suspicious_transaction,4,3,253,11,0,0,0.02,0,2026-08-13 15:34:00
TX001668,CUST00248,661.97,Credit Card,insufficient_funds,0,0,884,13,0,1,0.55,1,2026-08-06 18:09:00
TX001669,CUST01153,2541.78,Wallet,expired_card,3,2,655,8,0,0,0.26,0,2026-08-29 18:01:00
TX001670,CUST02630,1894.54,UPI,issuer_declined,2,2,67,7,1,1,0.02,0,2026-08-19 10:57:00
TX001671,CUST02034,863.56,Wallet,authentication_failed,1,1,867,9,0,0,0.31,0,2026-08-16 20:08:00
TX001672,CUST01524,759.89,Debit Card,insufficient_funds,0,0,515,15,0,0,0.63,0,2026-08-22 00:20:00
TX001673,CUST01779,741.18,UPI,bank_timeout,1,0,1054,3,1,1,0.56,0,2026-08-19 18:38:00
TX001674,CUST02269,435.98,Credit Card,bank_timeout,0,0,1002,5,0,1,0.72,1,2026-08-05 10:25:00
TX001675,CUST02977,5515.82,Debit Card,insufficient_funds,0,0,1475,3,0,0,0.63,1,2026-08-09 21:31:00
TX001676,CUST02083,794.47,UPI,insufficient_funds,0,0,947,22,0,1,0.55,1,2026-08-14 02:16:00
TX001677,CUST01480,3703.96,Wallet,suspicious_transaction,1,0,821,5,1,0,0.04,1,2026-08-20 19:14:00
TX001678,CUST00745,5020.66,Debit Card,insufficient_funds,1,1,916,13,0,0,0.49,0,2026-08-10 07:26:00
TX001679,CUST00494,2975.93,Wallet,bank_timeout,0,0,1244,12,0,0,0.8,0,2026-08-12 13:40:00
TX001680,CUST01792,712.21,Net Banking,insufficient_funds,0,1,1199,2,0,0,0.55,0,2026-08-22 14:49:00
TX001681,CUST00078,1642.1,UPI,bank_timeout,0,1,872,3,0,0,0.72,1,2026-08-04 02:04:00
TX001682,CUST00478,1070.42,UPI,insufficient_funds,1,1,255,8,1,0,0.34,1,2026-08-11 17:43:00
TX001683,CUST02228,444.21,Wallet,bank_timeout,2,2,1176,0,0,0,0.52,0,2026-08-15 09:53:00
TX001684,CUST00706,1516.8,UPI,issuer_declined,1,0,1208,9,0,0,0.44,0,2026-08-18 23:26:00
TX001685,CUST02483,337.3,Wallet,suspicious_transaction,1,2,134,6,0,0,0.02,0,2026-08-19 20:49:00
TX001686,CUST01566,3596.37,Wallet,insufficient_funds,0,1,783,3,0,0,0.55,0,2026-08-23 01:46:00
TX001687,CUST01966,689.1,Wallet,issuer_declined,0,0,661,13,0,0,0.5,0,2026-08-27 21:30:00
TX001688,CUST02438,1340.98,Debit Card,insufficient_funds,3,3,31,2,0,0,0.16,0,2026-08-20 14:32:00
TX001689,CUST02705,1455.77,Credit Card,bank_timeout,1,2,944,17,0,0,0.58,1,2026-08-08 04:58:00
TX001690,CUST02707,846.49,UPI,expired_card,1,1,195,17,0,0,0.41,1,2026-08-28 23:58:00
TX001691,CUST02342,1971.78,Wallet,insufficient_funds,3,3,301,3,1,0,0.06,1,2026-08-25 11:05:00
TX001692,CUST02063,682.05,Wallet,suspicious_transaction,4,0,145,17,0,0,0.02,0,2026-08-07 06:59:00
TX001693,CUST00659,2620.96,UPI,insufficient_funds,3,2,1069,16,0,0,0.29,0,2026-08-24 01:36:00
TX001694,CUST01532,285.44,Net Banking,suspicious_transaction,1,0,53,8,0,0,0.09,0,2026-08-05 06:20:00
TX001695,CUST00737,1244.36,Credit Card,issuer_declined,0,1,188,20,0,0,0.37,0,2026-08-23 17:47:00
TX001696,CUST02763,7623.03,Wallet,issuer_declined,0,1,1147,16,0,0,0.42,1,2026-08-22 17:09:00
TX001697,CUST02723,403.3,UPI,issuer_declined,1,0,1462,3,0,0,0.44,0,2026-08-20 06:35:00
TX001698,CUST00461,556.83,Debit Card,insufficient_funds,1,2,1316,7,0,0,0.41,0,2026-08-26 04:15:00
TX001699,CUST02287,1833.36,Credit Card,issuer_declined,0,0,943,18,0,0,0.5,0,2026-08-19 02:53:00
TX001700,CUST00745,1312.36,Debit Card,expired_card,3,3,1438,20,0,0,0.18,0,2026-08-12 07:35:00
TX001701,CUST02951,1557.18,Debit Card,suspicious_transaction,0,1,928,16,0,1,0.04,1,2026-08-26 12:34:00
TX001702,CUST01385,1788.6,UPI,issuer_declined,0,1,1188,7,0,0,0.42,0,2026-08-06 16:35:00
TX001703,CUST00002,2068.79,Wallet,suspicious_transaction,4,1,545,17,0,0,0.02,0,2026-08-02 20:52:00
TX001704,CUST01786,3326.58,Credit Card,suspicious_transaction,0,0,1080,14,0,1,0.12,1,2026-08-03 21:15:00
TX001705,CUST00366,1652.13,Debit Card,bank_timeout,5,0,1202,23,0,0,0.5,0,2026-08-30 03:09:00
TX001706,CUST00669,861.56,Credit Card,network_error,0,0,974,23,0,1,0.67,1,2026-08-12 07:33:00
TX001707,CUST00180,2148.6,Debit Card,issuer_declined,1,1,681,22,1,0,0.26,0,2026-08-13 16:06:00
TX001708,CUST01238,7331.11,Net Banking,bank_timeout,0,0,879,10,0,0,0.8,1,2026-08-13 10:50:00
TX001709,CUST00116,960.42,Wallet,insufficient_funds,3,3,992,23,1,0,0.11,0,2026-08-28 01:24:00
TX001710,CUST02205,413.84,Wallet,network_error,1,2,1109,23,1,0,0.43,0,2026-08-07 14:52:00
TX001711,CUST00397,3317.88,Debit Card,bank_timeout,0,0,464,10,0,0,0.8,1,2026-08-13 01:28:00
TX001712,CUST02237,972.26,Net Banking,expired_card,1,0,1432,18,0,0,0.54,1,2026-08-24 01:28:00
TX001713,CUST01562,124.88,Wallet,issuer_declined,3,0,671,10,0,0,0.32,0,2026-08-03 05:50:00
TX001714,CUST00454,2559.13,UPI,expired_card,2,1,120,21,0,0,0.35,1,2026-08-18 08:41:00
TX001715,CUST02846,642.05,UPI,issuer_declined,0,0,866,21,0,0,0.5,0,2026-08-26 06:28:00
TX001716,CUST01618,1001.71,Credit Card,insufficient_funds,0,0,205,16,0,0,0.58,0,2026-08-18 05:57:00
TX001717,CUST01989,1528.41,UPI,bank_timeout,1,2,1173,9,0,0,0.58,0,2026-08-12 09:18:00
TX001718,CUST00733,1326.77,UPI,issuer_declined,0,1,1398,8,0,0,0.42,0,2026-08-20 19:02:00
TX001719,CUST01767,2229.32,Net Banking,insufficient_funds,0,1,537,5,1,0,0.45,1,2026-08-20 06:40:00
TX001720,CUST01492,709.47,Net Banking,network_error,0,0,1170,14,0,0,0.75,1,2026-08-11 01:05:00
TX001721,CUST00788,1831.89,Wallet,network_error,0,0,497,11,0,0,0.75,1,2026-08-06 22:52:00
TX001722,CUST02595,845.94,Credit Card,network_error,0,1,111,3,0,0,0.62,1,2026-08-11 10:01:00
TX001723,CUST00220,2295.74,UPI,expired_card,1,0,383,3,0,0,0.54,0,2026-08-21 13:37:00
TX001724,CUST01754,2029.14,Net Banking,expired_card,1,1,276,10,0,0,0.41,1,2026-08-09 01:11:00
TX001725,CUST01151,430.33,UPI,bank_timeout,3,2,1093,16,0,0,0.46,1,2026-08-25 10:23:00
TX001726,CUST00062,3248.61,UPI,insufficient_funds,1,1,986,22,0,0,0.49,1,2026-08-04 14:26:00
TX001727,CUST00709,641.65,Wallet,insufficient_funds,4,3,28,8,0,0,0.1,0,2026-08-12 23:23:00
TX001728,CUST00673,2460.35,Net Banking,bank_timeout,2,1,110,6,0,0,0.55,0,2026-08-22 18:53:00
TX001729,CUST01402,1583.33,Credit Card,insufficient_funds,1,2,791,17,1,0,0.31,0,2026-08-29 22:11:00
TX001730,CUST00692,6892.46,Debit Card,suspicious_transaction,4,1,635,4,0,0,0.02,0,2026-08-23 21:54:00
TX001731,CUST01329,877.02,Debit Card,issuer_declined,2,2,97,1,0,0,0.17,0,2026-08-17 17:19:00
TX001732,CUST01169,773.31,Net Banking,issuer_declined,0,0,158,3,0,0,0.45,0,2026-08-21 08:44:00
TX001733,CUST01170,1075.54,Wallet,expired_card,2,3,1398,19,0,0,0.24,0,2026-08-19 02:52:00
TX001734,CUST00845,809.83,Credit Card,expired_card,1,2,341,15,0,0,0.33,0,2026-08-25 12:37:00
TX001735,CUST01555,2440.46,Credit Card,network_error,3,2,1463,0,0,1,0.33,0,2026-08-28 14:43:00
TX001736,CUST01586,217.82,Credit Card,authentication_failed,0,0,68,12,0,0,0.4,1,2026-08-25 19:38:00
TX001737,CUST02061,382.34,Credit Card,issuer_declined,3,2,471,9,1,0,0.06,0,2026-08-29 20:54:00
TX001738,CUST00426,376.98,Wallet,bank_timeout,3,3,972,16,0,0,0.38,0,2026-08-16 17:12:00
TX001739,CUST00706,2836.45,Debit Card,issuer_declined,3,2,536,8,0,0,0.16,0,2026-08-25 08:27:00
TX001740,CUST01482,6066.96,UPI,insufficient_funds,1,1,1443,17,1,0,0.39,0,2026-08-15 14:04:00
TX001741,CUST00987,987.87,Wallet,bank_timeout,1,2,1050,21,0,0,0.58,1,2026-08-29 07:29:00
TX001742,CUST02327,926.28,Wallet,insufficient_funds,1,2,318,22,0,0,0.36,0,2026-08-22 21:38:00
TX001743,CUST02371,1176.21,Credit Card,authentication_failed,0,1,1395,4,0,0,0.37,0,2026-08-28 05:24:00
TX001744,CUST02214,3504.76,Net Banking,network_error,0,0,418,17,0,0,0.75,1,2026-08-11 17:11:00
TX001745,CUST00976,433.83,Wallet,network_error,0,0,1324,21,0,1,0.67,0,2026-08-08 03:36:00
TX001746,CUST02321,1391.82,Credit Card,suspicious_transaction,1,2,102,22,0,0,0.02,0,2026-08-06 12:18:00
TX001747,CUST00184,2907.93,UPI,bank_timeout,0,0,34,2,0,0,0.75,1,2026-08-06 05:11:00
TX001748,CUST00186,1810.02,UPI,insufficient_funds,1,2,1144,21,0,0,0.41,1,2026-08-04 19:19:00
TX001749,CUST01211,1325.55,Credit Card,issuer_declined,2,2,127,23,0,0,0.17,0,2026-08-30 13:50:00
TX001750,CUST01000,2984.08,UPI,insufficient_funds,2,3,566,13,0,0,0.27,0,2026-08-07 07:00:00
TX001751,CUST00799,100.0,Debit Card,issuer_declined,3,2,1386,3,1,0,0.06,0,2026-08-01 18:27:00
TX001752,CUST01873,2160.03,Net Banking,authentication_failed,0,1,675,23,0,0,0.37,1,2026-08-01 21:20:00
TX001753,CUST02823,570.16,UPI,insufficient_funds,5,3,865,8,1,1,0.02,0,2026-08-17 21:11:00
TX001754,CUST01226,175.8,UPI,network_error,2,1,578,0,0,0,0.55,1,2026-08-28 22:46:00
TX001755,CUST02423,1828.41,Debit Card,network_error,1,2,1260,0,0,0,0.53,1,2026-08-20 02:24:00
TX001756,CUST02246,4331.45,Credit Card,issuer_declined,0,1,327,12,0,0,0.37,0,2026-08-25 13:45:00
TX001757,CUST01776,955.8,Wallet,insufficient_funds,3,0,968,16,0,0,0.45,0,2026-08-28 23:03:00
TX001758,CUST00298,2843.74,Debit Card,bank_timeout,2,3,370,11,0,1,0.36,0,2026-08-18 03:50:00
TX001759,CUST00096,5498.76,Wallet,issuer_declined,0,0,272,13,0,0,0.45,1,2026-08-29 17:17:00
TX001760,CUST02139,4084.34,Wallet,insufficient_funds,3,3,31,9,0,0,0.16,1,2026-08-27 00:22:00
TX001761,CUST01510,5653.13,Credit Card,suspicious_transaction,2,2,688,16,0,0,0.02,0,2026-08-21 19:04:00
TX001762,CUST01192,2303.37,UPI,expired_card,0,1,789,19,0,1,0.44,0,2026-08-30 08:29:00
TX001763,CUST02259,1182.56,Credit Card,issuer_declined,1,2,825,4,0,0,0.28,1,2026-08-22 17:35:00
TX001764,CUST01370,220.97,Wallet,insufficient_funds,0,1,1477,23,0,0,0.55,1,2026-08-26 04:37:00
TX001765,CUST01420,857.43,Debit Card,issuer_declined,2,0,654,13,0,0,0.38,0,2026-08-07 10:35:00
TX001766,CUST00518,471.89,Debit Card,insufficient_funds,0,0,102,2,0,0,0.58,0,2026-08-16 13:44:00
TX001767,CUST01680,9613.68,Debit Card,suspicious_transaction,1,0,279,8,0,0,0.09,0,2026-08-08 09:59:00
TX001768,CUST02294,919.76,Wallet,issuer_declined,2,2,11,1,1,0,0.07,0,2026-08-24 12:23:00
TX001769,CUST00749,1240.42,Credit Card,expired_card,2,1,185,4,0,1,0.27,0,2026-08-25 16:16:00
TX001770,CUST01529,1903.57,UPI,insufficient_funds,0,1,1152,20,0,0,0.55,1,2026-08-27 03:21:00
TX001771,CUST01523,1145.51,UPI,expired_card,3,0,1346,2,0,0,0.42,0,2026-08-02 23:38:00
TX001772,CUST01486,5973.28,Credit Card,suspicious_transaction,3,3,110,18,0,1,0.02,0,2026-08-20 13:52:00
TX001773,CUST02432,588.37,Debit Card,expired_card,0,1,526,22,0,0,0.52,0,2026-08-27 02:57:00
TX001774,CUST01280,1332.23,Wallet,network_error,1,0,1323,4,0,0,0.69,1,2026-08-26 06:34:00
TX001775,CUST02348,521.93,Credit Card,authentication_failed,0,0,1219,8,0,0,0.45,1,2026-08-05 00:13:00
TX001776,CUST02558,292.94,Wallet,suspicious_transaction,5,1,637,17,1,0,0.02,0,2026-08-04 05:14:00
TX001777,CUST00146,594.8,Debit Card,issuer_declined,0,1,455,21,0,0,0.42,1,2026-08-17 09:09:00
TX001778,CUST01794,1056.76,Debit Card,insufficient_funds,3,1,691,4,0,1,0.29,0,2026-08-25 20:01:00
TX001779,CUST01784,713.87,UPI,network_error,0,0,1470,8,0,0,0.75,1,2026-08-25 21:38:00
TX001780,CUST01244,548.71,Credit Card,issuer_declined,0,1,832,4,0,0,0.42,1,2026-08-21 05:19:00
TX001781,CUST01134,268.72,UPI,issuer_declined,0,1,722,2,0,0,0.42,1,2026-08-09 07:38:00
TX001782,CUST02987,1009.18,UPI,insufficient_funds,1,1,665,3,1,0,0.39,1,2026-08-02 06:05:00
TX001783,CUST02729,243.54,Wallet,bank_timeout,0,0,206,14,0,0,0.75,1,2026-08-01 20:51:00
TX001784,CUST00583,2345.04,Debit Card,network_error,2,3,1397,12,1,0,0.29,1,2026-08-02 01:59:00
TX001785,CUST01664,1190.87,Wallet,issuer_declined,0,1,1431,2,0,0,0.42,0,2026-08-07 03:42:00
TX001786,CUST00747,255.3,Net Banking,authentication_failed,2,2,122,0,0,0,0.12,0,2026-08-03 07:27:00
TX001787,CUST00324,804.96,Debit Card,bank_timeout,0,0,711,20,0,0,0.8,1,2026-08-29 02:37:00
TX001788,CUST01392,516.9,UPI,insufficient_funds,0,1,205,14,0,0,0.5,1,2026-08-26 01:33:00
TX001789,CUST00203,1508.96,Debit Card,network_error,1,1,1319,0,0,0,0.61,0,2026-08-03 04:35:00
TX001790,CUST00040,4189.98,Net Banking,issuer_declined,1,0,623,23,1,0,0.34,0,2026-08-01 03:16:00
TX001791,CUST01137,168.15,Debit Card,bank_timeout,0,0,878,1,0,0,0.8,1,2026-08-03 22:21:00
TX001792,CUST00295,1230.32,Wallet,issuer_declined,1,0,454,20,0,0,0.44,0,2026-08-25 19:46:00
TX001793,CUST01472,934.37,Debit Card,network_error,0,1,1405,18,0,1,0.59,1,2026-08-02 12:19:00
TX001794,CUST00243,2145.96,Net Banking,suspicious_transaction,1,2,27,20,1,0,0.02,0,2026-08-25 22:00:00
TX001795,CUST00241,1357.22,UPI,insufficient_funds,2,3,539,1,0,0,0.27,0,2026-08-23 19:10:00
TX001796,CUST01094,516.99,Credit Card,network_error,4,1,1168,9,0,0,0.43,0,2026-08-11 05:47:00
TX001797,CUST00085,797.07,UPI,issuer_declined,1,0,685,10,1,0,0.34,0,2026-08-01 12:04:00
TX001798,CUST00299,494.71,Net Banking,bank_timeout,0,1,267,12,0,0,0.67,1,2026-08-09 08:43:00
TX001799,CUST02385,3216.37,UPI,expired_card,1,2,1439,4,0,0,0.38,1,2026-08-05 08:02:00
TX001800,CUST00286,1120.26,UPI,network_error,0,0,1318,13,0,1,0.67,1,2026-08-29 23:59:00
TX001801,CUST02216,7340.71,Wallet,authentication_failed,1,0,29,4,0,0,0.34,0,2026-08-21 05:02:00
TX001802,CUST00901,1032.09,Credit Card,expired_card,0,1,935,10,0,0,0.52,0,2026-08-25 17:08:00
TX001803,CUST01848,540.01,Debit Card,authentication_failed,3,0,351,18,0,0,0.22,0,2026-08-18 23:42:00
TX001804,CUST00191,241.36,Credit Card,suspicious_transaction,0,0,18,22,0,0,0.15,0,2026-08-04 12:54:00
TX001805,CUST01048,180.7,Net Banking,suspicious_transaction,3,1,3,14,1,0,0.02,0,2026-08-11 06:28:00
TX001806,CUST02924,224.95,Wallet,bank_timeout,0,0,203,20,0,0,0.75,1,2026-08-17 01:06:00
TX001807,CUST02149,1432.43,UPI,insufficient_funds,3,0,1406,11,0,0,0.45,0,2026-08-23 21:33:00
TX001808,CUST01789,1823.89,Credit Card,insufficient_funds,0,0,1496,18,0,0,0.63,1,2026-08-22 09:51:00
TX001809,CUST00686,225.61,UPI,issuer_declined,1,2,104,10,0,0,0.23,0,2026-08-28 11:35:00
TX001810,CUST00885,2683.93,UPI,insufficient_funds,0,0,1042,18,0,0,0.63,1,2026-08-16 02:18:00
TX001811,CUST01274,676.5,UPI,expired_card,5,1,345,23,0,0,0.17,1,2026-08-26 02:03:00
TX001812,CUST00876,1270.03,Wallet,issuer_declined,0,0,278,21,0,1,0.37,1,2026-08-13 16:27:00
TX001813,CUST01996,5498.45,Debit Card,expired_card,2,0,136,13,0,0,0.43,0,2026-08-09 22:23:00
TX001814,CUST02872,2688.77,UPI,expired_card,2,0,262,1,0,0,0.43,1,2026-08-07 19:02:00
TX001815,CUST00898,838.38,Credit Card,bank_timeout,0,1,261,22,0,0,0.67,0,2026-08-02 21:15:00
TX001816,CUST00536,449.8,Wallet,bank_timeout,0,0,834,8,0,1,0.72,0,2026-08-03 14:44:00
TX001817,CUST01411,127.51,Wallet,issuer_declined,2,3,942,11,0,0,0.14,0,2026-08-11 04:56:00
TX001818,CUST00541,534.24,UPI,expired_card,1,2,184,13,0,0,0.33,0,2026-08-04 08:51:00
TX001819,CUST01924,887.91,Debit Card,issuer_declined,1,0,1193,23,0,0,0.44,0,2026-08-02 07:51:00
TX001820,CUST01080,408.63,Credit Card,authentication_failed,2,2,137,19,0,0,0.12,0,2026-08-10 05:45:00
TX001821,CUST00486,961.74,Net Banking,insufficient_funds,1,1,832,17,0,0,0.49,1,2026-08-18 21:32:00
TX001822,CUST01887,1184.23,UPI,issuer_declined,2,1,173,18,0,0,0.25,0,2026-08-14 19:10:00
TX001823,CUST02381,875.81,Debit Card,network_error,2,2,1344,1,0,0,0.47,0,2026-08-14 22:25:00
TX001824,CUST02477,572.49,Credit Card,network_error,1,1,18,9,0,0,0.56,1,2026-08-06 21:25:00
TX001825,CUST00692,1298.1,Net Banking,bank_timeout,3,0,182,9,0,0,0.57,0,2026-08-07 06:07:00
TX001826,CUST01408,1706.06,Wallet,expired_card,0,0,208,21,0,0,0.55,0,2026-08-02 18:54:00
TX001827,CUST02187,368.56,Net Banking,suspicious_transaction,1,2,1266,3,0,0,0.02,0,2026-08-11 22:15:00
TX001828,CUST02967,4495.95,Debit Card,authentication_failed,2,3,540,7,0,0,0.09,0,2026-08-07 02:20:00
TX001829,CUST02950,993.68,Debit Card,suspicious_transaction,5,1,749,21,1,0,0.02,0,2026-08-12 20:47:00
TX001830,CUST00829,1117.5,UPI,network_error,0,0,1447,11,0,0,0.75,1,2026-08-18 00:21:00
TX001831,CUST02945,2226.56,Debit Card,issuer_declined,1,2,800,22,0,0,0.28,0,2026-08-21 15:22:00
TX001832,CUST01645,1384.67,Wallet,network_error,2,2,1479,20,0,0,0.47,0,2026-08-20 20:52:00
TX001833,CUST01519,2844.48,Wallet,insufficient_funds,3,3,792,23,0,0,0.21,0,2026-08-03 21:26:00
TX001834,CUST01765,1461.36,Credit Card,authentication_failed,0,0,703,9,0,0,0.45,0,2026-08-27 01:31:00
TX001835,CUST01361,594.41,Wallet,authentication_failed,0,0,700,5,0,0,0.45,1,2026-08-17 21:27:00
TX001836,CUST02359,1574.2,Net Banking,issuer_declined,3,1,232,7,1,0,0.09,0,2026-08-11 21:42:00
TX001837,CUST01508,349.42,Wallet,suspicious_transaction,0,1,251,9,1,0,0.02,0,2026-08-25 18:41:00
TX001838,CUST02391,1222.39,Credit Card,issuer_declined,3,3,239,9,0,0,0.03,0,2026-08-03 12:59:00
TX001839,CUST01855,1060.79,Wallet,insufficient_funds,1,1,463,3,0,0,0.49,1,2026-08-25 07:26:00
TX001840,CUST02645,890.59,UPI,insufficient_funds,1,1,343,4,0,1,0.36,0,2026-08-21 07:50:00
TX001841,CUST00379,964.36,Wallet,issuer_declined,0,1,1348,8,0,0,0.42,0,2026-08-24 00:07:00
TX001842,CUST01887,167.03,Debit Card,issuer_declined,1,2,1021,1,1,0,0.18,0,2026-08-30 11:54:00
TX001843,CUST02772,633.51,UPI,expired_card,0,1,303,7,0,0,0.47,1,2026-08-20 13:38:00
TX001844,CUST01640,1203.33,Debit Card,insufficient_funds,0,0,229,8,0,0,0.58,1,2026-08-29 15:21:00
TX001845,CUST02869,1286.73,Debit Card,network_error,2,0,51,11,0,0,0.58,0,2026-08-02 15:43:00
TX001846,CUST00104,392.42,Credit Card,insufficient_funds,1,2,263,2,0,0,0.36,0,2026-08-09 20:50:00
TX001847,CUST00492,3888.22,Net Banking,bank_timeout,0,0,446,12,0,0,0.8,1,2026-08-08 11:39:00
TX001848,CUST00144,461.2,Credit Card,bank_timeout,0,1,719,22,0,0,0.72,1,2026-08-02 05:15:00
TX001849,CUST02462,2891.29,Credit Card,insufficient_funds,1,1,505,11,0,0,0.49,0,2026-08-10 16:52:00
TX001850,CUST00962,1681.08,Credit Card,bank_timeout,1,1,465,22,0,0,0.66,1,2026-08-08 22:23:00
TX001851,CUST00006,574.66,Debit Card,issuer_declined,1,2,455,11,0,0,0.28,0,2026-08-24 02:04:00
TX001852,CUST01434,6472.46,UPI,insufficient_funds,0,0,1129,14,1,0,0.53,0,2026-08-06 11:56:00
TX001853,CUST02072,332.41,Credit Card,authentication_failed,0,0,203,0,0,0,0.4,1,2026-08-30 08:18:00
TX001854,CUST02268,2749.44,Credit Card,authentication_failed,1,2,1295,5,0,0,0.23,0,2026-08-29 16:25:00
TX001855,CUST01781,2982.69,Debit Card,insufficient_funds,0,1,980,6,0,0,0.55,1,2026-08-10 13:10:00
TX001856,CUST00888,560.81,Credit Card,bank_timeout,0,0,1300,3,0,0,0.8,0,2026-08-16 18:02:00
TX001857,CUST02295,4413.69,Wallet,bank_timeout,2,1,366,23,0,0,0.6,1,2026-08-29 02:56:00
TX001858,CUST01383,854.02,Credit Card,issuer_declined,0,1,497,20,0,0,0.42,0,2026-08-04 00:49:00
TX001859,CUST02654,1463.66,UPI,insufficient_funds,0,1,565,3,0,1,0.47,0,2026-08-11 10:15:00
TX001860,CUST02290,1422.71,Debit Card,network_error,1,1,305,0,0,1,0.48,0,2026-08-08 22:37:00
TX001861,CUST01644,958.81,UPI,insufficient_funds,0,1,470,18,0,0,0.55,1,2026-08-03 21:05:00
TX001862,CUST01286,2467.12,Debit Card,network_error,0,1,515,18,1,0,0.57,0,2026-08-04 01:30:00
TX001863,CUST01509,2424.76,UPI,insufficient_funds,2,0,159,18,0,0,0.46,1,2026-08-13 08:40:00
TX001864,CUST00070,190.85,Wallet,suspicious_transaction,0,1,1214,6,0,0,0.12,0,2026-08-09 09:55:00
TX001865,CUST00247,4041.37,Net Banking,network_error,2,0,520,5,0,0,0.63,1,2026-08-29 08:12:00
TX001866,CUST02671,207.99,Net Banking,bank_timeout,2,0,307,9,1,0,0.53,1,2026-08-20 13:40:00
TX001867,CUST02541,3079.57,Net Banking,insufficient_funds,1,1,832,1,0,0,0.49,1,2026-08-08 12:11:00
TX001868,CUST01747,3383.63,Net Banking,authentication_failed,0,0,271,14,0,0,0.4,1,2026-08-16 10:24:00
TX001869,CUST02849,368.35,Wallet,suspicious_transaction,1,1,1329,17,0,0,0.06,0,2026-08-10 11:11:00
TX001870,CUST02585,727.19,Wallet,authentication_failed,1,1,416,3,0,0,0.31,0,2026-08-15 01:15:00
TX001871,CUST00772,362.96,UPI,suspicious_transaction,1,2,1305,10,0,0,0.02,0,2026-08-06 12:13:00
TX001872,CUST02401,884.55,UPI,issuer_declined,0,1,996,12,0,0,0.42,0,2026-08-13 22:18:00
TX001873,CUST01966,805.9,UPI,network_error,0,1,1150,14,0,0,0.67,1,2026-08-20 19:25:00
TX001874,CUST02034,2391.46,Net Banking,issuer_declined,0,1,634,2,0,0,0.42,0,2026-08-20 09:59:00
TX001875,CUST02829,4065.57,UPI,issuer_declined,0,0,833,7,0,0,0.5,1,2026-08-02 17:06:00
TX001876,CUST02412,4427.91,Net Banking,suspicious_transaction,1,2,382,14,0,0,0.02,0,2026-08-30 14:03:00
TX001877,CUST01467,625.05,Credit Card,insufficient_funds,0,1,422,1,0,0,0.55,0,2026-08-09 03:47:00
TX001878,CUST01508,889.61,Debit Card,bank_timeout,1,1,847,21,0,0,0.66,0,2026-08-15 06:59:00
TX001879,CUST02516,203.68,Debit Card,authentication_failed,1,2,1168,10,0,0,0.23,0,2026-08-30 22:07:00
TX001880,CUST01781,489.87,Credit Card,issuer_declined,0,1,599,23,0,0,0.42,0,2026-08-14 21:31:00
TX001881,CUST02507,2878.0,UPI,issuer_declined,4,1,1245,7,0,0,0.18,0,2026-08-27 07:40:00
TX001882,CUST01847,5516.96,Debit Card,issuer_declined,3,3,541,0,0,0,0.08,0,2026-08-26 13:09:00
TX001883,CUST00702,319.15,Credit Card,issuer_declined,1,2,861,4,0,0,0.28,0,2026-08-27 04:43:00
TX001884,CUST02741,606.4,Wallet,expired_card,3,2,205,7,0,0,0.21,0,2026-08-26 23:41:00
TX001885,CUST01825,1068.05,Credit Card,bank_timeout,0,1,89,15,0,0,0.67,1,2026-08-09 18:29:00
TX001886,CUST01176,1451.22,Net Banking,issuer_declined,1,2,271,4,1,1,0.05,0,2026-08-26 18:58:00
TX001887,CUST01773,488.04,Debit Card,issuer_declined,0,0,1161,1,0,0,0.5,0,2026-08-17 04:35:00
TX001888,CUST00437,1675.83,Credit Card,network_error,0,1,683,12,0,0,0.67,1,2026-08-09 15:52:00
TX001889,CUST01355,682.77,Wallet,issuer_declined,1,1,5,17,0,0,0.31,1,2026-08-27 02:35:00
TX001890,CUST02497,1080.9,Credit Card,suspicious_transaction,0,1,1132,9,0,0,0.12,0,2026-08-11 01:42:00
TX001891,CUST00347,1893.69,UPI,issuer_declined,1,1,99,6,0,0,0.31,0,2026-08-08 04:06:00
TX001892,CUST02748,1103.7,Credit Card,bank_timeout,0,1,937,9,0,0,0.72,1,2026-08-01 20:26:00
TX001893,CUST01234,708.83,Credit Card,expired_card,2,3,1034,23,0,0,0.24,0,2026-08-25 14:07:00
TX001894,CUST00115,982.78,UPI,insufficient_funds,3,2,1456,22,0,0,0.29,1,2026-08-27 12:19:00
TX001895,CUST00206,1003.89,Credit Card,authentication_failed,1,2,1358,15,0,0,0.23,0,2026-08-09 13:41:00
TX001896,CUST00154,757.47,Debit Card,bank_timeout,0,0,468,17,0,0,0.8,0,2026-08-08 10:26:00
TX001897,CUST00664,846.58,Wallet,expired_card,0,1,693,5,0,0,0.52,0,2026-08-08 06:11:00
TX001898,CUST00815,5424.32,Credit Card,bank_timeout,5,1,20,4,1,0,0.27,0,2026-08-05 21:45:00
TX001899,CUST00883,1921.61,Credit Card,authentication_failed,0,0,405,8,0,0,0.45,0,2026-08-06 14:11:00
TX001900,CUST02746,816.09,Net Banking,network_error,0,0,897,13,0,0,0.75,1,2026-08-15 08:16:00
TX001901,CUST01021,2201.63,UPI,bank_timeout,1,0,115,2,0,0,0.69,1,2026-08-27 11:23:00
TX001902,CUST02278,785.39,Debit Card,network_error,0,0,444,8,0,0,0.75,1,2026-08-06 18:46:00
TX001903,CUST02213,3544.4,Debit Card,insufficient_funds,4,0,187,14,0,0,0.34,0,2026-08-07 00:37:00
TX001904,CUST01199,1587.07,UPI,authentication_failed,0,1,531,21,0,0,0.37,0,2026-08-05 14:57:00
TX001905,CUST01951,985.06,Net Banking,issuer_declined,0,0,1275,19,0,0,0.5,1,2026-08-18 13:57:00
TX001906,CUST01474,1715.94,Wallet,issuer_declined,3,3,316,21,0,0,0.03,0,2026-08-03 22:00:00
TX001907,CUST00737,227.95,Credit Card,issuer_declined,0,1,790,12,0,0,0.42,1,2026-08-24 01:55:00
TX001908,CUST02969,355.4,Credit Card,suspicious_transaction,1,2,385,14,0,0,0.02,0,2026-08-05 12:55:00
TX001909,CUST00533,332.31,UPI,bank_timeout,0,1,1052,1,0,0,0.72,1,2026-08-19 22:18:00
TX001910,CUST02516,1265.15,UPI,expired_card,3,0,931,1,0,0,0.42,0,2026-08-29 15:20:00
TX001911,CUST00924,6201.3,Wallet,bank_timeout,0,1,1423,11,0,0,0.72,0,2026-08-05 23:29:00
TX001912,CUST02024,10211.81,UPI,bank_timeout,0,1,795,23,0,0,0.72,1,2026-08-08 10:38:00
TX001913,CUST00088,2075.69,Debit Card,authentication_failed,0,0,770,5,0,0,0.45,0,2026-08-27 21:38:00
TX001914,CUST02647,1809.57,Net Banking,authentication_failed,0,0,4,22,0,0,0.4,0,2026-08-14 09:35:00
TX001915,CUST01238,181.08,Net Banking,authentication_failed,2,2,1029,16,0,0,0.17,0,2026-08-01 12:49:00
TX001916,CUST01110,637.35,Net Banking,bank_timeout,0,1,1258,21,0,0,0.72,1,2026-08-28 20:33:00
TX001917,CUST01283,498.81,Credit Card,network_error,0,1,1278,22,0,0,0.67,1,2026-08-10 12:30:00
TX001918,CUST00656,589.43,Wallet,network_error,0,1,379,14,0,0,0.67,0,2026-08-08 06:46:00
TX001919,CUST01470,926.91,Wallet,bank_timeout,0,1,716,17,1,0,0.62,1,2026-08-30 18:28:00
TX001920,CUST01511,683.97,Wallet,network_error,0,1,240,2,0,0,0.62,0,2026-08-19 16:23:00
TX001921,CUST00895,151.52,UPI,bank_timeout,0,1,477,13,0,0,0.72,0,2026-08-30 09:20:00
TX001922,CUST01674,2316.73,Credit Card,authentication_failed,2,1,88,13,0,0,0.2,0,2026-08-24 09:49:00
TX001923,CUST00111,375.12,Wallet,issuer_declined,0,0,457,20,0,0,0.5,1,2026-08-27 02:50:00
TX001924,CUST02190,1393.04,Credit Card,network_error,0,0,363,4,1,0,0.6,0,2026-08-17 22:26:00
TX001925,CUST01213,8726.18,Wallet,expired_card,3,2,1103,4,0,0,0.26,0,2026-08-19 06:30:00
TX001926,CUST01221,437.3,UPI,bank_timeout,1,2,670,8,0,1,0.5,1,2026-08-14 21:47:00
TX001927,CUST00548,100.0,UPI,bank_timeout,0,1,906,20,0,0,0.72,1,2026-08-15 21:29:00
TX001928,CUST01589,823.86,Net Banking,issuer_declined,3,2,244,19,0,0,0.11,0,2026-08-09 04:55:00
TX001929,CUST00458,3297.63,Wallet,bank_timeout,4,1,367,2,0,1,0.4,0,2026-08-03 01:40:00
TX001930,CUST01165,7772.5,Credit Card,expired_card,1,0,577,23,0,0,0.54,0,2026-08-06 02:14:00
TX001931,CUST00369,320.68,Net Banking,authentication_failed,0,1,1205,19,0,0,0.37,0,2026-08-24 23:27:00
TX001932,CUST00396,1802.08,Credit Card,insufficient_funds,0,0,117,7,0,0,0.58,1,2026-08-08 15:36:00
TX001933,CUST02893,688.62,UPI,bank_timeout,0,0,331,17,0,0,0.75,1,2026-08-05 09:15:00
TX001934,CUST00016,986.39,Debit Card,expired_card,0,0,554,7,0,0,0.6,1,2026-08-01 02:05:00
TX001935,CUST01456,15434.23,Wallet,expired_card,4,1,1352,18,0,1,0.2,0,2026-08-25 07:15:00
TX001936,CUST02857,243.97,Net Banking,bank_timeout,1,1,500,7,0,0,0.66,0,2026-08-23 19:52:00
TX001937,CUST02497,1413.38,Net Banking,expired_card,3,1,440,15,0,0,0.34,0,2026-08-29 21:35:00
TX001938,CUST00468,1750.56,Wallet,authentication_failed,2,3,363,12,0,0,0.04,0,2026-08-05 22:41:00
TX001939,CUST00004,3247.97,UPI,bank_timeout,1,0,412,7,0,0,0.74,1,2026-08-24 02:58:00
TX001940,CUST02995,1209.53,Credit Card,issuer_declined,0,0,1083,15,0,0,0.5,0,2026-08-01 21:36:00
TX001941,CUST01664,1492.27,Net Banking,insufficient_funds,0,0,866,20,0,0,0.63,1,2026-08-29 21:22:00
TX001942,CUST02205,741.26,Wallet,bank_timeout,1,1,507,2,0,0,0.66,1,2026-08-19 15:33:00
TX001943,CUST00479,1435.3,Net Banking,authentication_failed,1,1,1216,13,0,0,0.31,1,2026-08-14 14:29:00
TX001944,CUST01434,778.06,Net Banking,bank_timeout,1,2,1499,4,0,0,0.58,0,2026-08-19 04:05:00
TX001945,CUST02187,2041.77,Net Banking,network_error,1,1,1178,3,0,0,0.61,1,2026-08-24 02:01:00
TX001946,CUST02430,757.78,Wallet,authentication_failed,0,1,458,19,0,0,0.37,0,2026-08-21 05:20:00
TX001947,CUST01221,1598.95,Credit Card,insufficient_funds,1,1,550,20,0,0,0.49,1,2026-08-27 20:43:00
TX001948,CUST01248,1065.01,UPI,network_error,1,1,993,0,0,0,0.61,1,2026-08-14 23:19:00
TX001949,CUST02810,3381.42,Net Banking,issuer_declined,0,1,831,8,1,0,0.32,0,2026-08-23 22:34:00
TX001950,CUST01239,1041.7,UPI,insufficient_funds,0,1,1063,20,0,0,0.55,0,2026-08-25 06:24:00
TX001951,CUST00438,186.23,Net Banking,issuer_declined,1,0,544,9,0,0,0.44,1,2026-08-30 03:03:00
TX001952,CUST02109,3873.53,Net Banking,authentication_failed,0,0,243,1,0,0,0.4,0,2026-08-19 01:18:00
TX001953,CUST01640,443.31,Debit Card,insufficient_funds,3,0,1115,5,0,0,0.45,1,2026-08-05 18:00:00
TX001954,CUST00908,570.34,UPI,insufficient_funds,1,2,390,21,0,0,0.41,1,2026-08-25 14:45:00
TX001955,CUST02258,604.46,Credit Card,expired_card,2,2,218,17,0,0,0.27,1,2026-08-07 19:09:00
TX001956,CUST01832,4334.83,Debit Card,authentication_failed,0,0,95,21,0,0,0.4,0,2026-08-05 15:13:00
TX001957,CUST02426,129.58,Wallet,issuer_declined,0,1,794,9,1,0,0.32,0,2026-08-20 22:42:00
TX001958,CUST02218,25279.49,Debit Card,insufficient_funds,1,2,983,23,0,0,0.41,0,2026-08-08 08:56:00
TX001959,CUST01698,3152.83,UPI,bank_timeout,1,0,876,11,0,0,0.74,1,2026-08-14 10:54:00
TX001960,CUST01242,1370.92,Debit Card,bank_timeout,1,0,806,15,0,0,0.74,1,2026-08-19 05:51:00
TX001961,CUST01533,1038.06,Credit Card,issuer_declined,0,0,259,3,0,0,0.45,0,2026-08-22 17:45:00
TX001962,CUST00561,1459.07,Debit Card,suspicious_transaction,2,1,371,3,0,0,0.02,0,2026-08-29 21:48:00
TX001963,CUST02653,1846.64,Debit Card,insufficient_funds,0,1,630,15,0,0,0.55,1,2026-08-15 19:43:00
TX001964,CUST01526,2090.62,Wallet,issuer_declined,0,0,198,7,0,0,0.45,0,2026-08-04 17:23:00
TX001965,CUST00562,1911.43,Debit Card,issuer_declined,0,0,341,22,0,0,0.45,1,2026-08-12 08:07:00
TX001966,CUST01616,1199.4,Credit Card,expired_card,4,0,1469,15,0,0,0.36,1,2026-08-22 02:03:00
TX001967,CUST02027,900.24,Credit Card,insufficient_funds,0,0,1265,11,0,0,0.63,1,2026-08-15 18:41:00
TX001968,CUST00701,942.68,Credit Card,insufficient_funds,0,1,287,22,0,0,0.5,1,2026-08-23 20:42:00
TX001969,CUST01343,902.43,Net Banking,issuer_declined,0,0,113,10,0,0,0.45,0,2026-08-17 12:47:00
TX001970,CUST01264,3407.62,Wallet,bank_timeout,0,1,552,15,0,0,0.72,1,2026-08-07 10:10:00
TX001971,CUST01219,1985.36,Net Banking,authentication_failed,2,2,230,14,1,0,0.02,0,2026-08-26 23:46:00
TX001972,CUST01882,100.0,Credit Card,issuer_declined,3,1,76,10,0,0,0.19,1,2026-08-09 21:14:00
TX001973,CUST00512,2113.08,Wallet,bank_timeout,0,0,1410,6,0,0,0.8,0,2026-08-09 07:01:00
TX001974,CUST01750,1332.4,UPI,insufficient_funds,1,0,1141,2,0,0,0.57,1,2026-08-09 22:24:00
TX001975,CUST00040,1076.31,Debit Card,authentication_failed,0,1,1402,2,0,0,0.37,0,2026-08-19 14:17:00
TX001976,CUST01339,743.58,Credit Card,suspicious_transaction,2,3,1049,1,1,0,0.02,0,2026-08-20 08:03:00
TX001977,CUST02809,3374.87,Net Banking,bank_timeout,0,1,1017,2,0,0,0.72,1,2026-08-08 09:35:00
TX001978,CUST02427,2828.57,Net Banking,insufficient_funds,0,1,460,6,0,0,0.55,0,2026-08-12 16:39:00
TX001979,CUST01541,506.3,Net Banking,issuer_declined,3,0,1249,18,0,0,0.32,0,2026-08-06 02:30:00
TX001980,CUST00198,1647.56,Wallet,insufficient_funds,0,0,1183,0,0,0,0.63,0,2026-08-16 11:47:00
TX001981,CUST00671,415.03,UPI,network_error,1,1,1359,16,0,0,0.61,0,2026-08-18 17:50:00
TX001982,CUST01135,275.99,Wallet,network_error,0,1,1194,11,0,0,0.67,0,2026-08-23 07:30:00
TX001983,CUST01346,585.98,Wallet,issuer_declined,1,2,228,18,1,0,0.13,0,2026-08-27 13:40:00
TX001984,CUST01896,2597.73,Wallet,expired_card,3,0,282,9,0,0,0.37,0,2026-08-21 13:32:00
TX001985,CUST00336,2844.45,Net Banking,bank_timeout,0,1,538,10,0,0,0.72,0,2026-08-10 09:07:00
TX001986,CUST01743,1831.86,Net Banking,network_error,0,1,1072,3,1,0,0.57,0,2026-08-10 13:17:00
TX001987,CUST02164,2264.47,Wallet,issuer_declined,0,0,168,18,0,0,0.45,0,2026-08-25 12:28:00
TX001988,CUST00327,1837.53,Debit Card,suspicious_transaction,0,0,47,23,0,0,0.15,0,2026-08-27 01:42:00
TX001989,CUST02582,577.39,Credit Card,authentication_failed,0,0,759,10,0,0,0.45,0,2026-08-27 15:11:00
TX001990,CUST00851,1689.05,Credit Card,authentication_failed,0,1,1034,17,0,0,0.37,0,2026-08-01 12:59:00
TX001991,CUST02740,2441.6,Debit Card,bank_timeout,1,0,249,3,0,0,0.69,1,2026-08-12 07:33:00
TX001992,CUST02182,2331.56,Credit Card,authentication_failed,5,2,276,20,0,0,0.02,0,2026-08-20 09:57:00
TX001993,CUST00174,3600.81,Wallet,bank_timeout,1,2,207,16,0,1,0.45,1,2026-08-07 04:08:00
TX001994,CUST01227,2226.76,Credit Card,network_error,0,0,703,22,0,0,0.75,1,2026-08-19 07:09:00
TX001995,CUST00573,1558.45,Net Banking,bank_timeout,1,2,1476,19,0,0,0.58,1,2026-08-29 03:45:00
TX001996,CUST00248,3197.58,UPI,expired_card,1,1,186,11,0,0,0.41,0,2026-08-04 21:52:00
TX001997,CUST02666,1067.93,Debit Card,authentication_failed,2,1,1198,15,0,0,0.25,0,2026-08-06 06:21:00
TX001998,CUST00415,454.01,Net Banking,issuer_declined,0,0,1352,4,0,0,0.5,1,2026-08-09 06:28:00
TX001999,CUST01872,931.63,UPI,authentication_failed,1,1,1332,12,0,0,0.31,1,2026-08-09 01:25:00
TX002000,CUST02135,520.66,UPI,issuer_declined,0,0,1444,21,0,1,0.42,1,2026-08-22 00:26:00
TX002001,CUST01325,558.26,Credit Card,issuer_declined,3,2,839,8,1,0,0.06,0,2026-08-09 14:20:00
TX002002,CUST02742,949.07,Wallet,insufficient_funds,0,0,17,8,0,0,0.58,1,2026-08-24 04:05:00
TX002003,CUST00420,496.5,Debit Card,expired_card,1,1,238,16,0,0,0.41,1,2026-08-10 14:55:00
TX002004,CUST00089,805.96,Wallet,insufficient_funds,2,3,1015,12,0,0,0.27,0,2026-08-28 14:48:00
TX002005,CUST02567,165.07,UPI,insufficient_funds,0,1,1257,16,0,0,0.55,1,2026-08-16 22:57:00
TX002006,CUST00459,1357.36,Credit Card,authentication_failed,2,3,279,15,0,0,0.04,0,2026-08-30 05:01:00
TX002007,CUST01741,1097.96,Wallet,suspicious_transaction,5,0,786,8,0,0,0.02,0,2026-08-14 21:12:00
TX002008,CUST00854,484.4,Wallet,insufficient_funds,1,0,1039,15,0,0,0.57,0,2026-08-17 08:16:00
TX002009,CUST02098,2120.16,Credit Card,network_error,0,1,973,14,1,0,0.57,1,2026-08-01 09:12:00
TX002010,CUST02479,2800.55,UPI,expired_card,0,1,396,16,0,0,0.52,0,2026-08-09 11:28:00
TX002011,CUST02233,219.74,Credit Card,issuer_declined,0,0,81,8,1,0,0.35,0,2026-08-11 14:06:00
TX002012,CUST00349,511.46,Wallet,bank_timeout,1,1,946,4,1,0,0.56,1,2026-08-03 13:49:00
TX002013,CUST02898,508.19,Net Banking,expired_card,2,2,205,18,0,0,0.27,0,2026-08-11 22:21:00
TX002014,CUST02257,428.42,UPI,bank_timeout,1,2,634,3,0,0,0.58,1,2026-08-13 14:36:00
TX002015,CUST02229,2513.61,Net Banking,bank_timeout,2,3,310,23,0,0,0.39,0,2026-08-19 12:24:00
TX002016,CUST00839,903.41,Credit Card,bank_timeout,0,1,612,4,0,1,0.64,0,2026-08-30 09:15:00
TX002017,CUST02759,841.75,Credit Card,bank_timeout,0,0,73,6,0,0,0.75,1,2026-08-18 08:40:00
TX002018,CUST00882,147.84,UPI,insufficient_funds,0,1,919,22,0,1,0.47,0,2026-08-02 14:23:00
TX002019,CUST00131,2070.24,Wallet,issuer_declined,2,3,849,23,0,0,0.14,0,2026-08-25 17:52:00
TX002020,CUST02390,317.58,UPI,bank_timeout,1,2,642,0,1,0,0.48,1,2026-08-26 15:02:00
TX002021,CUST00051,1164.37,UPI,network_error,0,1,184,6,0,1,0.54,1,2026-08-08 07:01:00
TX002022,CUST00384,1447.19,UPI,bank_timeout,2,0,1044,15,0,0,0.68,1,2026-08-09 10:45:00
TX002023,CUST00492,4275.51,UPI,network_error,0,1,835,3,0,0,0.67,1,2026-08-04 02:42:00
TX002024,CUST01942,296.24,UPI,insufficient_funds,0,1,111,4,0,0,0.5,1,2026-08-06 23:54:00
TX002025,CUST00753,100.0,Debit Card,bank_timeout,1,0,296,10,0,0,0.69,1,2026-08-04 17:52:00
TX002026,CUST00582,1317.97,UPI,insufficient_funds,0,1,972,5,0,1,0.47,0,2026-08-20 03:28:00
TX002027,CUST02628,6637.64,Debit Card,issuer_declined,0,0,964,13,1,0,0.4,0,2026-08-26 08:36:00
TX002028,CUST00099,3785.55,Credit Card,issuer_declined,0,1,1197,17,0,0,0.42,1,2026-08-05 20:06:00
TX002029,CUST02356,1352.43,UPI,issuer_declined,4,0,350,13,0,0,0.21,0,2026-08-13 23:52:00
TX002030,CUST02485,670.73,Wallet,authentication_failed,0,1,1053,21,0,0,0.37,0,2026-08-03 16:12:00
TX002031,CUST00040,2458.05,Wallet,insufficient_funds,0,1,49,16,0,0,0.5,0,2026-08-05 00:44:00
TX002032,CUST02313,414.24,UPI,insufficient_funds,1,2,1162,4,1,0,0.31,1,2026-08-26 23:59:00
TX002033,CUST02975,1765.8,Wallet,suspicious_transaction,2,1,805,19,0,0,0.02,0,2026-08-15 20:07:00
TX002034,CUST00944,1817.96,Debit Card,insufficient_funds,1,1,920,1,0,0,0.49,0,2026-08-25 00:28:00
TX002035,CUST01681,3165.95,Debit Card,issuer_declined,0,0,345,2,0,0,0.45,0,2026-08-07 18:04:00
TX002036,CUST00060,17320.74,Debit Card,authentication_failed,0,0,447,0,1,1,0.27,0,2026-08-12 07:36:00
TX002037,CUST01195,1623.62,Net Banking,insufficient_funds,1,2,10,0,0,0,0.36,0,2026-08-05 02:17:00
TX002038,CUST00497,659.21,Debit Card,bank_timeout,2,0,1188,2,0,0,0.68,1,2026-08-11 16:47:00
TX002039,CUST00569,1068.94,Net Banking,bank_timeout,1,2,1379,17,0,0,0.58,1,2026-08-29 02:46:00
TX002040,CUST00184,186.97,Net Banking,bank_timeout,2,2,615,17,0,0,0.52,0,2026-08-25 22:08:00
TX002041,CUST01742,547.46,Net Banking,suspicious_transaction,0,0,104,0,0,0,0.15,0,2026-08-24 10:34:00
TX002042,CUST01136,728.3,Credit Card,issuer_declined,0,0,1481,7,0,1,0.42,1,2026-08-04 21:01:00
TX002043,CUST01304,649.31,UPI,expired_card,1,1,1422,8,0,0,0.46,0,2026-08-15 01:33:00
TX002044,CUST00615,1277.11,UPI,bank_timeout,0,0,141,11,0,0,0.75,1,2026-08-19 17:02:00
TX002045,CUST00123,481.82,Net Banking,issuer_declined,4,2,581,18,0,0,0.1,0,2026-08-21 02:21:00
TX002046,CUST00608,3364.49,UPI,bank_timeout,1,1,1319,23,1,0,0.56,0,2026-08-05 04:03:00
TX002047,CUST02821,1096.86,Wallet,bank_timeout,0,0,1052,14,0,0,0.8,0,2026-08-07 19:03:00
TX002048,CUST01602,1086.48,Credit Card,bank_timeout,0,0,1018,8,0,0,0.8,1,2026-08-17 07:35:00
TX002049,CUST02610,790.06,Credit Card,insufficient_funds,0,0,706,14,1,0,0.53,1,2026-08-05 07:26:00
TX002050,CUST02294,1280.74,Credit Card,insufficient_funds,0,0,1407,13,0,0,0.63,0,2026-08-15 21:34:00
TX002051,CUST01418,2502.63,Wallet,bank_timeout,1,1,235,1,1,0,0.51,1,2026-08-13 00:54:00
TX002052,CUST01747,460.76,Net Banking,bank_timeout,0,0,1070,4,0,1,0.72,0,2026-08-08 23:59:00
TX002053,CUST00822,567.86,Credit Card,insufficient_funds,5,3,141,11,1,1,0.02,0,2026-08-25 05:28:00
TX002054,CUST02930,809.38,Debit Card,bank_timeout,2,3,666,7,0,0,0.44,0,2026-08-12 18:24:00
TX002055,CUST01279,285.47,Net Banking,network_error,5,2,1342,5,0,0,0.29,0,2026-08-10 22:56:00
TX002056,CUST02597,483.35,Debit Card,issuer_declined,4,0,1274,2,0,1,0.18,0,2026-08-29 11:40:00
TX002057,CUST00840,681.15,Debit Card,insufficient_funds,0,0,717,17,0,1,0.55,0,2026-08-25 08:05:00
TX002058,CUST00693,2629.08,Credit Card,suspicious_transaction,2,1,940,21,0,0,0.02,0,2026-08-24 04:23:00
TX002059,CUST01606,1425.9,Net Banking,network_error,0,1,1432,12,0,0,0.67,1,2026-08-04 11:39:00
TX002060,CUST02546,1330.87,Net Banking,authentication_failed,0,1,1046,8,0,0,0.37,0,2026-08-04 15:56:00
TX002061,CUST02714,2568.04,Credit Card,insufficient_funds,1,1,31,1,0,0,0.44,0,2026-08-14 19:17:00
TX002062,CUST02051,955.88,Wallet,insufficient_funds,0,0,258,7,0,0,0.58,1,2026-08-03 10:35:00
TX002063,CUST01259,1620.46,Net Banking,authentication_failed,2,1,227,4,1,0,0.1,0,2026-08-12 12:06:00
TX002064,CUST02477,989.08,Debit Card,bank_timeout,0,0,36,12,0,0,0.75,1,2026-08-05 00:03:00
TX002065,CUST00507,1429.9,UPI,expired_card,1,0,1120,17,1,0,0.44,1,2026-08-20 12:37:00
TX002066,CUST00957,612.31,Debit Card,issuer_declined,1,1,1025,16,0,0,0.36,0,2026-08-13 14:48:00
TX002067,CUST02404,100.0,Net Banking,insufficient_funds,5,3,532,0,0,1,0.02,0,2026-08-02 23:46:00
TX002068,CUST00745,958.84,UPI,bank_timeout,3,2,402,21,0,1,0.38,0,2026-08-12 05:56:00
TX002069,CUST00121,4549.39,UPI,network_error,0,1,9,7,0,0,0.62,0,2026-08-23 23:51:00
TX002070,CUST01578,2768.93,UPI,suspicious_transaction,0,0,1432,6,1,0,0.1,0,2026-08-29 08:22:00
TX002071,CUST02476,2879.57,UPI,bank_timeout,2,0,28,6,0,0,0.63,0,2026-08-11 22:54:00
TX002072,CUST00439,3774.91,Net Banking,network_error,1,1,1336,17,0,0,0.61,1,2026-08-29 16:30:00
TX002073,CUST01590,1198.3,Credit Card,network_error,4,0,1479,16,0,0,0.51,1,2026-08-29 22:49:00
TX002074,CUST01912,1335.84,Wallet,issuer_declined,0,0,1288,3,1,0,0.4,1,2026-08-16 08:51:00
TX002075,CUST02172,591.31,Credit Card,network_error,0,0,1144,16,0,0,0.75,1,2026-08-01 03:46:00
TX002076,CUST01932,799.45,Credit Card,network_error,1,0,1465,7,0,0,0.69,1,2026-08-02 06:01:00
TX002077,CUST02264,2029.96,Wallet,bank_timeout,1,0,266,6,0,0,0.69,1,2026-08-18 11:38:00
TX002078,CUST01030,3655.12,Net Banking,insufficient_funds,0,0,994,10,0,1,0.55,0,2026-08-26 11:17:00
TX002079,CUST00435,953.9,UPI,bank_timeout,0,0,1380,23,0,0,0.8,1,2026-08-23 18:40:00
TX002080,CUST00129,699.11,UPI,bank_timeout,0,1,398,4,0,0,0.72,1,2026-08-06 12:45:00
TX002081,CUST01601,1097.21,Wallet,bank_timeout,5,3,1130,11,0,0,0.26,0,2026-08-01 21:45:00
TX002082,CUST01594,2000.61,Net Banking,expired_card,0,1,1270,22,1,0,0.42,0,2026-08-17 14:19:00
TX002083,CUST02855,258.82,Credit Card,bank_timeout,0,0,833,9,0,0,0.8,1,2026-08-01 10:32:00
TX002084,CUST00892,110.37,Credit Card,issuer_declined,5,2,321,9,0,0,0.02,0,2026-08-29 05:12:00
TX002085,CUST02205,632.36,Credit Card,insufficient_funds,0,1,1031,2,0,1,0.47,0,2026-08-20 08:18:00
TX002086,CUST02461,323.53,UPI,network_error,0,0,96,4,1,0,0.6,1,2026-08-17 14:22:00
TX002087,CUST02926,659.75,Wallet,suspicious_transaction,1,1,1461,7,0,0,0.06,0,2026-08-16 00:26:00
TX002088,CUST00954,945.98,Debit Card,insufficient_funds,0,1,35,3,0,0,0.5,1,2026-08-12 19:31:00
TX002089,CUST00637,696.98,Net Banking,insufficient_funds,2,3,251,10,0,0,0.22,0,2026-08-06 01:25:00
TX002090,CUST00561,4686.62,Wallet,network_error,3,3,675,3,0,0,0.33,0,2026-08-23 15:40:00
TX002091,CUST02076,1520.42,UPI,issuer_declined,0,1,1310,1,0,0,0.42,0,2026-08-11 08:02:00
TX002092,CUST01571,1481.0,UPI,bank_timeout,2,3,758,8,0,0,0.44,1,2026-08-17 07:08:00
TX002093,CUST00265,2043.07,Net Banking,bank_timeout,1,0,1025,14,0,0,0.74,1,2026-08-30 16:31:00
TX002094,CUST01969,351.13,Wallet,suspicious_transaction,2,3,1362,23,1,1,0.02,0,2026-08-11 09:19:00
TX002095,CUST02172,3099.86,UPI,network_error,3,2,150,9,0,0,0.36,0,2026-08-09 05:46:00
TX002096,CUST01571,1016.62,UPI,bank_timeout,0,1,808,21,0,0,0.72,0,2026-08-09 11:05:00
TX002097,CUST02274,2144.11,Wallet,authentication_failed,5,3,854,13,0,1,0.02,0,2026-08-18 04:03:00
TX002098,CUST02799,375.46,Credit Card,bank_timeout,4,1,693,6,0,0,0.48,1,2026-08-20 00:05:00
TX002099,CUST02833,231.88,Credit Card,issuer_declined,0,1,1479,16,0,0,0.42,1,2026-08-02 08:59:00
TX002100,CUST01079,2484.66,Wallet,authentication_failed,1,1,1212,21,0,1,0.23,0,2026-08-17 20:42:00
TX002101,CUST00964,1597.84,Debit Card,bank_timeout,2,1,972,6,0,0,0.6,0,2026-08-15 21:34:00
TX002102,CUST02442,444.94,Net Banking,insufficient_funds,0,0,644,6,0,0,0.63,1,2026-08-03 15:06:00
TX002103,CUST01941,459.59,Wallet,insufficient_funds,1,2,695,11,0,0,0.41,1,2026-08-02 06:10:00
TX002104,CUST00989,3379.34,Wallet,issuer_declined,3,3,431,12,0,0,0.08,0,2026-08-09 04:53:00
TX002105,CUST00245,333.82,Credit Card,bank_timeout,1,1,212,3,0,0,0.61,0,2026-08-30 15:20:00
TX002106,CUST02008,5668.46,Net Banking,expired_card,4,0,867,5,1,0,0.26,0,2026-08-25 17:18:00
TX002107,CUST01524,445.58,UPI,issuer_declined,2,3,1182,17,0,0,0.14,0,2026-08-20 08:01:00
TX002108,CUST02370,2076.4,UPI,bank_timeout,3,1,384,0,0,0,0.54,0,2026-08-26 21:06:00
TX002109,CUST02252,789.49,UPI,bank_timeout,5,2,378,21,0,0,0.34,1,2026-08-20 05:16:00
TX002110,CUST02238,2004.58,UPI,authentication_failed,1,0,443,2,0,0,0.39,0,2026-08-02 18:58:00
TX002111,CUST01403,636.44,UPI,suspicious_transaction,0,0,428,5,0,0,0.2,0,2026-08-13 17:27:00
TX002112,CUST01544,931.88,Wallet,issuer_declined,0,1,328,18,0,0,0.37,0,2026-08-26 06:26:00
TX002113,CUST00022,1142.44,Wallet,issuer_declined,1,2,815,10,0,0,0.28,0,2026-08-28 21:17:00
TX002114,CUST02253,402.55,Debit Card,bank_timeout,1,2,1239,7,0,0,0.58,0,2026-08-23 10:46:00
TX002115,CUST00739,2300.37,Wallet,authentication_failed,0,0,794,7,0,1,0.37,0,2026-08-26 15:10:00
TX002116,CUST01759,656.41,UPI,bank_timeout,0,1,927,12,0,0,0.72,1,2026-08-08 13:32:00
TX002117,CUST02265,872.53,Debit Card,issuer_declined,0,1,543,19,0,0,0.42,1,2026-08-01 00:37:00
TX002118,CUST02072,405.71,Wallet,insufficient_funds,2,3,1015,11,0,0,0.27,1,2026-08-03 00:42:00
TX002119,CUST02235,100.0,UPI,expired_card,4,1,1219,1,0,0,0.28,0,2026-08-14 14:54:00
TX002120,CUST00976,905.94,Wallet,bank_timeout,0,0,1198,7,0,0,0.8,0,2026-08-12 06:04:00
TX002121,CUST00845,12241.85,Credit Card,bank_timeout,0,1,138,1,0,0,0.67,1,2026-08-16 01:57:00
TX002122,CUST01410,2403.31,UPI,bank_timeout,3,1,692,9,0,0,0.54,0,2026-08-11 06:53:00
TX002123,CUST01659,1075.71,Wallet,insufficient_funds,1,2,584,22,0,0,0.41,0,2026-08-12 04:15:00
TX002124,CUST00790,843.12,Credit Card,issuer_declined,0,0,1213,13,0,0,0.5,1,2026-08-26 16:23:00
TX002125,CUST02206,1121.55,Credit Card,bank_timeout,2,2,554,2,0,0,0.52,1,2026-08-16 04:05:00
TX002126,CUST02452,1895.27,Net Banking,issuer_declined,3,1,116,3,0,0,0.19,0,2026-08-04 10:11:00
TX002127,CUST01971,336.7,Net Banking,issuer_declined,0,0,135,0,0,0,0.45,0,2026-08-30 04:03:00
TX002128,CUST00381,3341.99,Wallet,bank_timeout,0,0,1201,4,0,0,0.8,1,2026-08-05 13:05:00
TX002129,CUST01973,2242.58,Debit Card,issuer_declined,0,1,562,15,0,0,0.42,0,2026-08-19 03:25:00
TX002130,CUST01032,2248.88,Net Banking,bank_timeout,3,0,1272,13,0,0,0.62,1,2026-08-01 04:55:00
TX002131,CUST02340,1700.16,Wallet,bank_timeout,2,2,646,4,0,0,0.52,0,2026-08-03 20:35:00
TX002132,CUST01450,1118.36,Credit Card,authentication_failed,0,1,193,8,0,0,0.32,1,2026-08-30 02:53:00
TX002133,CUST00431,2149.22,Debit Card,issuer_declined,3,3,994,18,0,0,0.08,0,2026-08-06 18:33:00
TX002134,CUST01534,1981.91,Debit Card,authentication_failed,0,0,1028,17,0,0,0.45,0,2026-08-15 14:59:00
TX002135,CUST02869,769.67,Wallet,network_error,1,2,16,9,0,0,0.48,1,2026-08-23 10:10:00
TX002136,CUST02598,617.94,Net Banking,authentication_failed,0,0,481,5,0,0,0.45,1,2026-08-05 08:03:00
TX002137,CUST01467,1214.22,Wallet,suspicious_transaction,0,1,1468,17,0,0,0.12,0,2026-08-24 15:43:00
TX002138,CUST01367,5161.69,Wallet,network_error,0,0,1109,5,0,0,0.75,1,2026-08-22 17:54:00
TX002139,CUST00553,317.63,Net Banking,network_error,0,1,815,15,0,0,0.67,1,2026-08-14 21:17:00
TX002140,CUST00888,252.77,Debit Card,network_error,0,1,346,17,0,0,0.62,1,2026-08-05 20:05:00
TX002141,CUST02185,1293.05,Credit Card,issuer_declined,2,3,345,9,0,0,0.09,0,2026-08-12 11:11:00
TX002142,CUST00739,1153.88,UPI,bank_timeout,4,1,504,8,1,0,0.38,1,2026-08-01 12:30:00
TX002143,CUST00056,1304.2,Wallet,network_error,0,0,1421,14,1,0,0.65,1,2026-08-16 14:18:00
TX002144,CUST00216,1399.62,Wallet,issuer_declined,0,0,978,9,0,1,0.42,1,2026-08-04 09:46:00
TX002145,CUST00205,877.26,UPI,insufficient_funds,0,0,1104,19,0,0,0.63,0,2026-08-05 06:17:00
TX002146,CUST00356,4865.2,Wallet,issuer_declined,3,0,860,0,0,0,0.32,0,2026-08-02 16:42:00
TX002147,CUST01313,221.21,Net Banking,issuer_declined,0,1,113,15,0,0,0.37,0,2026-08-10 22:32:00
TX002148,CUST02903,478.91,Wallet,network_error,0,0,1173,10,0,0,0.75,1,2026-08-05 02:26:00
TX002149,CUST01822,989.05,Net Banking,expired_card,3,0,422,6,0,0,0.42,0,2026-08-29 02:10:00
TX002150,CUST01061,212.05,Debit Card,network_error,4,2,282,6,0,0,0.3,1,2026-08-14 02:15:00
TX002151,CUST00477,919.79,Credit Card,insufficient_funds,1,2,796,16,0,0,0.41,0,2026-08-02 10:33:00
TX002152,CUST01729,5776.02,Credit Card,network_error,1,0,1278,1,0,0,0.69,0,2026-08-22 13:03:00
TX002153,CUST01343,1119.78,Debit Card,bank_timeout,1,0,178,15,0,0,0.69,1,2026-08-09 07:36:00
TX002154,CUST00169,1381.19,Credit Card,issuer_declined,0,1,547,8,1,0,0.32,1,2026-08-16 17:12:00
TX002155,CUST01755,311.01,Debit Card,network_error,1,1,1173,8,0,0,0.61,1,2026-08-17 08:03:00
TX002156,CUST01202,592.08,Wallet,issuer_declined,0,0,857,17,0,0,0.5,1,2026-08-10 00:06:00
TX002157,CUST02113,753.56,Net Banking,network_error,0,0,7,19,0,0,0.7,1,2026-08-15 05:49:00
TX002158,CUST01974,798.14,Debit Card,bank_timeout,0,1,481,10,0,0,0.72,0,2026-08-02 11:30:00
TX002159,CUST02383,3950.68,Credit Card,insufficient_funds,0,1,103,9,0,0,0.5,1,2026-08-05 06:31:00
TX002160,CUST01203,1915.42,Credit Card,insufficient_funds,4,2,565,6,0,0,0.23,0,2026-08-25 16:15:00
TX002161,CUST01849,360.88,Debit Card,authentication_failed,0,1,958,4,0,0,0.37,1,2026-08-26 04:31:00
TX002162,CUST00276,1403.19,Debit Card,expired_card,3,0,1064,11,0,0,0.42,0,2026-08-03 17:19:00
TX002163,CUST00611,1804.83,Net Banking,insufficient_funds,1,2,226,0,0,0,0.36,1,2026-08-21 16:21:00
TX002164,CUST02662,3429.43,Wallet,issuer_declined,0,0,745,13,0,0,0.5,1,2026-08-02 15:52:00
TX002165,CUST00934,5326.98,Credit Card,insufficient_funds,3,1,433,0,0,0,0.37,0,2026-08-02 00:18:00
TX002166,CUST01658,397.39,Net Banking,network_error,3,0,1123,4,0,0,0.57,1,2026-08-22 15:14:00
TX002167,CUST02354,487.43,Debit Card,network_error,1,2,926,16,0,0,0.53,1,2026-08-15 23:53:00
TX002168,CUST02770,311.82,Wallet,network_error,0,1,421,18,0,0,0.67,0,2026-08-24 10:33:00
TX002169,CUST02841,867.82,Wallet,authentication_failed,1,1,819,0,0,0,0.31,0,2026-08-15 16:25:00
TX002170,CUST00090,1748.23,Debit Card,insufficient_funds,0,0,1423,14,1,0,0.53,0,2026-08-04 12:55:00
TX002171,CUST02233,2943.44,Net Banking,expired_card,0,1,801,6,0,1,0.44,1,2026-08-08 09:53:00
TX002172,CUST02367,1016.43,UPI,insufficient_funds,4,1,1043,19,1,0,0.21,0,2026-08-08 06:28:00
TX002173,CUST02010,796.44,UPI,insufficient_funds,0,1,418,7,0,0,0.55,0,2026-08-01 06:38:00
TX002174,CUST02187,1276.35,Net Banking,authentication_failed,0,1,352,12,0,0,0.32,1,2026-08-27 21:55:00
TX002175,CUST02194,475.73,Credit Card,suspicious_transaction,0,0,670,9,0,0,0.2,0,2026-08-06 03:22:00
TX002176,CUST01157,8862.1,Debit Card,network_error,1,1,921,0,0,0,0.61,1,2026-08-16 11:20:00
TX002177,CUST02207,219.72,Net Banking,bank_timeout,0,0,557,7,0,0,0.8,1,2026-08-30 23:27:00
TX002178,CUST01005,1319.15,UPI,expired_card,2,0,955,23,0,0,0.48,0,2026-08-01 06:05:00
TX002179,CUST01583,8296.64,Net Banking,suspicious_transaction,0,0,1389,3,0,0,0.2,0,2026-08-03 08:35:00
TX002180,CUST00422,1104.12,Net Banking,expired_card,0,0,1340,16,1,1,0.42,0,2026-08-03 02:39:00
TX002181,CUST00469,906.84,Net Banking,bank_timeout,1,0,845,20,0,0,0.74,1,2026-08-02 09:57:00
TX002182,CUST02102,767.05,Wallet,bank_timeout,1,0,931,5,0,0,0.74,1,2026-08-19 20:52:00
TX002183,CUST02254,915.63,Credit Card,expired_card,2,2,1079,10,0,1,0.24,0,2026-08-21 19:52:00
TX002184,CUST00604,4327.95,Wallet,insufficient_funds,1,1,1158,5,0,0,0.49,1,2026-08-04 10:12:00
TX002185,CUST01717,120.08,Wallet,bank_timeout,4,0,1473,19,0,0,0.56,1,2026-08-22 11:49:00
TX002186,CUST01664,5081.87,Net Banking,bank_timeout,1,2,274,0,0,0,0.53,1,2026-08-08 23:23:00
TX002187,CUST01726,264.02,Credit Card,expired_card,3,2,552,6,0,0,0.26,0,2026-08-09 08:50:00
TX002188,CUST02630,839.95,Debit Card,issuer_declined,1,1,13,2,0,0,0.31,1,2026-08-30 22:26:00
TX002189,CUST00585,713.91,Debit Card,bank_timeout,3,1,836,19,1,1,0.36,0,2026-08-11 03:23:00
TX002190,CUST01879,1975.45,Debit Card,issuer_declined,0,1,1168,14,0,0,0.42,0,2026-08-12 08:59:00
TX002191,CUST02499,221.82,Net Banking,expired_card,0,0,602,7,0,0,0.6,0,2026-08-15 00:47:00
TX002192,CUST00173,1740.93,Debit Card,issuer_declined,1,1,524,16,0,0,0.36,0,2026-08-17 17:05:00
TX002193,CUST01141,8302.48,UPI,suspicious_transaction,3,2,1045,17,0,0,0.02,0,2026-08-21 13:27:00
TX002194,CUST02042,280.57,Credit Card,insufficient_funds,0,1,842,4,0,0,0.55,1,2026-08-02 17:59:00
TX002195,CUST01562,1325.71,Net Banking,network_error,1,2,1084,13,0,1,0.45,1,2026-08-15 03:03:00
TX002196,CUST02323,565.67,Net Banking,suspicious_transaction,3,1,277,23,1,0,0.02,0,2026-08-18 14:39:00
TX002197,CUST00756,1678.89,Credit Card,suspicious_transaction,1,0,23,12,0,1,0.02,0,2026-08-26 21:42:00
TX002198,CUST02390,1117.83,Net Banking,bank_timeout,3,3,1250,18,0,0,0.38,0,2026-08-08 00:33:00
TX002199,CUST02409,577.39,Wallet,network_error,2,1,442,10,0,0,0.55,0,2026-08-19 04:42:00
TX002200,CUST02278,1786.25,Wallet,insufficient_funds,1,2,384,11,0,0,0.41,1,2026-08-12 05:51:00
TX002201,CUST01044,6663.15,Wallet,bank_timeout,1,1,1246,7,1,0,0.56,1,2026-08-09 15:05:00
TX002202,CUST02456,906.05,UPI,bank_timeout,0,0,61,0,0,0,0.75,1,2026-08-30 22:57:00
TX002203,CUST02861,2252.41,Net Banking,suspicious_transaction,0,0,625,23,0,0,0.2,1,2026-08-13 22:28:00
TX002204,CUST02995,300.88,Wallet,bank_timeout,0,0,419,16,0,0,0.8,1,2026-08-29 22:12:00
TX002205,CUST02227,421.39,Net Banking,bank_timeout,1,2,891,20,0,0,0.58,1,2026-08-07 03:55:00
TX002206,CUST01216,1758.83,UPI,issuer_declined,4,1,114,16,0,0,0.13,0,2026-08-26 22:50:00
TX002207,CUST01985,4837.32,Net Banking,insufficient_funds,4,0,1275,8,0,0,0.39,1,2026-08-26 20:49:00
TX002208,CUST02234,1564.96,UPI,expired_card,3,3,1094,4,0,1,0.1,0,2026-08-12 04:42:00
TX002209,CUST02573,801.87,UPI,insufficient_funds,0,0,1078,13,0,0,0.63,1,2026-08-30 15:45:00
TX002210,CUST02630,1095.86,Debit Card,authentication_failed,0,0,630,15,0,0,0.45,1,2026-08-04 07:14:00
TX002211,CUST02690,314.06,Credit Card,insufficient_funds,1,1,199,0,1,0,0.34,1,2026-08-08 17:12:00
TX002212,CUST00301,2007.24,Net Banking,suspicious_transaction,0,0,859,2,0,0,0.2,1,2026-08-03 01:08:00
TX002213,CUST00601,2650.05,Debit Card,authentication_failed,2,0,1210,6,0,0,0.33,0,2026-08-09 15:23:00
TX002214,CUST01222,697.78,Credit Card,network_error,3,2,564,14,0,0,0.41,0,2026-08-23 10:54:00
TX002215,CUST01767,685.37,UPI,insufficient_funds,4,3,264,7,0,1,0.02,0,2026-08-01 05:36:00
TX002216,CUST02834,1430.64,Net Banking,insufficient_funds,0,0,966,20,1,0,0.53,0,2026-08-17 06:14:00
TX002217,CUST00368,708.59,Net Banking,expired_card,4,1,1103,18,0,0,0.28,0,2026-08-12 15:23:00
TX002218,CUST00152,1026.46,Wallet,network_error,1,1,1043,0,0,0,0.61,1,2026-08-05 08:14:00
TX002219,CUST01315,8952.8,Net Banking,issuer_declined,2,3,1371,11,0,0,0.14,0,2026-08-03 03:13:00
TX002220,CUST02649,856.6,Net Banking,authentication_failed,0,1,24,18,0,0,0.32,1,2026-08-15 04:13:00
TX002221,CUST01307,766.37,Debit Card,bank_timeout,0,0,510,19,0,0,0.8,1,2026-08-04 16:56:00
TX002222,CUST02211,573.9,UPI,expired_card,1,1,329,23,0,0,0.41,1,2026-08-25 18:10:00
TX002223,CUST02272,2308.13,Net Banking,expired_card,0,0,1352,14,0,1,0.52,1,2026-08-08 03:58:00
TX002224,CUST02491,914.86,Debit Card,bank_timeout,3,2,1418,13,0,0,0.46,1,2026-08-11 18:34:00
TX002225,CUST01404,572.85,Net Banking,bank_timeout,0,0,1239,14,0,0,0.8,1,2026-08-24 02:01:00
TX002226,CUST00219,4110.52,Net Banking,insufficient_funds,1,2,1144,15,0,1,0.33,1,2026-08-06 08:19:00
TX002227,CUST02456,4535.1,Wallet,bank_timeout,2,2,456,2,1,0,0.42,0,2026-08-18 17:45:00
TX002228,CUST01551,601.59,UPI,bank_timeout,1,2,694,17,1,0,0.48,1,2026-08-09 11:40:00
TX002229,CUST02696,169.6,UPI,bank_timeout,1,0,605,14,0,0,0.74,1,2026-08-01 19:45:00
TX002230,CUST01285,3003.44,Credit Card,expired_card,1,0,975,15,0,0,0.54,1,2026-08-22 20:33:00
TX002231,CUST02976,553.01,UPI,authentication_failed,1,2,282,20,0,1,0.1,0,2026-08-14 03:57:00
TX002232,CUST01600,2417.83,UPI,authentication_failed,1,2,500,18,0,0,0.23,0,2026-08-18 15:14:00
TX002233,CUST01672,152.92,Credit Card,authentication_failed,0,1,1440,18,0,1,0.29,1,2026-08-01 14:51:00
TX002234,CUST00565,2677.39,Net Banking,bank_timeout,1,0,266,11,0,0,0.69,1,2026-08-10 20:01:00
TX002235,CUST01591,326.63,Wallet,insufficient_funds,0,0,806,7,1,0,0.53,1,2026-08-01 09:08:00
TX002236,CUST01520,2277.34,UPI,bank_timeout,1,2,180,20,0,0,0.53,1,2026-08-25 19:18:00
TX002237,CUST02408,1112.4,UPI,bank_timeout,0,0,1214,3,0,1,0.72,0,2026-08-30 02:03:00
TX002238,CUST00119,422.45,Credit Card,issuer_declined,0,1,695,5,0,0,0.42,0,2026-08-17 21:15:00
TX002239,CUST02329,729.94,Net Banking,expired_card,0,0,1177,20,0,0,0.6,1,2026-08-29 08:47:00
TX002240,CUST02936,2178.34,Wallet,insufficient_funds,0,1,715,15,0,0,0.55,1,2026-08-13 10:34:00
TX002241,CUST02582,1219.13,Wallet,suspicious_transaction,0,1,1141,19,0,0,0.12,0,2026-08-24 09:12:00
TX002242,CUST00371,1967.29,UPI,insufficient_funds,1,0,1472,17,0,0,0.57,1,2026-08-10 14:51:00
TX002243,CUST01161,7914.41,Debit Card,network_error,0,1,322,5,0,0,0.62,1,2026-08-23 10:50:00
TX002244,CUST02526,229.47,Net Banking,bank_timeout,1,1,25,7,0,0,0.61,0,2026-08-07 08:24:00
TX002245,CUST01269,5525.96,Wallet,insufficient_funds,0,1,920,20,0,0,0.55,0,2026-08-01 17:30:00
TX002246,CUST00537,1217.26,Credit Card,issuer_declined,5,2,1033,11,1,0,0.02,0,2026-08-01 04:46:00
TX002247,CUST00278,446.4,Net Banking,issuer_declined,2,0,867,15,0,0,0.38,1,2026-08-24 23:08:00
TX002248,CUST01803,289.94,Wallet,bank_timeout,0,1,619,2,0,0,0.72,1,2026-08-26 19:29:00
TX002249,CUST01087,907.67,UPI,network_error,4,2,438,3,0,0,0.35,0,2026-08-22 06:40:00
TX002250,CUST02391,2756.32,UPI,issuer_declined,1,2,164,20,0,0,0.23,0,2026-08-20 18:50:00
TX002251,CUST01231,965.31,Net Banking,insufficient_funds,0,1,253,17,0,0,0.5,0,2026-08-23 12:33:00
TX002252,CUST01081,4969.9,Wallet,insufficient_funds,1,0,767,21,0,0,0.57,0,2026-08-22 18:23:00
TX002253,CUST01942,256.94,UPI,insufficient_funds,0,0,1316,3,0,0,0.63,1,2026-08-20 16:23:00
TX002254,CUST02003,1083.46,Credit Card,bank_timeout,3,1,1414,22,0,0,0.54,0,2026-08-07 01:33:00
TX002255,CUST00862,313.44,Wallet,suspicious_transaction,0,1,82,5,0,0,0.07,0,2026-08-08 10:59:00
TX002256,CUST01618,1577.56,Net Banking,issuer_declined,3,1,529,5,0,0,0.24,0,2026-08-08 06:09:00
TX002257,CUST00917,2662.14,Wallet,authentication_failed,1,0,280,7,0,1,0.26,1,2026-08-01 00:08:00
TX002258,CUST00268,719.99,Net Banking,expired_card,0,0,1058,8,0,0,0.6,1,2026-08-04 05:06:00
TX002259,CUST02477,100.0,Wallet,insufficient_funds,3,0,1378,15,0,0,0.45,1,2026-08-13 05:31:00
TX002260,CUST02827,1338.02,Debit Card,bank_timeout,0,1,663,13,0,0,0.72,1,2026-08-26 01:57:00
TX002261,CUST00906,1697.21,UPI,bank_timeout,2,3,583,7,0,0,0.44,0,2026-08-20 16:24:00
TX002262,CUST02562,1643.03,Credit Card,authentication_failed,1,1,957,6,0,1,0.23,0,2026-08-24 00:56:00
TX002263,CUST02867,3773.59,UPI,suspicious_transaction,0,1,1496,15,1,0,0.02,1,2026-08-26 10:02:00
TX002264,CUST01481,375.76,UPI,issuer_declined,2,2,1259,10,0,0,0.22,0,2026-08-29 16:19:00
TX002265,CUST01179,2165.09,UPI,network_error,0,1,1451,9,0,0,0.67,1,2026-08-01 20:12:00
TX002266,CUST02767,3613.77,Net Banking,insufficient_funds,2,1,877,14,0,0,0.43,0,2026-08-20 13:20:00
TX002267,CUST00655,185.2,UPI,authentication_failed,0,1,391,16,0,0,0.37,0,2026-08-19 08:46:00
TX002268,CUST01075,1509.68,Net Banking,network_error,0,1,548,10,0,0,0.67,1,2026-08-24 18:56:00
TX002269,CUST00892,662.37,Wallet,expired_card,1,1,1177,17,0,0,0.46,0,2026-08-04 12:31:00
TX002270,CUST01056,1010.78,Wallet,authentication_failed,1,0,1207,23,0,0,0.39,1,2026-08-13 20:07:00
TX002271,CUST02447,1552.58,Credit Card,bank_timeout,0,1,608,6,0,0,0.72,0,2026-08-12 16:59:00
TX002272,CUST01561,673.69,UPI,bank_timeout,0,0,1353,3,0,0,0.8,0,2026-08-11 09:00:00
TX002273,CUST01031,557.96,UPI,bank_timeout,0,1,895,23,0,0,0.72,1,2026-08-09 18:55:00
TX002274,CUST02424,1134.73,Wallet,network_error,0,1,615,5,0,0,0.67,1,2026-08-19 02:23:00
TX002275,CUST02930,369.72,Net Banking,network_error,1,0,1052,16,0,0,0.69,1,2026-08-21 11:47:00
TX002276,CUST02154,370.25,Wallet,expired_card,0,1,139,12,0,0,0.47,1,2026-08-10 02:22:00
TX002277,CUST02859,2163.26,Debit Card,insufficient_funds,0,1,958,23,0,0,0.55,0,2026-08-13 08:01:00
TX002278,CUST01604,347.65,UPI,network_error,0,1,1407,14,0,0,0.67,0,2026-08-09 18:35:00
TX002279,CUST02779,2135.19,Wallet,issuer_declined,0,1,316,6,0,0,0.37,0,2026-08-03 16:49:00
TX002280,CUST02351,1741.66,Credit Card,insufficient_funds,0,0,16,3,0,0,0.58,1,2026-08-21 11:06:00
TX002281,CUST02804,195.23,Wallet,insufficient_funds,0,1,1363,16,0,0,0.55,0,2026-08-17 07:32:00
TX002282,CUST02022,556.93,Debit Card,bank_timeout,4,2,964,13,0,1,0.32,0,2026-08-21 07:35:00
TX002283,CUST01383,3619.57,Wallet,network_error,0,0,597,21,1,1,0.57,1,2026-08-12 14:54:00
TX002284,CUST01332,411.1,UPI,bank_timeout,3,2,533,2,0,0,0.46,0,2026-08-14 11:25:00
TX002285,CUST00021,689.24,Credit Card,network_error,2,1,1084,13,0,0,0.55,1,2026-08-11 14:54:00
TX002286,CUST01304,1740.73,Net Banking,authentication_failed,2,3,41,7,0,1,0.02,0,2026-08-13 04:29:00
TX002287,CUST00631,2400.4,Credit Card,insufficient_funds,0,0,93,22,0,1,0.5,0,2026-08-25 08:00:00
TX002288,CUST00915,852.75,UPI,suspicious_transaction,2,2,142,6,0,0,0.02,0,2026-08-20 17:14:00
TX002289,CUST02614,603.35,UPI,authentication_failed,1,1,1180,15,0,0,0.31,0,2026-08-26 06:28:00
TX002290,CUST01101,4547.67,UPI,bank_timeout,0,1,1079,0,0,0,0.72,1,2026-08-17 02:35:00
TX002291,CUST01547,6241.02,Net Banking,issuer_declined,1,0,1174,10,0,0,0.44,1,2026-08-12 10:23:00
TX002292,CUST02773,2918.6,UPI,authentication_failed,1,2,1124,1,0,0,0.23,1,2026-08-29 01:55:00
TX002293,CUST01028,1194.3,Debit Card,bank_timeout,3,0,478,2,0,0,0.62,0,2026-08-07 08:49:00
TX002294,CUST01361,488.69,Wallet,issuer_declined,3,0,960,6,0,0,0.32,1,2026-08-26 15:30:00
TX002295,CUST01803,477.97,Net Banking,insufficient_funds,1,1,743,19,0,0,0.49,0,2026-08-04 00:50:00
TX002296,CUST02104,1849.21,Net Banking,network_error,5,1,413,0,0,0,0.37,1,2026-08-28 14:19:00
TX002297,CUST01311,1666.36,Wallet,authentication_failed,1,1,218,18,0,0,0.26,0,2026-08-08 15:50:00
TX002298,CUST01759,4454.18,UPI,network_error,0,1,1468,19,0,0,0.67,1,2026-08-22 20:54:00
TX002299,CUST01199,2101.59,Wallet,bank_timeout,3,3,395,22,1,0,0.28,0,2026-08-10 17:20:00
TX002300,CUST02692,243.94,UPI,issuer_declined,5,0,960,17,0,0,0.2,1,2026-08-18 08:40:00
TX002301,CUST01482,3139.9,Debit Card,insufficient_funds,0,0,861,4,0,0,0.63,1,2026-08-30 18:05:00
TX002302,CUST01941,404.21,UPI,insufficient_funds,1,2,56,4,0,0,0.36,0,2026-08-27 02:05:00
TX002303,CUST00232,746.97,UPI,network_error,2,3,648,8,0,0,0.39,0,2026-08-21 09:21:00
TX002304,CUST00228,1408.39,Wallet,issuer_declined,1,1,1190,10,0,1,0.28,0,2026-08-20 03:32:00
TX002305,CUST02034,8068.05,Debit Card,issuer_declined,1,0,1116,17,0,1,0.36,0,2026-08-10 13:31:00
TX002306,CUST01896,24585.66,Wallet,bank_timeout,1,1,1012,19,1,0,0.56,1,2026-08-28 16:40:00
TX002307,CUST02918,2011.68,Net Banking,bank_timeout,2,1,1036,8,0,0,0.6,1,2026-08-02 00:57:00
TX002308,CUST00638,913.06,UPI,expired_card,0,0,488,18,0,0,0.6,1,2026-08-29 17:52:00
TX002309,CUST02736,1871.52,Wallet,bank_timeout,3,0,1121,17,1,0,0.52,0,2026-08-25 13:50:00
TX002310,CUST02143,2664.19,Net Banking,authentication_failed,2,0,1047,4,0,1,0.25,0,2026-08-01 07:41:00
TX002311,CUST01646,795.79,Net Banking,network_error,3,0,243,1,0,0,0.52,1,2026-08-07 16:16:00
TX002312,CUST02415,6602.55,Wallet,bank_timeout,1,0,459,8,0,0,0.74,0,2026-08-20 20:56:00
TX002313,CUST02709,1380.32,Debit Card,expired_card,1,0,497,22,0,0,0.54,1,2026-08-24 06:11:00
TX002314,CUST02516,1803.97,Net Banking,authentication_failed,2,1,392,10,0,0,0.25,0,2026-08-21 03:03:00
TX002315,CUST00968,2134.36,UPI,network_error,2,1,206,10,0,0,0.5,0,2026-08-15 11:39:00
TX002316,CUST01803,1671.68,UPI,issuer_declined,1,2,980,19,0,0,0.28,1,2026-08-13 11:06:00
TX002317,CUST02912,2537.51,Debit Card,issuer_declined,0,0,215,2,0,0,0.45,0,2026-08-03 08:08:00
TX002318,CUST02669,591.55,UPI,network_error,4,2,101,6,0,0,0.3,1,2026-08-29 13:42:00
TX002319,CUST01612,627.47,Wallet,expired_card,2,3,923,19,0,1,0.16,0,2026-08-11 13:32:00
TX002320,CUST02617,364.98,Debit Card,network_error,1,1,874,16,0,0,0.61,1,2026-08-14 08:31:00
TX002321,CUST00102,1701.9,Credit Card,network_error,0,1,611,0,1,0,0.57,1,2026-08-15 12:45:00
TX002322,CUST01966,2389.73,Credit Card,network_error,1,0,244,11,0,0,0.64,1,2026-08-08 06:56:00
TX002323,CUST02464,1733.28,Credit Card,expired_card,0,1,1146,23,0,1,0.44,0,2026-08-05 00:54:00
TX002324,CUST01358,5851.73,Wallet,issuer_declined,2,2,1316,5,0,0,0.22,1,2026-08-05 02:49:00
TX002325,CUST01540,1090.51,Debit Card,bank_timeout,0,1,1101,7,0,0,0.72,1,2026-08-22 05:36:00
TX002326,CUST00850,2140.39,Debit Card,issuer_declined,0,1,1453,8,0,0,0.42,1,2026-08-29 18:31:00
TX002327,CUST02345,368.08,Debit Card,insufficient_funds,1,2,998,8,0,0,0.41,0,2026-08-20 07:52:00
TX002328,CUST00261,744.64,Net Banking,bank_timeout,0,0,340,2,0,1,0.67,1,2026-08-04 06:25:00
TX002329,CUST02645,2198.52,Debit Card,authentication_failed,0,1,561,21,0,0,0.37,1,2026-08-27 21:18:00
TX002330,CUST01046,2563.43,Wallet,bank_timeout,1,1,590,0,0,0,0.66,0,2026-08-06 16:56:00
TX002331,CUST02196,817.32,Net Banking,issuer_declined,1,0,413,0,0,0,0.44,0,2026-08-16 19:58:00
TX002332,CUST00122,1020.86,Wallet,network_error,1,2,384,3,0,0,0.53,1,2026-08-21 22:05:00
TX002333,CUST00505,240.36,Wallet,network_error,5,3,892,2,1,0,0.11,0,2026-08-11 22:42:00
TX002334,CUST01139,767.37,Credit Card,network_error,4,1,263,4,0,0,0.38,1,2026-08-27 18:40:00
TX002335,CUST02230,2671.47,UPI,bank_timeout,5,3,868,17,0,0,0.26,0,2026-08-01 17:38:00
TX002336,CUST00385,1949.26,Net Banking,authentication_failed,1,1,307,20,0,0,0.26,1,2026-08-14 08:52:00
TX002337,CUST00111,1809.25,Wallet,bank_timeout,0,1,129,14,0,0,0.67,1,2026-08-14 23:30:00
TX002338,CUST00574,1152.6,Net Banking,network_error,0,1,505,15,0,0,0.67,1,2026-08-27 14:29:00
TX002339,CUST01462,1104.41,Net Banking,authentication_failed,1,1,1194,5,0,0,0.31,0,2026-08-12 22:56:00
TX002340,CUST00380,566.61,Debit Card,expired_card,0,1,6,5,0,0,0.47,1,2026-08-10 11:30:00
TX002341,CUST01111,2205.76,Debit Card,suspicious_transaction,0,1,986,4,0,0,0.12,0,2026-08-01 00:52:00
TX002342,CUST01232,1670.66,Net Banking,network_error,4,0,518,11,0,0,0.51,0,2026-08-18 00:16:00
TX002343,CUST02813,1793.67,Net Banking,issuer_declined,2,1,733,2,1,0,0.2,0,2026-08-24 22:30:00
TX002344,CUST02118,648.05,Net Banking,insufficient_funds,0,0,275,22,1,1,0.4,1,2026-08-12 02:21:00
TX002345,CUST01806,127.31,Net Banking,expired_card,0,0,107,22,0,0,0.55,1,2026-08-05 13:07:00
TX002346,CUST02962,3285.1,Wallet,insufficient_funds,0,1,423,18,1,1,0.37,1,2026-08-11 09:57:00
TX002347,CUST01775,679.37,Net Banking,insufficient_funds,0,0,31,15,0,1,0.5,1,2026-08-03 01:31:00
TX002348,CUST02520,462.77,Net Banking,expired_card,0,1,264,10,0,0,0.47,1,2026-08-25 22:28:00
TX002349,CUST02670,2193.99,UPI,bank_timeout,0,0,501,23,1,0,0.7,1,2026-08-09 22:16:00
TX002350,CUST00051,740.99,Net Banking,bank_timeout,0,0,379,16,0,0,0.8,1,2026-08-16 06:03:00
TX002351,CUST02849,3165.09,UPI,expired_card,3,1,345,9,0,1,0.21,0,2026-08-02 05:49:00
TX002352,CUST01654,2032.47,Net Banking,insufficient_funds,0,0,525,10,0,0,0.63,1,2026-08-19 06:52:00
TX002353,CUST01739,2172.36,Credit Card,bank_timeout,2,1,264,4,0,0,0.55,1,2026-08-15 12:59:00
TX002354,CUST00951,279.79,Wallet,bank_timeout,1,0,763,12,0,1,0.66,0,2026-08-28 22:35:00
TX002355,CUST00190,3684.7,UPI,bank_timeout,0,1,429,7,0,0,0.72,1,2026-08-17 13:10:00
TX002356,CUST00744,1424.04,Wallet,issuer_declined,5,1,325,7,0,0,0.07,0,2026-08-19 17:42:00
TX002357,CUST02783,758.03,Debit Card,issuer_declined,0,0,1026,12,0,0,0.5,0,2026-08-20 11:42:00
TX002358,CUST00021,1265.71,Credit Card,issuer_declined,1,1,396,8,0,1,0.28,0,2026-08-17 05:30:00
TX002359,CUST01014,185.63,Net Banking,network_error,1,1,1281,7,0,0,0.61,0,2026-08-17 09:47:00
TX002360,CUST00727,1650.2,Wallet,insufficient_funds,0,1,189,10,0,0,0.5,0,2026-08-19 09:35:00
TX002361,CUST01520,391.75,Debit Card,insufficient_funds,0,1,799,5,0,0,0.55,0,2026-08-03 18:10:00
TX002362,CUST02538,283.53,Net Banking,insufficient_funds,0,1,757,7,0,0,0.55,0,2026-08-08 05:56:00
TX002363,CUST01182,239.28,Net Banking,network_error,4,3,890,23,0,0,0.27,1,2026-08-27 10:07:00
TX002364,CUST02863,3336.54,Net Banking,bank_timeout,1,2,1130,10,0,0,0.58,1,2026-08-18 16:04:00
TX002365,CUST02023,584.49,Wallet,bank_timeout,0,1,168,5,0,0,0.67,0,2026-08-20 00:56:00
TX002366,CUST00805,5083.36,Wallet,suspicious_transaction,0,0,1351,9,0,0,0.2,0,2026-08-12 05:04:00
TX002367,CUST02740,641.75,Wallet,bank_timeout,2,3,1497,17,0,0,0.44,0,2026-08-11 18:10:00
TX002368,CUST02523,198.87,Wallet,network_error,2,0,851,3,0,0,0.63,0,2026-08-04 18:59:00
TX002369,CUST00416,359.05,Net Banking,authentication_failed,1,0,1423,14,1,0,0.29,0,2026-08-10 11:25:00
TX002370,CUST01942,3773.7,Credit Card,issuer_declined,1,0,9,3,0,0,0.39,0,2026-08-26 04:59:00
TX002371,CUST02915,938.33,UPI,insufficient_funds,0,1,1176,6,1,0,0.45,0,2026-08-19 02:58:00
TX002372,CUST00805,633.79,Wallet,network_error,2,3,813,5,0,0,0.39,1,2026-08-27 07:29:00
TX002373,CUST02593,1286.93,Credit Card,issuer_declined,2,2,831,6,0,0,0.22,1,2026-08-07 07:29:00
TX002374,CUST02397,1811.27,Wallet,expired_card,0,0,810,18,0,0,0.6,1,2026-08-05 23:58:00
TX002375,CUST00744,3352.29,Net Banking,network_error,0,1,1162,14,1,0,0.57,0,2026-08-02 03:56:00
TX002376,CUST01687,4668.06,Wallet,issuer_declined,0,0,68,3,0,0,0.45,1,2026-08-26 23:55:00
TX002377,CUST00113,765.27,UPI,insufficient_funds,2,2,1498,18,1,0,0.25,1,2026-08-11 12:59:00
TX002378,CUST01115,291.18,Debit Card,bank_timeout,3,3,988,21,0,0,0.38,1,2026-08-05 13:39:00
TX002379,CUST01153,725.26,UPI,authentication_failed,1,2,544,2,0,0,0.23,0,2026-08-23 11:10:00
TX002380,CUST02460,1422.66,Credit Card,bank_timeout,5,0,213,12,1,0,0.35,0,2026-08-27 20:46:00
TX002381,CUST02716,418.32,UPI,network_error,0,1,1344,5,0,1,0.59,1,2026-08-19 23:43:00
TX002382,CUST01709,421.09,UPI,insufficient_funds,1,0,149,19,0,0,0.52,1,2026-08-10 03:04:00
TX002383,CUST01057,1546.56,Wallet,authentication_failed,4,2,1134,8,0,0,0.05,0,2026-08-09 23:42:00
TX002384,CUST00306,1044.56,Net Banking,bank_timeout,1,2,197,15,0,0,0.53,1,2026-08-25 17:41:00
TX002385,CUST01566,1133.2,UPI,bank_timeout,2,0,1438,2,0,0,0.68,0,2026-08-05 10:46:00
TX002386,CUST02388,513.63,Debit Card,suspicious_transaction,2,1,622,14,0,1,0.02,0,2026-08-24 16:48:00
TX002387,CUST02276,870.96,UPI,issuer_declined,0,1,1295,9,0,0,0.42,0,2026-08-04 10:00:00
TX002388,CUST02489,435.18,Credit Card,suspicious_transaction,1,2,755,15,0,0,0.02,0,2026-08-04 06:22:00
TX002389,CUST00979,2670.97,Wallet,network_error,0,1,618,19,0,0,0.67,1,2026-08-27 06:53:00
TX002390,CUST01173,3087.91,Credit Card,issuer_declined,0,1,582,1,1,0,0.32,0,2026-08-10 21:53:00
TX002391,CUST01358,173.09,UPI,insufficient_funds,1,2,380,12,1,0,0.31,0,2026-08-16 08:14:00
TX002392,CUST00685,432.89,Debit Card,bank_timeout,1,2,639,2,1,0,0.48,1,2026-08-03 23:00:00
TX002393,CUST02899,245.54,Net Banking,insufficient_funds,1,2,566,16,0,0,0.41,0,2026-08-28 12:17:00
TX002394,CUST01157,572.48,Wallet,insufficient_funds,4,1,120,0,0,0,0.26,0,2026-08-16 12:10:00
TX002395,CUST01773,1008.85,Net Banking,issuer_declined,1,1,427,11,0,0,0.36,0,2026-08-09 09:13:00
TX002396,CUST01837,257.33,UPI,insufficient_funds,0,0,1339,11,0,1,0.55,1,2026-08-01 08:43:00
TX002397,CUST01952,436.22,UPI,expired_card,0,1,228,7,1,0,0.37,0,2026-08-20 03:49:00
TX002398,CUST00738,401.84,Debit Card,bank_timeout,2,3,211,0,1,0,0.29,0,2026-08-19 14:55:00
TX002399,CUST02218,1349.2,Wallet,bank_timeout,0,0,996,4,0,1,0.72,1,2026-08-09 17:54:00
TX002400,CUST02055,1175.38,UPI,bank_timeout,3,1,287,7,0,0,0.49,1,2026-08-08 01:19:00
TX002401,CUST01163,532.86,UPI,insufficient_funds,1,0,1078,6,0,0,0.57,0,2026-08-02 10:53:00
TX002402,CUST00006,1308.74,Debit Card,bank_timeout,2,2,927,19,0,0,0.52,0,2026-08-05 15:10:00
TX002403,CUST02886,634.81,UPI,suspicious_transaction,0,0,644,6,0,0,0.2,0,2026-08-07 15:03:00
TX002404,CUST00675,835.76,Wallet,insufficient_funds,4,0,895,9,1,0,0.29,0,2026-08-23 06:31:00
TX002405,CUST02280,5845.64,UPI,insufficient_funds,1,0,60,4,0,1,0.44,1,2026-08-14 15:47:00
TX002406,CUST00420,4190.02,Wallet,issuer_declined,3,2,497,9,1,0,0.06,0,2026-08-24 05:38:00
TX002407,CUST00392,298.99,Debit Card,issuer_declined,1,1,590,23,0,0,0.36,1,2026-08-04 20:50:00
TX002408,CUST02628,2514.26,Wallet,expired_card,4,1,47,12,0,0,0.23,0,2026-08-26 10:50:00
TX002409,CUST02632,2468.58,UPI,expired_card,0,0,1368,4,1,0,0.5,0,2026-08-21 05:39:00
TX002410,CUST01027,347.84,Credit Card,authentication_failed,0,0,654,10,0,0,0.45,0,2026-08-17 22:24:00
TX002411,CUST02427,2486.86,Wallet,issuer_declined,2,2,383,18,0,1,0.14,0,2026-08-20 13:35:00
TX002412,CUST02321,5104.78,UPI,expired_card,0,0,1065,19,0,0,0.6,1,2026-08-03 04:56:00
TX002413,CUST01592,356.9,Debit Card,insufficient_funds,0,1,560,11,0,1,0.47,1,2026-08-07 13:10:00
TX002414,CUST01820,438.12,Net Banking,bank_timeout,0,0,613,18,0,1,0.72,1,2026-08-29 21:36:00
TX002415,CUST00084,3034.07,Wallet,issuer_declined,1,1,1262,19,0,0,0.36,0,2026-08-13 06:12:00
TX002416,CUST01235,1438.7,Net Banking,network_error,1,0,662,0,0,0,0.69,1,2026-08-07 09:49:00
TX002417,CUST01027,1903.55,Credit Card,bank_timeout,1,0,561,2,0,0,0.74,1,2026-08-16 01:32:00
TX002418,CUST01401,1541.62,Credit Card,suspicious_transaction,0,0,671,17,0,0,0.2,0,2026-08-27 14:55:00
TX002419,CUST00118,1620.83,Net Banking,bank_timeout,1,1,31,5,0,0,0.61,1,2026-08-10 16:32:00
TX002420,CUST00908,291.06,Credit Card,expired_card,0,1,735,5,0,0,0.52,1,2026-08-25 11:26:00
TX002421,CUST00571,3125.4,Wallet,issuer_declined,0,0,287,19,0,0,0.45,0,2026-08-29 02:11:00
TX002422,CUST02458,3531.9,UPI,insufficient_funds,0,1,322,19,0,0,0.5,1,2026-08-19 12:50:00
TX002423,CUST01901,871.84,Wallet,suspicious_transaction,0,0,736,21,0,0,0.2,0,2026-08-28 11:51:00
TX002424,CUST00860,1049.98,Net Banking,authentication_failed,2,3,454,4,0,0,0.09,0,2026-08-06 12:17:00
TX002425,CUST00945,237.2,Wallet,bank_timeout,0,1,16,5,0,0,0.67,0,2026-08-03 05:14:00
TX002426,CUST00436,1834.0,Wallet,issuer_declined,0,1,1268,7,0,0,0.42,0,2026-08-01 02:15:00
TX002427,CUST00239,1943.13,UPI,bank_timeout,1,1,882,3,0,0,0.66,1,2026-08-13 18:40:00
TX002428,CUST02868,1030.51,Net Banking,bank_timeout,2,2,1229,9,1,0,0.42,0,2026-08-07 11:47:00
TX002429,CUST00930,3375.68,UPI,issuer_declined,2,1,280,23,0,0,0.25,0,2026-08-22 07:58:00
TX002430,CUST01907,785.19,Wallet,network_error,0,1,594,14,0,0,0.67,1,2026-08-06 09:10:00
TX002431,CUST02519,1928.71,Debit Card,suspicious_transaction,0,0,165,21,0,0,0.15,0,2026-08-20 11:30:00
TX002432,CUST01393,395.57,UPI,issuer_declined,1,2,857,2,0,0,0.28,1,2026-08-04 22:31:00
TX002433,CUST02869,1071.11,Debit Card,insufficient_funds,0,0,1478,19,1,0,0.53,1,2026-08-06 04:23:00
TX002434,CUST01601,921.17,Net Banking,expired_card,1,1,50,12,0,0,0.41,0,2026-08-16 06:14:00
TX002435,CUST01008,1373.76,Credit Card,bank_timeout,1,0,1105,11,0,1,0.66,1,2026-08-29 22:25:00
TX002436,CUST02117,757.84,Debit Card,expired_card,0,0,1020,2,1,0,0.5,0,2026-08-09 18:19:00
TX002437,CUST00089,961.53,UPI,bank_timeout,2,3,690,7,0,0,0.44,0,2026-08-07 18:12:00
TX002438,CUST00997,2505.01,UPI,bank_timeout,0,1,1228,21,0,0,0.72,1,2026-08-10 11:56:00
TX002439,CUST00520,708.56,Net Banking,network_error,1,1,212,15,0,0,0.56,0,2026-08-19 18:48:00
TX002440,CUST01403,219.95,Wallet,bank_timeout,5,1,1073,4,1,1,0.24,0,2026-08-02 09:07:00
TX002441,CUST01589,6308.06,Debit Card,bank_timeout,0,1,377,13,0,0,0.72,1,2026-08-17 18:49:00
TX002442,CUST00261,4365.35,Credit Card,insufficient_funds,5,2,708,7,0,0,0.17,0,2026-08-17 15:08:00
TX002443,CUST02756,301.19,Net Banking,issuer_declined,2,3,842,8,0,0,0.14,0,2026-08-08 06:28:00
TX002444,CUST00675,2185.74,Debit Card,network_error,1,2,753,3,1,0,0.43,1,2026-08-01 06:20:00
TX002445,CUST01693,663.17,Wallet,bank_timeout,1,1,785,17,0,0,0.66,1,2026-08-03 11:14:00
TX002446,CUST01728,1427.22,Credit Card,network_error,3,3,368,19,0,0,0.33,0,2026-08-28 22:31:00
TX002447,CUST01806,1471.77,Wallet,network_error,0,1,284,2,0,0,0.62,1,2026-08-30 21:20:00
TX002448,CUST01521,867.48,UPI,bank_timeout,2,2,1011,14,0,0,0.52,0,2026-08-01 06:49:00
TX002449,CUST01176,500.81,Debit Card,suspicious_transaction,2,3,281,11,1,0,0.02,0,2026-08-03 08:43:00
TX002450,CUST01880,549.75,UPI,bank_timeout,1,2,275,2,0,0,0.53,0,2026-08-07 13:18:00
TX002451,CUST00996,438.7,Credit Card,insufficient_funds,2,1,1421,1,0,0,0.43,1,2026-08-03 21:56:00
TX002452,CUST02940,477.32,Net Banking,insufficient_funds,2,3,25,12,0,0,0.22,0,2026-08-24 16:13:00
TX002453,CUST01747,1025.38,Credit Card,bank_timeout,0,0,311,0,0,0,0.75,0,2026-08-24 13:47:00
TX002454,CUST01197,536.06,Wallet,authentication_failed,0,1,1113,6,0,0,0.37,0,2026-08-21 13:00:00
TX002455,CUST02768,2169.07,Wallet,issuer_declined,4,1,1416,17,0,0,0.18,0,2026-08-04 21:42:00
TX002456,CUST02857,4852.48,Credit Card,issuer_declined,3,2,1243,9,0,0,0.16,0,2026-08-02 02:14:00
TX002457,CUST02304,613.97,Debit Card,authentication_failed,0,0,233,6,0,0,0.4,0,2026-08-05 06:12:00
TX002458,CUST02310,1393.26,Credit Card,issuer_declined,2,0,159,3,0,0,0.33,1,2026-08-16 16:48:00
TX002459,CUST02174,1807.47,UPI,insufficient_funds,0,0,586,8,0,1,0.55,1,2026-08-12 00:19:00
TX002460,CUST00262,1758.12,Debit Card,insufficient_funds,3,2,156,21,0,0,0.24,0,2026-08-30 18:55:00
TX002461,CUST00423,1183.17,Debit Card,insufficient_funds,0,1,939,10,0,1,0.47,1,2026-08-30 02:08:00
TX002462,CUST00050,2304.65,UPI,suspicious_transaction,1,1,782,9,0,0,0.06,0,2026-08-25 23:33:00
TX002463,CUST01075,1776.23,UPI,bank_timeout,4,0,317,14,0,0,0.51,1,2026-08-28 14:15:00
TX002464,CUST02160,318.09,Wallet,expired_card,0,0,893,2,1,0,0.5,1,2026-08-24 13:05:00
TX002465,CUST01731,2615.36,UPI,bank_timeout,1,1,899,11,0,0,0.66,1,2026-08-10 01:35:00
TX002466,CUST00655,2663.22,Net Banking,bank_timeout,3,2,58,10,0,0,0.41,1,2026-08-12 15:09:00
TX002467,CUST01461,511.18,Wallet,bank_timeout,0,1,901,22,0,0,0.72,1,2026-08-11 21:30:00
TX002468,CUST01014,1139.04,Wallet,expired_card,2,1,579,5,0,0,0.4,1,2026-08-22 22:26:00
TX002469,CUST01373,2171.84,Wallet,bank_timeout,1,2,549,13,0,0,0.58,0,2026-08-01 04:41:00
TX002470,CUST00830,889.52,UPI,bank_timeout,1,0,323,14,0,0,0.69,1,2026-08-26 11:51:00
TX002471,CUST02652,3206.64,Credit Card,issuer_declined,0,1,1455,1,0,0,0.42,0,2026-08-14 15:29:00
TX002472,CUST01747,11659.45,UPI,suspicious_transaction,0,1,391,0,0,0,0.12,0,2026-08-01 08:42:00
TX002473,CUST02617,499.7,Net Banking,network_error,0,0,991,15,0,0,0.75,0,2026-08-06 06:39:00
TX002474,CUST00496,275.6,Wallet,issuer_declined,0,1,1337,16,0,0,0.42,0,2026-08-03 19:09:00
TX002475,CUST00036,1485.96,Net Banking,authentication_failed,0,0,290,22,0,0,0.4,1,2026-08-14 05:02:00
TX002476,CUST02003,2256.48,Credit Card,authentication_failed,4,2,1349,15,0,0,0.05,0,2026-08-22 08:59:00
TX002477,CUST00385,870.56,Wallet,authentication_failed,2,3,247,21,0,0,0.04,0,2026-08-17 14:25:00
TX002478,CUST02908,4690.34,Wallet,insufficient_funds,2,3,933,13,0,0,0.27,0,2026-08-18 04:28:00
TX002479,CUST02147,287.55,Credit Card,bank_timeout,2,0,36,19,0,0,0.63,0,2026-08-13 19:31:00
TX002480,CUST00567,2192.77,Net Banking,expired_card,0,1,1279,6,0,0,0.52,0,2026-08-27 08:55:00
TX002481,CUST00312,598.33,Debit Card,issuer_declined,1,0,940,0,0,0,0.44,0,2026-08-20 04:12:00
TX002482,CUST00206,6120.37,UPI,issuer_declined,2,0,170,10,1,0,0.23,1,2026-08-19 01:35:00
TX002483,CUST02904,8042.66,Credit Card,insufficient_funds,0,0,276,12,0,0,0.58,1,2026-08-12 21:47:00
TX002484,CUST01920,509.46,Debit Card,insufficient_funds,3,1,452,10,0,0,0.37,1,2026-08-23 09:23:00
TX002485,CUST00366,632.98,Wallet,bank_timeout,0,1,967,18,1,0,0.62,1,2026-08-23 23:59:00
TX002486,CUST01693,2590.45,Net Banking,authentication_failed,1,0,320,0,0,1,0.26,0,2026-08-23 12:30:00
TX002487,CUST02838,744.62,Credit Card,network_error,0,1,300,16,0,0,0.62,1,2026-08-27 22:53:00
TX002488,CUST00682,1047.95,Net Banking,expired_card,0,0,71,22,0,0,0.55,1,2026-08-25 20:29:00
TX002489,CUST01603,1124.83,UPI,bank_timeout,1,1,36,10,1,1,0.43,0,2026-08-13 17:37:00
TX002490,CUST00854,160.83,Credit Card,insufficient_funds,0,0,1495,1,0,0,0.63,1,2026-08-11 16:06:00
TX002491,CUST01312,1081.56,Net Banking,authentication_failed,3,3,1226,22,0,0,0.03,0,2026-08-05 01:39:00
TX002492,CUST00239,550.19,UPI,network_error,1,2,1219,18,0,0,0.53,1,2026-08-01 03:52:00
TX002493,CUST01269,669.73,Wallet,suspicious_transaction,0,0,688,22,0,1,0.12,0,2026-08-28 07:30:00
TX002494,CUST00737,4645.4,Wallet,expired_card,1,0,102,8,0,0,0.49,1,2026-08-05 00:41:00
TX002495,CUST00994,312.15,Net Banking,issuer_declined,1,2,51,16,0,1,0.15,0,2026-08-29 21:47:00
TX002496,CUST01758,2473.04,Wallet,bank_timeout,3,2,940,22,0,0,0.46,0,2026-08-16 19:32:00
TX002497,CUST02941,829.68,Credit Card,bank_timeout,2,0,75,11,0,0,0.63,0,2026-08-12 03:04:00
TX002498,CUST00035,829.02,Wallet,insufficient_funds,4,3,1268,16,0,0,0.15,0,2026-08-06 16:18:00
TX002499,CUST01264,2417.22,Credit Card,expired_card,1,1,836,23,0,0,0.46,0,2026-08-05 17:25:00
TX002500,CUST01662,1540.79,Net Banking,insufficient_funds,1,0,1043,15,0,0,0.57,1,2026-08-25 03:44:00
TX002501,CUST02223,1940.33,Credit Card,insufficient_funds,0,1,51,2,0,0,0.5,0,2026-08-30 02:55:00
TX002502,CUST00662,2887.61,Net Banking,suspicious_transaction,0,0,377,13,0,0,0.2,0,2026-08-24 10:23:00
TX002503,CUST00046,787.36,Wallet,expired_card,0,1,176,12,0,0,0.47,1,2026-08-30 03:57:00
TX002504,CUST02467,594.53,Wallet,suspicious_transaction,0,1,1190,18,0,0,0.12,0,2026-08-07 04:05:00
TX002505,CUST01325,370.5,Debit Card,expired_card,1,0,889,10,0,0,0.54,1,2026-08-02 03:14:00
TX002506,CUST02249,480.39,Credit Card,authentication_failed,0,0,650,0,0,0,0.45,0,2026-08-14 05:44:00
TX002507,CUST00512,20933.26,Net Banking,bank_timeout,4,3,676,15,0,0,0.32,1,2026-08-07 07:54:00
TX002508,CUST02418,3807.32,Debit Card,authentication_failed,0,0,1095,17,0,0,0.45,0,2026-08-15 00:49:00
TX002509,CUST02153,283.99,Net Banking,bank_timeout,3,2,90,0,0,0,0.41,1,2026-08-30 01:31:00
TX002510,CUST00742,292.23,Wallet,suspicious_transaction,1,1,716,20,0,1,0.02,0,2026-08-01 18:11:00
TX002511,CUST00579,1775.55,Wallet,bank_timeout,0,0,697,20,1,0,0.7,1,2026-08-29 11:16:00
TX002512,CUST00148,1895.55,Net Banking,issuer_declined,1,0,823,21,0,0,0.44,0,2026-08-08 09:00:00
TX002513,CUST00931,1898.62,Credit Card,insufficient_funds,0,0,1299,17,1,0,0.53,1,2026-08-23 16:28:00
TX002514,CUST02618,849.84,Credit Card,bank_timeout,0,1,354,12,0,0,0.67,1,2026-08-27 03:11:00
TX002515,CUST01849,967.34,Debit Card,issuer_declined,4,2,51,22,0,0,0.05,0,2026-08-05 04:30:00
TX002516,CUST02630,1522.15,Debit Card,issuer_declined,4,2,836,21,0,0,0.1,1,2026-08-18 07:31:00
TX002517,CUST02224,1194.99,Net Banking,network_error,0,1,519,11,0,0,0.67,1,2026-08-18 07:57:00
TX002518,CUST02685,119.19,Net Banking,authentication_failed,5,3,725,16,0,0,0.02,0,2026-08-10 00:35:00
TX002519,CUST01216,871.49,Wallet,network_error,0,1,1342,17,0,0,0.67,0,2026-08-23 12:09:00
TX002520,CUST00885,468.06,Net Banking,suspicious_transaction,2,2,493,4,1,0,0.02,0,2026-08-17 14:35:00
TX002521,CUST02149,1306.64,Net Banking,bank_timeout,1,2,596,7,0,0,0.58,1,2026-08-28 18:22:00
TX002522,CUST02298,21704.16,Credit Card,expired_card,1,1,500,23,0,0,0.46,1,2026-08-25 08:59:00
TX002523,CUST00130,1583.64,Debit Card,bank_timeout,2,2,654,1,0,0,0.52,0,2026-08-25 05:05:00
TX002524,CUST01103,801.49,Net Banking,insufficient_funds,2,0,105,14,0,0,0.46,0,2026-08-28 11:11:00
TX002525,CUST00804,2756.73,Wallet,bank_timeout,1,0,1004,4,0,0,0.74,1,2026-08-16 17:13:00
TX002526,CUST02732,1777.01,UPI,issuer_declined,4,0,864,4,0,0,0.26,1,2026-08-02 17:59:00
TX002527,CUST02772,1669.19,Credit Card,expired_card,1,1,704,0,0,0,0.46,1,2026-08-10 13:04:00
TX002528,CUST01407,2011.93,Credit Card,authentication_failed,0,1,1222,8,0,0,0.37,0,2026-08-11 04:26:00
TX002529,CUST02014,8574.46,Wallet,authentication_failed,2,1,162,23,0,0,0.2,1,2026-08-30 21:25:00
TX002530,CUST01445,353.93,Wallet,bank_timeout,5,1,822,11,0,0,0.42,1,2026-08-26 02:13:00
TX002531,CUST01779,1760.99,Net Banking,authentication_failed,2,2,228,22,1,0,0.02,0,2026-08-09 18:11:00
TX002532,CUST02270,434.25,Debit Card,issuer_declined,0,0,532,20,0,0,0.5,0,2026-08-29 11:33:00
TX002533,CUST00332,1911.25,Wallet,issuer_declined,0,1,1364,9,0,0,0.42,0,2026-08-11 00:12:00
TX002534,CUST02821,437.6,Net Banking,expired_card,4,3,278,15,0,0,0.07,0,2026-08-10 02:13:00
TX002535,CUST01014,722.44,Net Banking,issuer_declined,0,0,178,21,0,0,0.45,0,2026-08-08 14:10:00
TX002536,CUST01743,816.4,Debit Card,authentication_failed,0,1,59,16,0,0,0.32,0,2026-08-30 19:26:00
TX002537,CUST01811,2909.73,Net Banking,bank_timeout,1,0,869,18,0,0,0.74,1,2026-08-01 22:02:00
TX002538,CUST00963,2747.52,Wallet,insufficient_funds,4,3,1012,1,0,1,0.07,0,2026-08-29 00:20:00
TX002539,CUST02418,315.54,Wallet,bank_timeout,2,3,903,7,0,1,0.36,1,2026-08-10 19:10:00
TX002540,CUST01149,1158.56,Credit Card,authentication_failed,1,2,1087,1,0,0,0.23,0,2026-08-30 22:14:00
TX002541,CUST01196,539.38,Credit Card,bank_timeout,0,0,821,9,0,0,0.8,1,2026-08-08 23:54:00
TX002542,CUST02959,311.53,Credit Card,bank_timeout,0,1,741,11,0,0,0.72,1,2026-08-03 21:49:00
TX002543,CUST00452,882.7,Debit Card,issuer_declined,0,1,1288,8,0,1,0.34,0,2026-08-10 05:51:00
TX002544,CUST02650,805.54,Debit Card,issuer_declined,3,2,461,2,0,0,0.16,0,2026-08-27 15:15:00
TX002545,CUST01982,12415.69,Net Banking,bank_timeout,1,1,33,13,0,0,0.61,0,2026-08-22 06:51:00
TX002546,CUST02478,1690.8,Credit Card,issuer_declined,2,2,132,14,0,0,0.17,1,2026-08-20 10:47:00
TX002547,CUST00579,276.55,Wallet,bank_timeout,0,1,469,19,0,1,0.64,1,2026-08-19 01:42:00
TX002548,CUST02324,623.42,UPI,network_error,0,1,892,15,1,1,0.49,1,2026-08-24 09:15:00
TX002549,CUST02796,3045.39,Net Banking,insufficient_funds,0,1,710,19,0,0,0.55,1,2026-08-09 22:37:00
TX002550,CUST00232,8852.39,Debit Card,issuer_declined,0,0,13,4,0,0,0.45,0,2026-08-12 02:33:00
TX002551,CUST02296,224.53,Net Banking,insufficient_funds,0,0,635,20,0,1,0.55,0,2026-08-23 21:24:00
TX002552,CUST01638,167.35,Net Banking,network_error,0,0,558,0,0,0,0.75,1,2026-08-19 13:44:00
TX002553,CUST02806,7122.15,Net Banking,expired_card,0,0,1099,22,0,0,0.6,1,2026-08-23 23:34:00
TX002554,CUST00395,1619.08,UPI,bank_timeout,0,0,915,5,1,0,0.7,1,2026-08-12 02:10:00
TX002555,CUST01002,460.22,Debit Card,issuer_declined,0,1,328,4,1,0,0.27,0,2026-08-08 16:39:00
TX002556,CUST01482,1871.75,Credit Card,bank_timeout,2,1,1404,23,1,0,0.5,1,2026-08-06 12:46:00
TX002557,CUST02965,100.0,Net Banking,issuer_declined,3,1,1101,18,0,0,0.24,0,2026-08-22 19:04:00
TX002558,CUST01006,1100.34,Net Banking,expired_card,1,2,1214,22,0,0,0.38,0,2026-08-03 02:25:00
TX002559,CUST00176,1522.06,UPI,issuer_declined,0,0,104,15,0,0,0.45,1,2026-08-13 05:48:00
TX002560,CUST02297,2763.55,Debit Card,authentication_failed,0,1,214,5,0,1,0.24,0,2026-08-06 00:17:00
TX002561,CUST02393,397.86,UPI,expired_card,2,2,741,8,0,0,0.32,0,2026-08-29 01:44:00
TX002562,CUST01620,1194.74,Debit Card,issuer_declined,2,1,929,13,0,0,0.3,0,2026-08-06 07:03:00
TX002563,CUST02819,434.66,Wallet,insufficient_funds,2,3,493,18,0,0,0.27,0,2026-08-18 08:53:00
TX002564,CUST01805,1415.71,Wallet,bank_timeout,0,1,1013,6,0,0,0.72,0,2026-08-24 21:10:00
TX002565,CUST01958,447.94,Debit Card,authentication_failed,0,0,446,21,0,0,0.45,0,2026-08-18 07:54:00
TX002566,CUST00282,729.16,Debit Card,issuer_declined,0,1,361,15,0,0,0.37,1,2026-08-06 00:38:00
TX002567,CUST00294,405.12,Net Banking,insufficient_funds,0,1,357,20,0,0,0.5,1,2026-08-11 07:41:00
TX002568,CUST00462,2103.03,Wallet,issuer_declined,1,1,425,13,0,1,0.28,1,2026-08-15 06:05:00
TX002569,CUST01545,2587.51,Wallet,suspicious_transaction,0,1,45,6,0,0,0.07,0,2026-08-01 03:15:00
TX002570,CUST00116,867.3,Debit Card,insufficient_funds,1,2,1313,7,0,0,0.41,0,2026-08-16 16:18:00
TX002571,CUST02362,1139.38,Credit Card,network_error,0,0,1355,20,0,0,0.75,1,2026-08-28 05:30:00
TX002572,CUST00914,257.6,Debit Card,bank_timeout,3,0,773,23,0,0,0.62,1,2026-08-25 17:20:00
TX002573,CUST01851,812.67,Credit Card,bank_timeout,0,1,255,16,0,1,0.59,1,2026-08-27 13:12:00
TX002574,CUST01641,1042.94,UPI,authentication_failed,1,2,918,16,0,0,0.23,0,2026-08-30 20:42:00
TX002575,CUST01033,15075.0,Wallet,insufficient_funds,0,1,1279,19,1,0,0.45,0,2026-08-05 20:16:00
TX002576,CUST02009,360.7,UPI,bank_timeout,1,1,688,13,0,0,0.66,1,2026-08-25 07:51:00
TX002577,CUST02716,4741.82,UPI,suspicious_transaction,3,0,887,2,0,0,0.02,0,2026-08-15 06:17:00
TX002578,CUST01665,2971.61,Credit Card,bank_timeout,0,0,345,19,0,0,0.75,0,2026-08-21 10:01:00
TX002579,CUST00730,1451.91,Net Banking,bank_timeout,1,2,841,6,0,0,0.58,1,2026-08-27 02:54:00
TX002580,CUST00866,6365.32,Wallet,authentication_failed,2,0,803,16,0,0,0.33,1,2026-08-10 10:17:00
TX002581,CUST02634,1590.98,UPI,insufficient_funds,0,1,713,6,0,0,0.55,1,2026-08-11 02:16:00
TX002582,CUST02831,1618.34,Credit Card,insufficient_funds,0,0,158,15,0,0,0.58,1,2026-08-02 16:00:00
TX002583,CUST00186,1039.9,Debit Card,expired_card,2,1,976,21,0,0,0.4,1,2026-08-24 11:29:00
TX002584,CUST01364,3727.78,Wallet,issuer_declined,1,0,1393,19,0,0,0.44,0,2026-08-07 23:16:00
TX002585,CUST01974,3282.86,Debit Card,suspicious_transaction,0,0,298,10,0,0,0.15,1,2026-08-13 09:27:00
TX002586,CUST00286,586.59,Wallet,network_error,0,0,1289,23,0,0,0.75,0,2026-08-23 11:04:00
TX002587,CUST01725,293.17,Credit Card,authentication_failed,0,0,1448,6,0,1,0.37,0,2026-08-18 23:37:00
TX002588,CUST00956,895.18,Wallet,insufficient_funds,0,0,426,23,0,0,0.63,1,2026-08-15 06:55:00
TX002589,CUST01596,492.73,Credit Card,network_error,1,0,964,19,0,0,0.69,1,2026-08-29 07:07:00
TX002590,CUST00189,1029.14,Wallet,insufficient_funds,1,1,1187,17,0,0,0.49,0,2026-08-02 11:04:00
TX002591,CUST02304,3779.84,Wallet,expired_card,0,0,944,15,0,0,0.6,1,2026-08-05 05:31:00
TX002592,CUST01715,694.16,Net Banking,insufficient_funds,0,0,442,19,0,0,0.63,1,2026-08-22 18:20:00
TX002593,CUST02837,1050.66,Credit Card,bank_timeout,1,2,602,0,0,0,0.58,1,2026-08-08 19:29:00
TX002594,CUST02648,1162.15,Credit Card,network_error,4,0,1410,19,0,0,0.51,0,2026-08-03 18:59:00
TX002595,CUST01687,2561.71,Credit Card,bank_timeout,0,1,632,0,1,0,0.62,0,2026-08-15 02:36:00
TX002596,CUST01189,115.94,Debit Card,bank_timeout,2,2,319,21,0,1,0.39,0,2026-08-12 03:13:00
TX002597,CUST01507,597.83,UPI,expired_card,0,1,719,22,0,1,0.44,0,2026-08-24 10:14:00
TX002598,CUST01745,1354.63,UPI,suspicious_transaction,0,1,17,19,0,0,0.07,0,2026-08-16 23:59:00
TX002599,CUST00789,3641.24,Wallet,insufficient_funds,2,1,958,1,0,0,0.43,1,2026-08-15 18:45:00
TX002600,CUST00383,670.55,Wallet,bank_timeout,3,1,790,2,0,0,0.54,1,2026-08-30 06:19:00
TX002601,CUST00818,167.91,Debit Card,issuer_declined,1,0,1184,18,0,1,0.36,0,2026-08-12 00:10:00
TX002602,CUST01968,2037.97,Net Banking,network_error,0,1,1229,5,0,0,0.67,1,2026-08-25 10:49:00
TX002603,CUST01572,580.93,UPI,insufficient_funds,0,0,1281,17,0,0,0.63,0,2026-08-29 06:25:00
TX002604,CUST00945,333.73,Debit Card,bank_timeout,1,0,603,0,0,0,0.74,1,2026-08-09 13:09:00
TX002605,CUST01107,587.37,Net Banking,bank_timeout,2,1,488,8,0,0,0.6,0,2026-08-24 23:25:00
TX002606,CUST01562,911.85,Net Banking,authentication_failed,0,0,1040,13,0,0,0.45,1,2026-08-13 22:30:00
TX002607,CUST01021,599.0,Wallet,bank_timeout,4,1,1136,10,0,0,0.48,1,2026-08-01 23:42:00
TX002608,CUST02366,120.84,Debit Card,bank_timeout,2,2,1247,8,0,0,0.52,0,2026-08-01 09:01:00
TX002609,CUST01019,2689.38,Wallet,insufficient_funds,3,3,581,10,0,0,0.21,0,2026-08-22 09:43:00
TX002610,CUST01659,3924.03,Debit Card,bank_timeout,1,2,1072,6,1,0,0.48,0,2026-08-16 11:36:00
TX002611,CUST01123,2103.85,Credit Card,insufficient_funds,4,1,563,9,0,0,0.31,0,2026-08-18 04:06:00
TX002612,CUST02115,351.54,Net Banking,insufficient_funds,1,2,1187,8,0,0,0.41,1,2026-08-30 05:45:00
TX002613,CUST00092,896.51,Net Banking,insufficient_funds,0,1,1273,14,0,1,0.47,0,2026-08-10 18:43:00
TX002614,CUST02145,1089.5,Debit Card,network_error,4,3,211,10,0,0,0.22,0,2026-08-15 19:51:00
TX002615,CUST00001,1995.79,Debit Card,bank_timeout,2,3,41,21,1,0,0.29,0,2026-08-26 14:55:00
TX002616,CUST02963,2139.53,Credit Card,bank_timeout,1,1,1251,20,0,0,0.66,1,2026-08-13 15:54:00
TX002617,CUST01328,526.28,UPI,expired_card,2,3,1449,18,0,0,0.24,0,2026-08-03 01:45:00
TX002618,CUST00556,1190.34,Debit Card,authentication_failed,2,3,148,15,0,0,0.04,0,2026-08-16 01:41:00
TX002619,CUST01826,1732.43,UPI,issuer_declined,0,0,677,1,0,0,0.5,1,2026-08-15 17:35:00
TX002620,CUST02891,4702.37,Net Banking,insufficient_funds,0,1,617,16,0,1,0.47,1,2026-08-12 08:22:00
TX002621,CUST02119,2218.32,Debit Card,insufficient_funds,2,3,1146,1,0,0,0.27,0,2026-08-11 01:06:00
TX002622,CUST00078,2414.04,UPI,bank_timeout,0,0,900,17,0,0,0.8,1,2026-08-28 18:42:00
TX002623,CUST02657,1192.52,Credit Card,bank_timeout,0,1,302,22,0,0,0.67,1,2026-08-22 14:39:00
TX002624,CUST00200,4493.82,Credit Card,issuer_declined,0,0,398,23,0,0,0.5,0,2026-08-10 14:46:00
TX002625,CUST02576,1652.03,Wallet,issuer_declined,1,2,774,23,0,0,0.28,1,2026-08-04 06:34:00
TX002626,CUST02762,463.55,Credit Card,bank_timeout,0,1,182,15,0,0,0.67,1,2026-08-11 00:07:00
TX002627,CUST00509,4462.08,Net Banking,issuer_declined,3,3,946,13,0,0,0.08,0,2026-08-12 03:36:00
TX002628,CUST01608,2203.72,Net Banking,insufficient_funds,1,2,1258,17,0,0,0.41,0,2026-08-13 01:24:00
TX002629,CUST02031,704.13,Debit Card,expired_card,1,2,491,9,0,0,0.38,1,2026-08-17 02:49:00
TX002630,CUST00780,678.92,Net Banking,network_error,2,0,492,15,0,0,0.63,1,2026-08-02 03:19:00
TX002631,CUST01087,1475.24,Credit Card,bank_timeout,3,3,957,11,1,0,0.28,0,2026-08-14 13:32:00
TX002632,CUST00362,1742.69,UPI,issuer_declined,1,0,1335,6,1,0,0.34,0,2026-08-30 06:42:00
TX002633,CUST02940,1335.81,UPI,insufficient_funds,0,0,838,11,0,0,0.63,1,2026-08-14 05:18:00
TX002634,CUST02959,1497.14,Debit Card,issuer_declined,1,1,1341,21,0,0,0.36,0,2026-08-10 02:45:00
TX002635,CUST02773,6002.66,Credit Card,suspicious_transaction,0,0,1293,21,0,0,0.2,1,2026-08-02 16:12:00
TX002636,CUST01066,3202.04,Net Banking,bank_timeout,5,0,144,1,0,0,0.45,0,2026-08-17 11:02:00
TX002637,CUST01727,1326.95,UPI,bank_timeout,1,2,1028,18,0,0,0.58,1,2026-08-04 15:45:00
TX002638,CUST00356,2811.04,Wallet,bank_timeout,3,1,918,8,0,1,0.46,0,2026-08-22 09:47:00
TX002639,CUST01838,390.52,Net Banking,suspicious_transaction,1,2,837,16,0,1,0.02,0,2026-08-27 13:23:00
TX002640,CUST01686,1632.6,Net Banking,expired_card,3,3,1122,4,0,1,0.1,0,2026-08-07 01:27:00
TX002641,CUST01511,6696.27,Net Banking,issuer_declined,1,1,35,16,0,1,0.23,0,2026-08-11 14:08:00
TX002642,CUST02834,881.79,Credit Card,bank_timeout,0,0,1017,13,0,0,0.8,1,2026-08-22 21:34:00
TX002643,CUST02787,469.83,Credit Card,expired_card,0,0,138,8,1,1,0.37,0,2026-08-25 05:00:00
TX002644,CUST01592,571.3,Net Banking,bank_timeout,1,1,499,6,0,0,0.66,1,2026-08-23 18:30:00
TX002645,CUST01391,368.84,Credit Card,issuer_declined,0,1,263,0,0,0,0.37,1,2026-08-01 18:13:00
TX002646,CUST02754,500.32,Credit Card,authentication_failed,0,1,1322,7,0,0,0.37,0,2026-08-19 11:46:00
TX002647,CUST01695,757.1,Debit Card,suspicious_transaction,3,3,620,3,0,0,0.02,0,2026-08-04 11:23:00
TX002648,CUST02071,268.93,Credit Card,bank_timeout,0,1,401,8,0,0,0.72,0,2026-08-25 07:49:00
TX002649,CUST00322,1113.9,Debit Card,bank_timeout,1,2,1102,11,0,0,0.58,1,2026-08-28 09:53:00
TX002650,CUST01343,2703.43,Debit Card,authentication_failed,2,0,1183,16,0,0,0.33,0,2026-08-04 10:59:00
TX002651,CUST00700,442.41,Wallet,suspicious_transaction,0,0,772,14,0,0,0.2,0,2026-08-10 08:29:00
TX002652,CUST00398,5010.46,Wallet,issuer_declined,1,2,188,17,0,0,0.23,0,2026-08-09 22:10:00
TX002653,CUST02183,1827.66,UPI,network_error,3,1,531,4,0,0,0.49,1,2026-08-08 03:28:00
TX002654,CUST00422,3073.53,Wallet,authentication_failed,1,2,496,1,0,0,0.23,1,2026-08-03 21:09:00
TX002655,CUST02110,568.03,Debit Card,bank_timeout,3,2,186,2,0,0,0.41,1,2026-08-04 19:35:00
TX002656,CUST01362,2577.37,Debit Card,issuer_declined,3,0,657,7,1,1,0.14,0,2026-08-01 11:12:00
TX002657,CUST01843,367.99,Net Banking,insufficient_funds,1,0,98,19,0,0,0.52,1,2026-08-25 23:41:00
TX002658,CUST01242,2671.1,Debit Card,issuer_declined,0,1,487,23,0,0,0.42,0,2026-08-06 10:43:00
TX002659,CUST02288,1302.24,Credit Card,insufficient_funds,0,1,1258,19,0,0,0.55,1,2026-08-04 17:36:00
TX002660,CUST02532,1906.93,UPI,bank_timeout,5,3,1313,12,0,1,0.18,1,2026-08-24 23:00:00
TX002661,CUST02607,338.46,Credit Card,bank_timeout,0,0,829,17,0,0,0.8,0,2026-08-07 21:57:00
TX002662,CUST02815,448.06,UPI,expired_card,1,2,824,5,0,0,0.38,0,2026-08-18 08:39:00
TX002663,CUST00599,1992.67,UPI,insufficient_funds,1,1,1174,22,1,1,0.31,0,2026-08-11 11:39:00
TX002664,CUST00570,424.81,Debit Card,insufficient_funds,2,3,101,22,0,0,0.22,1,2026-08-30 08:56:00
TX002665,CUST02708,1742.73,Net Banking,authentication_failed,0,1,1261,15,0,0,0.37,1,2026-08-22 01:48:00
TX002666,CUST00501,279.46,Credit Card,expired_card,0,1,382,22,0,0,0.52,0,2026-08-30 05:48:00
TX002667,CUST00095,2561.05,Credit Card,authentication_failed,4,3,33,12,1,0,0.02,0,2026-08-09 06:42:00
TX002668,CUST01074,319.73,UPI,insufficient_funds,0,1,978,8,0,0,0.55,0,2026-08-28 14:59:00
TX002669,CUST01398,1905.12,UPI,network_error,0,0,1300,16,0,0,0.75,1,2026-08-18 20:19:00
TX002670,CUST02818,2050.07,Debit Card,bank_timeout,0,1,675,20,0,0,0.72,1,2026-08-24 10:19:00
TX002671,CUST02290,546.33,Net Banking,insufficient_funds,4,3,1491,12,0,0,0.15,0,2026-08-28 21:56:00
TX002672,CUST02554,1962.6,Credit Card,bank_timeout,0,0,854,20,0,0,0.8,0,2026-08-02 01:09:00
TX002673,CUST00362,1422.89,UPI,network_error,3,3,19,8,0,0,0.28,0,2026-08-21 08:28:00
TX002674,CUST00327,639.8,Wallet,expired_card,0,0,425,10,0,0,0.6,1,2026-08-24 17:07:00
TX002675,CUST02404,399.99,Debit Card,network_error,1,2,1167,9,0,0,0.53,0,2026-08-12 19:34:00
TX002676,CUST01883,154.06,Wallet,network_error,4,1,631,14,0,0,0.43,1,2026-08-05 05:33:00
TX002677,CUST01675,1555.65,Net Banking,bank_timeout,0,1,1493,7,0,0,0.72,1,2026-08-26 07:56:00
TX002678,CUST01048,229.34,Wallet,network_error,0,1,680,12,0,0,0.67,0,2026-08-17 17:28:00
TX002679,CUST02718,1206.34,Wallet,expired_card,3,1,1077,5,0,0,0.34,0,2026-08-06 01:00:00
TX002680,CUST02159,842.65,Credit Card,bank_timeout,0,0,895,16,0,0,0.8,1,2026-08-20 05:22:00
TX002681,CUST01987,2162.77,Net Banking,expired_card,1,2,818,8,0,0,0.38,0,2026-08-13 05:36:00
TX002682,CUST01150,810.75,Wallet,issuer_declined,1,1,301,2,0,0,0.31,1,2026-08-22 17:38:00
TX002683,CUST01321,788.83,Debit Card,expired_card,2,1,1031,22,0,0,0.4,0,2026-08-13 13:56:00
TX002684,CUST00357,2279.86,UPI,network_error,0,1,1401,5,0,0,0.67,1,2026-08-30 16:03:00
TX002685,CUST00483,1533.12,Wallet,expired_card,0,1,459,8,0,0,0.52,1,2026-08-17 07:14:00
TX002686,CUST02627,1504.41,Net Banking,issuer_declined,0,1,903,16,0,0,0.42,0,2026-08-03 06:25:00
TX002687,CUST02318,1753.32,Credit Card,issuer_declined,1,0,125,3,0,0,0.39,1,2026-08-15 21:28:00
TX002688,CUST02358,236.14,Net Banking,expired_card,0,1,297,4,0,0,0.47,0,2026-08-10 18:48:00
TX002689,CUST01251,2337.39,Wallet,bank_timeout,0,0,1163,20,0,0,0.8,1,2026-08-03 05:51:00
TX002690,CUST00340,2023.27,Wallet,suspicious_transaction,0,0,403,9,0,1,0.12,0,2026-08-10 23:23:00
TX002691,CUST01797,396.75,Credit Card,issuer_declined,3,3,820,23,0,0,0.08,0,2026-08-13 09:42:00
TX002692,CUST01708,859.13,UPI,issuer_declined,1,1,84,19,0,0,0.31,1,2026-08-19 08:04:00
TX002693,CUST02593,1054.36,Credit Card,insufficient_funds,0,1,423,12,0,0,0.55,1,2026-08-27 02:17:00
TX002694,CUST00258,958.63,UPI,insufficient_funds,0,1,838,14,0,0,0.55,1,2026-08-23 19:33:00
TX002695,CUST01493,1531.28,UPI,bank_timeout,0,1,658,23,0,0,0.72,0,2026-08-10 21:34:00
TX002696,CUST02282,4588.77,Credit Card,authentication_failed,1,1,697,10,0,1,0.23,1,2026-08-09 07:13:00
TX002697,CUST01708,3234.94,Debit Card,bank_timeout,1,1,979,20,0,0,0.66,1,2026-08-21 06:56:00
TX002698,CUST02299,295.24,Wallet,network_error,0,1,704,2,0,0,0.67,0,2026-08-05 13:17:00
TX002699,CUST02487,2042.79,Wallet,bank_timeout,1,1,141,4,0,0,0.61,1,2026-08-14 23:07:00
TX002700,CUST02475,4142.0,Credit Card,issuer_declined,1,1,565,19,0,0,0.36,0,2026-08-12 03:05:00
TX002701,CUST02120,1614.55,Debit Card,expired_card,1,1,912,13,0,0,0.46,0,2026-08-02 16:05:00
TX002702,CUST01972,3264.89,UPI,issuer_declined,0,1,1329,22,0,0,0.42,1,2026-08-20 15:45:00
TX002703,CUST02200,8203.12,Net Banking,expired_card,0,1,1155,5,0,0,0.52,0,2026-08-13 02:08:00
TX002704,CUST02509,3052.48,UPI,insufficient_funds,4,1,612,3,0,0,0.31,0,2026-08-06 16:31:00
TX002705,CUST00209,1407.13,UPI,bank_timeout,4,2,947,14,0,0,0.4,0,2026-08-12 23:04:00
TX002706,CUST00985,3118.44,UPI,network_error,1,2,1099,15,0,0,0.53,1,2026-08-23 18:39:00
TX002707,CUST01380,1267.61,Net Banking,issuer_declined,0,1,1328,23,0,0,0.42,1,2026-08-15 23:08:00
TX002708,CUST02658,1123.16,Debit Card,insufficient_funds,1,1,311,7,0,0,0.44,0,2026-08-16 21:46:00
TX002709,CUST02264,771.69,UPI,authentication_failed,1,2,705,15,0,0,0.23,0,2026-08-23 19:51:00
TX002710,CUST00401,5236.52,Net Banking,insufficient_funds,0,1,1287,20,1,0,0.45,1,2026-08-10 17:05:00
TX002711,CUST02684,483.75,Debit Card,insufficient_funds,0,1,209,8,0,0,0.5,0,2026-08-29 20:03:00
TX002712,CUST02935,5076.45,UPI,issuer_declined,5,3,1476,22,0,0,0.02,0,2026-08-15 12:48:00
TX002713,CUST02343,1807.8,Debit Card,suspicious_transaction,1,0,1023,9,0,0,0.14,1,2026-08-22 00:03:00
TX002714,CUST00105,270.61,Credit Card,expired_card,0,0,160,14,0,0,0.55,0,2026-08-02 18:56:00
TX002715,CUST00430,1583.91,Net Banking,network_error,4,3,1174,20,0,1,0.19,0,2026-08-28 04:30:00
TX002716,CUST00730,134.29,Wallet,issuer_declined,1,1,1442,4,1,0,0.26,0,2026-08-11 18:09:00
TX002717,CUST02723,2049.82,Wallet,network_error,4,3,912,12,0,0,0.27,1,2026-08-20 11:58:00
TX002718,CUST01994,2657.74,Credit Card,issuer_declined,1,1,1441,16,0,1,0.28,1,2026-08-06 19:54:00
TX002719,CUST00545,606.46,Wallet,insufficient_funds,0,0,438,7,0,0,0.63,0,2026-08-28 20:34:00
TX002720,CUST00030,1240.84,UPI,issuer_declined,0,1,635,5,0,0,0.42,0,2026-08-20 16:05:00
TX002721,CUST01660,7740.0,Credit Card,issuer_declined,2,3,905,2,0,0,0.14,0,2026-08-09 22:06:00
TX002722,CUST02882,661.33,UPI,expired_card,3,1,746,20,0,0,0.34,0,2026-08-18 17:48:00
TX002723,CUST00104,380.35,Wallet,bank_timeout,3,1,1371,13,0,0,0.54,0,2026-08-13 00:48:00
TX002724,CUST02899,4825.47,UPI,bank_timeout,1,2,800,13,0,0,0.58,0,2026-08-06 20:16:00
TX002725,CUST00804,7805.53,Credit Card,bank_timeout,1,0,661,5,0,1,0.66,1,2026-08-23 06:22:00
TX002726,CUST02630,1100.69,Wallet,insufficient_funds,5,2,1268,9,0,0,0.17,0,2026-08-13 00:28:00
TX002727,CUST02578,3015.33,Debit Card,issuer_declined,0,0,371,11,0,0,0.5,1,2026-08-04 11:27:00
TX002728,CUST00449,4194.28,Wallet,bank_timeout,2,2,175,6,0,0,0.47,0,2026-08-01 19:58:00
TX002729,CUST02815,521.92,Debit Card,bank_timeout,0,0,1414,18,0,0,0.8,1,2026-08-24 08:19:00
TX002730,CUST01233,674.99,UPI,insufficient_funds,3,3,165,8,0,0,0.16,1,2026-08-04 09:22:00
TX002731,CUST01070,3755.12,Wallet,issuer_declined,0,1,123,3,1,0,0.27,0,2026-08-18 17:04:00
TX002732,CUST00047,5913.62,Credit Card,bank_timeout,1,1,597,14,0,1,0.58,1,2026-08-20 04:42:00
TX002733,CUST02710,1925.38,Net Banking,insufficient_funds,5,1,953,12,0,0,0.25,1,2026-08-20 03:55:00
TX002734,CUST02680,454.95,Net Banking,expired_card,0,1,380,3,0,1,0.44,0,2026-08-24 11:46:00
TX002735,CUST01617,7998.91,Wallet,bank_timeout,0,1,1177,7,1,0,0.62,0,2026-08-18 14:50:00
TX002736,CUST01219,644.86,Debit Card,network_error,0,1,957,9,1,0,0.57,1,2026-08-15 16:41:00
TX002737,CUST02941,784.36,Credit Card,expired_card,0,1,1166,1,0,0,0.52,0,2026-08-30 08:42:00
TX002738,CUST00064,1544.32,Credit Card,issuer_declined,0,0,1445,19,0,1,0.42,0,2026-08-18 00:14:00
TX002739,CUST02289,5188.3,Wallet,bank_timeout,0,0,1187,12,0,1,0.72,1,2026-08-06 08:44:00
TX002740,CUST01361,2575.96,Credit Card,bank_timeout,0,1,1493,4,0,0,0.72,1,2026-08-01 03:45:00
TX002741,CUST00576,1660.49,Credit Card,bank_timeout,1,0,1128,22,0,0,0.74,1,2026-08-01 11:25:00
TX002742,CUST00580,1742.87,Wallet,issuer_declined,2,2,1117,7,0,0,0.22,1,2026-08-29 06:54:00
TX002743,CUST02617,1145.41,UPI,bank_timeout,0,0,669,2,0,0,0.8,1,2026-08-27 02:51:00
TX002744,CUST00892,1916.28,Debit Card,bank_timeout,3,0,624,1,0,0,0.62,1,2026-08-25 17:11:00
TX002745,CUST01002,100.0,Credit Card,bank_timeout,0,1,1160,18,1,0,0.62,0,2026-08-28 10:31:00
TX002746,CUST01859,815.17,UPI,insufficient_funds,1,1,1433,0,0,0,0.49,0,2026-08-03 14:14:00
TX002747,CUST02348,1395.94,Debit Card,bank_timeout,0,1,10,10,1,0,0.57,1,2026-08-11 13:15:00
TX002748,CUST02600,346.88,Wallet,insufficient_funds,0,1,789,17,0,0,0.55,1,2026-08-19 08:57:00
TX002749,CUST01874,1613.76,Net Banking,authentication_failed,0,0,20,12,0,0,0.4,0,2026-08-30 20:35:00
TX002750,CUST02927,893.84,Wallet,network_error,1,2,1369,7,0,0,0.53,1,2026-08-11 18:08:00
TX002751,CUST00183,6345.34,Credit Card,issuer_declined,0,1,1480,23,0,0,0.42,0,2026-08-13 00:23:00
TX002752,CUST01394,5287.07,UPI,network_error,0,1,1093,1,0,0,0.67,0,2026-08-10 21:15:00
TX002753,CUST00480,688.28,Wallet,bank_timeout,0,0,699,9,0,1,0.72,1,2026-08-27 13:31:00
TX002754,CUST01475,943.09,Wallet,network_error,0,1,847,3,1,1,0.49,0,2026-08-27 05:17:00
TX002755,CUST01937,1018.47,Net Banking,issuer_declined,0,1,1380,23,0,0,0.42,1,2026-08-26 17:25:00
TX002756,CUST01868,698.08,Credit Card,bank_timeout,1,0,607,16,0,0,0.74,1,2026-08-10 05:58:00
TX002757,CUST02376,1332.78,UPI,expired_card,0,1,1083,11,0,1,0.44,1,2026-08-27 20:34:00
TX002758,CUST02986,513.74,Wallet,bank_timeout,3,3,139,6,0,0,0.33,0,2026-08-22 16:18:00
TX002759,CUST00139,354.03,Wallet,network_error,0,1,935,14,0,0,0.67,0,2026-08-10 08:02:00
TX002760,CUST02333,2044.1,Wallet,authentication_failed,0,1,457,15,0,0,0.37,0,2026-08-21 05:00:00
TX002761,CUST00286,2058.08,UPI,bank_timeout,0,0,733,3,0,0,0.8,1,2026-08-02 11:28:00
TX002762,CUST01667,490.63,Wallet,suspicious_transaction,1,0,589,6,0,0,0.14,0,2026-08-12 00:10:00
TX002763,CUST00213,2684.78,Credit Card,bank_timeout,1,0,517,8,0,0,0.74,0,2026-08-02 06:04:00
TX002764,CUST01548,583.14,Wallet,suspicious_transaction,0,0,1393,0,0,0,0.2,1,2026-08-16 12:29:00
TX002765,CUST01793,1412.57,Wallet,authentication_failed,0,0,1227,9,1,0,0.35,1,2026-08-03 05:02:00
TX002766,CUST00136,2490.76,Net Banking,authentication_failed,0,1,589,17,0,0,0.37,1,2026-08-06 07:11:00
TX002767,CUST02371,1060.39,Wallet,network_error,0,1,717,9,0,0,0.67,1,2026-08-12 06:25:00
TX002768,CUST01819,1728.04,Net Banking,network_error,0,0,748,10,0,0,0.75,0,2026-08-20 07:25:00
TX002769,CUST02256,654.3,Wallet,expired_card,0,1,57,21,0,0,0.47,0,2026-08-06 22:03:00
TX002770,CUST00692,901.03,UPI,issuer_declined,0,1,71,2,0,0,0.37,1,2026-08-19 06:18:00
TX002771,CUST01699,892.6,Credit Card,suspicious_transaction,2,1,1106,15,0,0,0.02,0,2026-08-24 15:19:00
TX002772,CUST02036,519.79,Credit Card,authentication_failed,1,1,323,9,0,0,0.26,1,2026-08-06 03:32:00
TX002773,CUST01942,918.94,Wallet,issuer_declined,0,1,18,7,0,0,0.37,0,2026-08-01 07:14:00
TX002774,CUST01930,233.08,UPI,bank_timeout,0,0,367,16,0,0,0.8,1,2026-08-01 23:09:00
TX002775,CUST00603,671.05,Credit Card,network_error,1,0,169,23,0,0,0.64,1,2026-08-13 08:38:00
TX002776,CUST00274,824.79,Net Banking,issuer_declined,1,0,1349,22,1,0,0.34,1,2026-08-19 21:20:00
TX002777,CUST00540,848.8,Net Banking,issuer_declined,2,0,729,5,0,0,0.38,0,2026-08-13 13:13:00
TX002778,CUST00700,861.35,UPI,issuer_declined,2,0,986,17,0,0,0.38,0,2026-08-09 14:02:00
TX002779,CUST00827,1030.95,UPI,insufficient_funds,0,1,291,7,0,0,0.5,0,2026-08-30 07:42:00
TX002780,CUST00043,1771.25,Net Banking,bank_timeout,0,1,688,14,0,0,0.72,1,2026-08-23 02:12:00
TX002781,CUST00310,2629.42,Debit Card,network_error,1,2,1442,3,0,0,0.53,1,2026-08-03 00:22:00
TX002782,CUST02959,572.63,UPI,insufficient_funds,1,1,1371,4,1,0,0.39,1,2026-08-06 22:45:00
TX002783,CUST00190,329.24,UPI,authentication_failed,0,1,259,7,0,0,0.32,0,2026-08-01 04:05:00
TX002784,CUST01101,386.82,Wallet,expired_card,0,1,1200,10,0,0,0.52,1,2026-08-25 08:56:00
TX002785,CUST02588,673.71,Debit Card,authentication_failed,2,0,880,6,0,0,0.33,1,2026-08-28 09:02:00
TX002786,CUST00676,771.3,UPI,authentication_failed,1,1,620,22,0,0,0.31,0,2026-08-09 08:27:00
TX002787,CUST01225,507.76,Wallet,network_error,2,3,325,12,0,0,0.34,0,2026-08-25 19:44:00
TX002788,CUST00974,300.03,UPI,bank_timeout,1,1,1491,14,0,0,0.66,1,2026-08-21 23:37:00
TX002789,CUST01967,694.98,Credit Card,authentication_failed,0,0,1302,9,0,0,0.45,0,2026-08-29 08:05:00
TX002790,CUST01895,1314.78,Wallet,insufficient_funds,1,1,742,15,1,0,0.39,0,2026-08-14 23:44:00
TX002791,CUST00913,1988.29,Wallet,authentication_failed,1,0,1257,18,1,0,0.29,1,2026-08-25 07:12:00
TX002792,CUST02652,628.02,UPI,expired_card,0,1,1191,13,0,0,0.52,0,2026-08-26 19:59:00
TX002793,CUST01176,725.6,UPI,expired_card,0,1,990,7,0,0,0.52,0,2026-08-19 10:55:00
TX002794,CUST01565,434.11,Credit Card,bank_timeout,0,0,68,7,0,0,0.75,1,2026-08-04 20:19:00
TX002795,CUST02941,1062.69,Debit Card,suspicious_transaction,1,0,206,21,0,0,0.09,0,2026-08-06 04:08:00
TX002796,CUST01885,469.45,Credit Card,network_error,0,0,530,15,0,0,0.75,1,2026-08-01 13:55:00
TX002797,CUST00048,1945.22,UPI,insufficient_funds,0,0,446,10,0,0,0.63,1,2026-08-14 22:25:00
TX002798,CUST00671,183.85,Credit Card,insufficient_funds,1,2,662,19,0,0,0.41,0,2026-08-22 16:38:00
TX002799,CUST00338,765.38,Debit Card,issuer_declined,1,0,341,13,0,0,0.39,1,2026-08-11 18:04:00
TX002800,CUST01650,1481.94,Debit Card,bank_timeout,2,1,1240,18,1,1,0.42,0,2026-08-03 12:43:00
TX002801,CUST01771,1317.95,Debit Card,authentication_failed,0,1,617,4,0,0,0.37,0,2026-08-15 18:51:00
TX002802,CUST01303,16204.33,Debit Card,expired_card,0,1,361,20,0,0,0.47,0,2026-08-07 12:51:00
TX002803,CUST02966,1555.89,UPI,network_error,0,1,549,18,0,0,0.67,0,2026-08-27 03:34:00
TX002804,CUST01640,401.8,Wallet,bank_timeout,0,0,1376,18,0,0,0.8,1,2026-08-08 22:37:00
TX002805,CUST02103,996.79,Net Banking,insufficient_funds,0,1,406,7,0,0,0.55,1,2026-08-11 01:44:00
TX002806,CUST01009,185.63,UPI,suspicious_transaction,0,1,510,20,0,0,0.12,1,2026-08-11 11:13:00
TX002807,CUST01734,1011.71,Debit Card,bank_timeout,0,1,975,8,1,0,0.62,1,2026-08-21 20:57:00
TX002808,CUST00645,476.73,UPI,issuer_declined,0,1,149,12,1,0,0.27,1,2026-08-05 08:40:00
TX002809,CUST00117,2739.12,Net Banking,network_error,0,1,665,17,0,1,0.59,1,2026-08-13 03:23:00
TX002810,CUST02598,632.99,UPI,issuer_declined,0,1,699,12,0,1,0.34,0,2026-08-17 21:35:00
TX002811,CUST01525,975.78,UPI,bank_timeout,0,0,996,16,1,1,0.62,1,2026-08-16 17:06:00
TX002812,CUST00088,580.82,Debit Card,network_error,0,1,1252,8,0,0,0.67,1,2026-08-22 09:51:00
TX002813,CUST00451,6240.72,Debit Card,expired_card,3,2,734,15,0,0,0.26,0,2026-08-11 11:53:00
TX002814,CUST00712,795.33,Wallet,expired_card,0,1,839,7,1,0,0.42,1,2026-08-19 16:23:00
TX002815,CUST00550,6853.79,UPI,expired_card,3,2,1467,13,0,0,0.26,0,2026-08-01 00:50:00
TX002816,CUST01877,2475.39,Net Banking,suspicious_transaction,0,1,316,1,0,0,0.07,0,2026-08-17 07:34:00
TX002817,CUST02735,1775.91,Net Banking,insufficient_funds,1,0,627,6,0,0,0.57,1,2026-08-23 23:47:00
TX002818,CUST00173,1585.62,Wallet,bank_timeout,0,1,856,23,1,1,0.54,1,2026-08-07 18:31:00
TX002819,CUST01989,1625.87,Wallet,insufficient_funds,1,2,1217,6,1,0,0.31,0,2026-08-30 21:00:00
TX002820,CUST00470,159.55,Net Banking,suspicious_transaction,1,0,835,16,0,0,0.14,0,2026-08-25 00:06:00
TX002821,CUST02806,829.74,Debit Card,suspicious_transaction,4,0,718,20,1,0,0.02,0,2026-08-19 05:11:00
TX002822,CUST02281,2553.34,Wallet,network_error,0,0,1074,1,1,0,0.65,0,2026-08-08 03:02:00
TX002823,CUST00008,1044.3,Wallet,bank_timeout,1,1,917,4,0,0,0.66,1,2026-08-13 20:48:00
TX002824,CUST00073,269.03,Net Banking,insufficient_funds,2,0,1093,7,1,0,0.41,0,2026-08-24 16:26:00
TX002825,CUST02452,1040.64,Wallet,expired_card,1,0,1314,8,0,0,0.54,0,2026-08-19 17:38:00
TX002826,CUST01891,6027.61,UPI,issuer_declined,1,2,73,13,0,0,0.23,0,2026-08-17 22:57:00
TX002827,CUST00281,3815.75,Wallet,issuer_declined,1,0,173,13,0,0,0.39,1,2026-08-28 15:40:00
TX002828,CUST01497,1030.7,Net Banking,bank_timeout,0,0,1032,1,0,0,0.8,1,2026-08-07 16:04:00
TX002829,CUST00067,2839.69,UPI,bank_timeout,1,1,878,10,0,0,0.66,0,2026-08-22 16:48:00
TX002830,CUST01975,760.13,Credit Card,bank_timeout,0,1,1015,22,0,0,0.72,0,2026-08-19 22:02:00
TX002831,CUST00442,199.56,Debit Card,issuer_declined,1,0,26,3,0,0,0.39,1,2026-08-18 01:32:00
TX002832,CUST01189,435.08,Debit Card,issuer_declined,1,1,606,18,0,0,0.36,0,2026-08-02 15:50:00
TX002833,CUST02728,5233.78,Wallet,insufficient_funds,1,0,1164,15,0,0,0.57,1,2026-08-22 18:26:00
TX002834,CUST00554,833.81,Debit Card,issuer_declined,0,0,415,9,0,0,0.5,0,2026-08-02 06:02:00
TX002835,CUST00123,859.73,Wallet,bank_timeout,0,0,1260,9,0,0,0.8,1,2026-08-13 15:37:00
TX002836,CUST00436,812.54,Net Banking,suspicious_transaction,1,2,846,10,0,0,0.02,0,2026-08-24 07:13:00
TX002837,CUST02537,7362.37,Net Banking,expired_card,0,1,322,4,0,0,0.47,1,2026-08-19 09:30:00
TX002838,CUST00229,5574.51,UPI,bank_timeout,0,0,460,9,1,0,0.7,1,2026-08-05 15:30:00
TX002839,CUST00756,10084.76,Debit Card,bank_timeout,0,0,538,3,0,0,0.8,1,2026-08-24 01:36:00
TX002840,CUST00050,935.38,Debit Card,bank_timeout,0,0,1454,17,0,0,0.8,1,2026-08-06 18:48:00
TX002841,CUST01999,1473.84,Wallet,insufficient_funds,2,3,1301,19,1,0,0.17,0,2026-08-19 22:41:00
TX002842,CUST00340,240.65,Debit Card,bank_timeout,0,1,1130,9,0,0,0.72,1,2026-08-12 19:28:00
TX002843,CUST02843,4802.7,Wallet,bank_timeout,1,1,392,23,1,0,0.56,1,2026-08-04 11:53:00
TX002844,CUST01230,341.12,Debit Card,bank_timeout,4,0,1092,1,0,0,0.56,1,2026-08-27 17:20:00
TX002845,CUST00499,1362.09,Debit Card,network_error,1,0,1372,18,0,0,0.69,1,2026-08-21 16:06:00
TX002846,CUST00379,366.02,Wallet,insufficient_funds,2,0,1189,19,0,0,0.51,0,2026-08-30 22:28:00
TX002847,CUST02772,608.58,Wallet,bank_timeout,0,1,839,17,0,0,0.72,1,2026-08-03 01:26:00
TX002848,CUST00903,474.73,Debit Card,bank_timeout,0,0,1057,3,1,0,0.7,0,2026-08-29 19:56:00
TX002849,CUST00425,597.12,Debit Card,bank_timeout,5,0,1429,22,0,0,0.5,1,2026-08-27 17:25:00
TX002850,CUST02739,639.62,UPI,issuer_declined,1,2,740,13,1,0,0.18,0,2026-08-18 14:02:00
TX002851,CUST01857,633.8,UPI,issuer_declined,2,3,1079,6,1,0,0.04,0,2026-08-17 02:19:00
TX002852,CUST01597,2523.33,Debit Card,issuer_declined,0,0,938,10,0,0,0.5,1,2026-08-03 11:41:00
TX002853,CUST01864,363.27,Debit Card,bank_timeout,0,1,544,8,0,0,0.72,0,2026-08-24 21:43:00
TX002854,CUST01843,1367.23,UPI,expired_card,0,0,1451,7,0,0,0.6,0,2026-08-05 01:10:00
TX002855,CUST00762,3706.93,Net Banking,suspicious_transaction,0,1,35,7,0,0,0.07,0,2026-08-11 15:18:00
TX002856,CUST00268,656.42,Wallet,bank_timeout,1,1,495,2,0,1,0.58,1,2026-08-25 07:04:00
TX002857,CUST02469,534.9,Net Banking,expired_card,0,0,340,10,0,1,0.47,0,2026-08-01 23:17:00
TX002858,CUST00252,870.85,Debit Card,insufficient_funds,4,3,951,19,0,0,0.15,0,2026-08-29 22:50:00
TX002859,CUST02392,3567.87,Wallet,insufficient_funds,1,2,143,14,1,0,0.26,0,2026-08-05 20:21:00
TX002860,CUST00104,1331.56,UPI,suspicious_transaction,1,1,9,2,0,0,0.02,0,2026-08-11 02:23:00
TX002861,CUST02679,644.7,Net Banking,issuer_declined,3,1,414,1,0,0,0.24,0,2026-08-04 08:42:00
TX002862,CUST01812,1779.12,UPI,insufficient_funds,2,0,75,8,0,0,0.46,1,2026-08-14 01:03:00
TX002863,CUST01204,364.2,UPI,suspicious_transaction,2,2,1213,13,0,0,0.02,0,2026-08-24 14:52:00
TX002864,CUST01242,2167.56,Wallet,network_error,5,2,767,5,0,0,0.29,0,2026-08-02 04:57:00
TX002865,CUST00865,1650.13,Credit Card,issuer_declined,3,0,638,19,0,0,0.32,1,2026-08-29 12:18:00
TX002866,CUST01656,806.09,Debit Card,bank_timeout,0,0,1257,15,0,0,0.8,1,2026-08-21 16:21:00
TX002867,CUST00887,474.1,Wallet,authentication_failed,2,1,560,16,0,0,0.25,0,2026-08-09 22:10:00
TX002868,CUST02295,451.84,Debit Card,authentication_failed,0,1,1355,7,0,0,0.37,0,2026-08-18 15:49:00
TX002869,CUST02267,1872.1,Net Banking,expired_card,0,0,495,8,0,0,0.6,0,2026-08-22 22:02:00
TX002870,CUST02495,3748.01,Net Banking,insufficient_funds,0,0,749,11,0,0,0.63,0,2026-08-15 12:54:00
TX002871,CUST01895,579.81,Wallet,bank_timeout,3,0,796,4,0,0,0.62,0,2026-08-26 08:42:00
TX002872,CUST02509,1734.35,Credit Card,suspicious_transaction,0,1,806,9,0,0,0.12,0,2026-08-28 02:57:00
TX002873,CUST01835,136.04,UPI,bank_timeout,0,1,739,15,1,0,0.62,1,2026-08-11 19:14:00
TX002874,CUST01027,611.17,Credit Card,insufficient_funds,2,0,1484,17,0,0,0.51,0,2026-08-07 20:50:00
TX002875,CUST01484,1063.1,Debit Card,bank_timeout,2,0,675,0,0,0,0.68,0,2026-08-01 07:44:00
TX002876,CUST00197,441.56,UPI,network_error,2,0,1367,23,1,0,0.53,1,2026-08-19 21:35:00
TX002877,CUST00289,429.87,Wallet,insufficient_funds,1,1,1277,20,0,0,0.49,1,2026-08-11 12:18:00
TX002878,CUST00005,562.4,UPI,expired_card,1,0,1342,6,0,0,0.54,0,2026-08-27 01:49:00
TX002879,CUST02558,1468.79,UPI,network_error,1,2,1149,12,0,0,0.53,0,2026-08-04 08:21:00
TX002880,CUST00252,909.3,Debit Card,expired_card,1,1,1385,14,0,0,0.46,0,2026-08-17 12:16:00
TX002881,CUST01299,116.95,Net Banking,bank_timeout,0,0,1087,17,0,0,0.8,1,2026-08-04 17:08:00
TX002882,CUST02156,131.54,Net Banking,authentication_failed,0,1,130,20,0,0,0.32,1,2026-08-02 07:44:00
TX002883,CUST00638,597.73,Credit Card,insufficient_funds,2,3,1245,7,0,0,0.27,0,2026-08-28 17:43:00
TX002884,CUST02421,1733.13,UPI,insufficient_funds,1,1,31,7,0,0,0.44,0,2026-08-27 00:18:00
TX002885,CUST00935,100.0,Credit Card,suspicious_transaction,0,0,1301,12,0,0,0.2,1,2026-08-28 10:05:00
TX002886,CUST00985,665.32,Net Banking,insufficient_funds,1,2,1163,10,0,0,0.41,1,2026-08-09 10:04:00
TX002887,CUST02519,647.91,Net Banking,network_error,0,1,509,23,0,0,0.67,0,2026-08-20 19:08:00
TX002888,CUST02078,4395.51,UPI,authentication_failed,3,0,634,7,0,0,0.27,1,2026-08-24 15:41:00
TX002889,CUST00101,746.19,Debit Card,insufficient_funds,1,1,650,22,0,0,0.49,0,2026-08-03 12:56:00
TX002890,CUST02623,1608.39,Net Banking,expired_card,0,1,1087,15,0,1,0.44,0,2026-08-27 06:22:00
TX002891,CUST00402,1263.02,Credit Card,bank_timeout,2,3,483,14,0,0,0.44,0,2026-08-19 01:27:00
TX002892,CUST01620,130.25,UPI,bank_timeout,0,1,149,17,0,0,0.67,1,2026-08-30 22:35:00
TX002893,CUST02537,2364.23,Wallet,insufficient_funds,1,0,1478,14,0,0,0.57,1,2026-08-17 08:07:00
TX002894,CUST02003,1360.21,Wallet,issuer_declined,0,0,522,23,0,0,0.5,1,2026-08-22 19:43:00
TX002895,CUST02767,1823.05,Credit Card,suspicious_transaction,4,3,25,6,0,0,0.02,0,2026-08-18 21:12:00
TX002896,CUST02675,55616.64,Net Banking,authentication_failed,0,0,748,17,0,0,0.35,1,2026-08-02 09:27:00
TX002897,CUST00060,136.44,Wallet,bank_timeout,0,0,66,23,0,0,0.75,1,2026-08-08 13:27:00
TX002898,CUST02574,6153.01,Debit Card,suspicious_transaction,1,2,956,7,0,0,0.02,0,2026-08-06 00:50:00
TX002899,CUST00162,822.67,Net Banking,expired_card,1,0,171,5,0,0,0.49,1,2026-08-17 01:43:00
TX002900,CUST01191,1461.66,Wallet,issuer_declined,0,1,274,0,1,0,0.27,1,2026-08-14 10:08:00
TX002901,CUST00565,1047.84,Wallet,insufficient_funds,2,0,895,21,0,0,0.51,0,2026-08-10 12:39:00
TX002902,CUST02578,717.49,Net Banking,issuer_declined,0,1,724,10,1,0,0.32,1,2026-08-17 12:57:00
TX002903,CUST00331,620.28,UPI,insufficient_funds,1,2,1102,8,0,0,0.41,0,2026-08-10 11:10:00
TX002904,CUST02827,1524.63,UPI,bank_timeout,0,1,276,4,0,1,0.59,0,2026-08-25 01:45:00
TX002905,CUST00946,240.53,UPI,network_error,0,1,1399,4,0,0,0.67,1,2026-08-21 19:03:00
TX002906,CUST01356,2322.92,Credit Card,insufficient_funds,5,1,1148,0,0,0,0.25,0,2026-08-19 00:58:00
TX002907,CUST00906,723.29,UPI,insufficient_funds,3,3,1254,12,0,0,0.21,0,2026-08-01 10:06:00
TX002908,CUST01019,354.22,Credit Card,authentication_failed,0,1,518,2,0,0,0.37,0,2026-08-13 00:15:00
TX002909,CUST02377,699.24,Net Banking,bank_timeout,1,1,595,23,0,1,0.58,1,2026-08-30 20:24:00
TX002910,CUST00390,3855.09,Net Banking,insufficient_funds,0,1,1420,5,0,0,0.55,1,2026-08-06 09:59:00
TX002911,CUST01470,642.05,UPI,issuer_declined,0,1,1261,18,0,0,0.42,0,2026-08-09 21:08:00
TX002912,CUST00501,1569.41,Debit Card,authentication_failed,2,2,328,22,0,0,0.12,0,2026-08-26 03:40:00
TX002913,CUST00197,527.97,Debit Card,insufficient_funds,1,1,1327,14,0,0,0.49,0,2026-08-03 14:32:00
TX002914,CUST02865,2340.04,Debit Card,insufficient_funds,0,1,1386,6,0,1,0.47,1,2026-08-06 06:29:00
TX002915,CUST01351,2176.57,Credit Card,network_error,0,1,372,14,0,0,0.67,1,2026-08-19 06:56:00
TX002916,CUST00166,6964.69,Credit Card,bank_timeout,0,0,488,0,0,0,0.8,0,2026-08-25 06:53:00
TX002917,CUST02079,920.06,UPI,network_error,1,0,1114,13,1,0,0.59,0,2026-08-06 23:21:00
TX002918,CUST00730,2140.2,Wallet,suspicious_transaction,0,1,1418,9,0,0,0.12,0,2026-08-03 01:21:00
TX002919,CUST01336,1209.63,Debit Card,insufficient_funds,0,1,1016,19,0,0,0.55,1,2026-08-09 13:44:00
TX002920,CUST01840,4007.3,Wallet,network_error,0,1,679,14,0,0,0.67,0,2026-08-15 19:08:00
TX002921,CUST02797,534.41,UPI,bank_timeout,0,1,1087,18,0,0,0.72,0,2026-08-05 23:05:00
TX002922,CUST01428,2310.01,Credit Card,bank_timeout,2,1,777,22,0,0,0.6,1,2026-08-24 09:26:00
TX002923,CUST00802,902.62,Debit Card,insufficient_funds,1,0,267,21,0,0,0.52,1,2026-08-29 02:23:00
TX002924,CUST02956,1028.45,Credit Card,bank_timeout,5,3,576,12,0,0,0.26,0,2026-08-27 01:02:00
TX002925,CUST02476,1202.01,Net Banking,insufficient_funds,3,1,956,3,0,0,0.37,0,2026-08-03 05:07:00
TX002926,CUST00903,1411.26,Credit Card,insufficient_funds,1,2,1064,21,0,0,0.41,0,2026-08-30 06:00:00
TX002927,CUST02298,976.3,Wallet,insufficient_funds,1,0,1119,8,0,0,0.57,1,2026-08-12 01:06:00
TX002928,CUST00210,1359.28,Wallet,bank_timeout,0,0,1017,18,0,0,0.8,1,2026-08-30 17:46:00
TX002929,CUST01218,5314.1,Debit Card,issuer_declined,1,2,1351,8,0,0,0.28,1,2026-08-02 23:12:00
TX002930,CUST01851,2937.9,Net Banking,insufficient_funds,2,3,278,12,0,0,0.22,0,2026-08-11 13:41:00
TX002931,CUST01220,2615.35,Net Banking,authentication_failed,5,0,1412,12,1,0,0.05,0,2026-08-16 12:20:00
TX002932,CUST02375,695.38,Wallet,bank_timeout,1,1,1284,20,0,0,0.66,1,2026-08-28 13:52:00
TX002933,CUST02884,450.68,Wallet,suspicious_transaction,0,1,923,16,0,0,0.12,0,2026-08-19 23:04:00
TX002934,CUST02728,2850.64,Wallet,bank_timeout,1,1,447,9,0,0,0.66,0,2026-08-10 13:56:00
TX002935,CUST00233,2633.44,Net Banking,expired_card,0,1,954,12,1,0,0.42,0,2026-08-09 19:08:00
TX002936,CUST01296,4782.27,UPI,expired_card,0,0,795,18,0,0,0.6,0,2026-08-23 19:16:00
TX002937,CUST01318,599.45,Debit Card,bank_timeout,3,3,1192,18,0,0,0.38,0,2026-08-02 23:12:00
TX002938,CUST02983,871.71,Credit Card,issuer_declined,2,1,1400,12,0,0,0.3,1,2026-08-16 01:33:00
TX002939,CUST00487,212.83,Debit Card,expired_card,0,0,386,4,0,0,0.6,1,2026-08-04 09:44:00
TX002940,CUST01197,740.65,Net Banking,network_error,0,0,1199,7,0,0,0.75,1,2026-08-21 13:08:00
TX002941,CUST00172,2970.75,Credit Card,bank_timeout,0,1,516,2,0,0,0.72,1,2026-08-17 09:42:00
TX002942,CUST02309,687.8,Debit Card,network_error,2,0,328,3,0,0,0.58,0,2026-08-05 05:50:00
TX002943,CUST02601,2080.74,Credit Card,insufficient_funds,2,0,858,10,1,0,0.41,1,2026-08-08 00:00:00
TX002944,CUST00692,906.41,Credit Card,authentication_failed,1,0,1344,22,0,0,0.39,1,2026-08-20 01:55:00
TX002945,CUST02284,1516.34,Debit Card,issuer_declined,0,1,760,11,0,0,0.42,0,2026-08-03 07:45:00
TX002946,CUST00517,348.04,Net Banking,bank_timeout,0,0,1024,15,0,0,0.8,0,2026-08-15 04:21:00
TX002947,CUST00887,1194.17,Credit Card,expired_card,1,0,1181,23,0,0,0.54,0,2026-08-02 14:37:00
TX002948,CUST00120,100.0,Wallet,bank_timeout,2,1,820,18,0,0,0.6,0,2026-08-07 11:13:00
TX002949,CUST01738,909.69,Wallet,bank_timeout,4,1,307,1,0,0,0.43,1,2026-08-02 01:31:00
TX002950,CUST01641,214.76,UPI,insufficient_funds,1,1,1318,14,1,0,0.39,0,2026-08-05 21:45:00
TX002951,CUST00708,3662.84,UPI,bank_timeout,1,0,518,9,0,0,0.74,1,2026-08-08 10:41:00
TX002952,CUST00470,2386.08,Net Banking,bank_timeout,0,0,1405,7,0,0,0.8,1,2026-08-29 21:48:00
TX002953,CUST00298,1748.78,Wallet,bank_timeout,3,1,231,0,0,0,0.49,1,2026-08-08 06:20:00
TX002954,CUST00710,5019.1,Net Banking,bank_timeout,0,0,298,16,0,0,0.75,1,2026-08-09 06:36:00
TX002955,CUST01860,424.57,UPI,issuer_declined,1,1,1006,23,0,0,0.36,0,2026-08-25 22:01:00
TX002956,CUST00596,6294.07,UPI,insufficient_funds,0,0,163,5,0,0,0.58,1,2026-08-14 05:59:00
TX002957,CUST01060,2785.52,Net Banking,network_error,0,1,282,23,0,0,0.62,1,2026-08-26 20:15:00
TX002958,CUST01708,865.62,UPI,expired_card,3,2,902,4,0,0,0.26,0,2026-08-16 14:15:00
TX002959,CUST00725,3413.93,Debit Card,insufficient_funds,1,1,1424,8,0,0,0.49,0,2026-08-01 15:23:00
TX002960,CUST01809,362.75,UPI,network_error,1,1,854,10,0,0,0.61,0,2026-08-20 18:01:00
TX002961,CUST00354,480.82,Credit Card,authentication_failed,1,2,930,4,0,0,0.23,0,2026-08-28 05:58:00
TX002962,CUST00559,596.7,Wallet,network_error,0,1,1408,23,1,0,0.57,1,2026-08-06 10:33:00
TX002963,CUST01793,646.14,UPI,bank_timeout,0,1,153,20,0,0,0.67,1,2026-08-19 02:31:00
TX002964,CUST02224,381.25,Wallet,bank_timeout,0,1,775,9,0,0,0.72,1,2026-08-17 17:36:00
TX002965,CUST02605,3725.97,UPI,bank_timeout,1,0,253,5,0,0,0.69,1,2026-08-17 10:16:00
TX002966,CUST00976,846.53,Debit Card,expired_card,0,1,37,2,0,1,0.39,0,2026-08-12 21:50:00
TX002967,CUST02279,1560.1,UPI,insufficient_funds,0,0,966,0,0,0,0.63,0,2026-08-23 02:43:00
TX002968,CUST00421,619.96,Debit Card,bank_timeout,1,2,212,23,0,0,0.53,1,2026-08-13 23:16:00
TX002969,CUST00927,177.58,Credit Card,insufficient_funds,1,1,1500,14,0,0,0.49,1,2026-08-14 08:46:00
TX002970,CUST01689,1436.63,UPI,expired_card,0,0,188,1,0,0,0.55,1,2026-08-22 08:15:00
TX002971,CUST00209,162.02,UPI,insufficient_funds,2,0,1488,5,1,1,0.33,0,2026-08-14 03:43:00
TX002972,CUST02316,1023.89,Net Banking,bank_timeout,2,1,1441,21,0,1,0.52,1,2026-08-08 20:01:00
TX002973,CUST02540,279.13,Net Banking,issuer_declined,1,2,970,8,0,0,0.28,0,2026-08-16 04:33:00
TX002974,CUST02622,8000.63,Credit Card,authentication_failed,0,1,634,8,0,0,0.37,1,2026-08-29 00:19:00
TX002975,CUST01057,2728.11,Credit Card,bank_timeout,0,1,232,11,0,0,0.67,1,2026-08-17 16:11:00
TX002976,CUST00381,1218.96,Credit Card,issuer_declined,4,1,910,13,0,0,0.18,0,2026-08-28 16:00:00
TX002977,CUST01833,3880.45,Net Banking,insufficient_funds,2,3,10,16,0,0,0.22,1,2026-08-21 20:02:00
TX002978,CUST01234,470.45,Wallet,expired_card,2,2,1261,23,0,0,0.32,1,2026-08-27 18:30:00
TX002979,CUST02508,1888.39,UPI,insufficient_funds,0,1,1031,12,0,0,0.55,0,2026-08-21 05:11:00
TX002980,CUST01047,1339.18,Debit Card,issuer_declined,1,2,1143,13,0,0,0.28,0,2026-08-15 10:37:00
TX002981,CUST00596,1427.99,Net Banking,network_error,0,0,186,22,0,0,0.7,1,2026-08-04 05:21:00
TX002982,CUST02189,3914.15,Debit Card,insufficient_funds,0,1,1222,7,0,1,0.47,1,2026-08-27 06:06:00
TX002983,CUST01688,2281.28,UPI,insufficient_funds,0,1,1482,22,0,0,0.55,0,2026-08-25 04:56:00
TX002984,CUST00035,1463.7,UPI,authentication_failed,0,1,543,4,0,0,0.37,0,2026-08-07 02:38:00
TX002985,CUST00036,209.58,Debit Card,authentication_failed,0,0,1177,16,0,0,0.45,0,2026-08-25 22:37:00
TX002986,CUST00418,419.87,Wallet,bank_timeout,0,1,964,21,0,0,0.72,1,2026-08-14 21:11:00
TX002987,CUST01584,970.0,UPI,issuer_declined,1,1,213,15,0,0,0.31,0,2026-08-09 04:52:00
TX002988,CUST00331,1203.96,Debit Card,insufficient_funds,1,1,689,17,1,0,0.39,0,2026-08-29 06:50:00
TX002989,CUST00742,354.18,Net Banking,insufficient_funds,4,3,1270,16,0,0,0.15,0,2026-08-25 15:44:00
TX002990,CUST02150,12230.36,Net Banking,suspicious_transaction,0,1,675,16,0,0,0.12,0,2026-08-04 03:39:00
TX002991,CUST00966,4996.01,Debit Card,bank_timeout,3,1,1479,18,0,0,0.54,1,2026-08-01 03:33:00
TX002992,CUST02832,2002.43,Debit Card,suspicious_transaction,0,1,682,21,0,0,0.12,0,2026-08-12 10:20:00
TX002993,CUST01544,1178.55,Credit Card,insufficient_funds,0,0,571,16,0,0,0.63,1,2026-08-20 04:51:00
TX002994,CUST02945,886.95,Debit Card,insufficient_funds,4,0,738,13,0,0,0.39,0,2026-08-11 22:08:00
TX002995,CUST00255,423.3,Net Banking,bank_timeout,0,1,1062,0,0,0,0.72,1,2026-08-02 14:21:00
TX002996,CUST00538,1184.98,Credit Card,insufficient_funds,4,1,509,1,0,0,0.31,0,2026-08-30 14:35:00
TX002997,CUST02931,1419.06,Net Banking,bank_timeout,0,0,583,9,0,0,0.8,1,2026-08-03 20:24:00
TX002998,CUST00431,316.79,Credit Card,expired_card,0,0,1007,17,0,0,0.6,1,2026-08-03 03:52:00
TX002999,CUST01619,1531.77,Net Banking,bank_timeout,1,1,711,19,0,0,0.66,1,2026-08-11 13:01:00
TX003000,CUST01449,938.93,Net Banking,issuer_declined,2,0,1071,0,0,0,0.38,0,2026-08-09 00:15:00
TX003001,CUST01387,162.75,Credit Card,bank_timeout,0,1,887,18,1,0,0.62,0,2026-08-28 22:03:00
TX003002,CUST01117,463.87,Net Banking,insufficient_funds,2,2,360,17,0,0,0.3,0,2026-08-25 05:45:00
TX003003,CUST01174,725.16,Net Banking,authentication_failed,0,0,497,2,0,0,0.45,1,2026-08-29 01:48:00
TX003004,CUST02214,7242.25,Wallet,authentication_failed,1,2,344,6,0,0,0.18,0,2026-08-20 16:30:00
TX003005,CUST01564,1913.24,Wallet,insufficient_funds,0,1,985,17,0,0,0.55,1,2026-08-16 09:06:00
TX003006,CUST00763,288.45,Net Banking,bank_timeout,1,1,60,23,0,1,0.53,0,2026-08-22 23:41:00
TX003007,CUST01839,1782.97,Wallet,issuer_declined,0,0,15,13,0,0,0.45,0,2026-08-13 02:29:00
TX003008,CUST02613,233.39,Debit Card,network_error,2,2,984,7,0,0,0.47,1,2026-08-30 14:22:00
TX003009,CUST00529,3237.93,Net Banking,insufficient_funds,2,0,115,8,0,0,0.46,1,2026-08-27 13:53:00
TX003010,CUST01925,684.63,Credit Card,bank_timeout,0,1,452,23,0,0,0.72,1,2026-08-16 16:10:00
TX003011,CUST01836,998.61,UPI,issuer_declined,0,1,86,23,0,0,0.37,1,2026-08-19 16:25:00
TX003012,CUST02135,4129.03,Wallet,network_error,2,1,1186,14,0,0,0.55,0,2026-08-14 08:13:00
TX003013,CUST00428,302.73,UPI,insufficient_funds,5,0,737,18,0,0,0.33,1,2026-08-30 08:25:00
TX003014,CUST01886,271.21,Credit Card,insufficient_funds,3,2,779,19,1,0,0.19,0,2026-08-13 00:57:00
TX003015,CUST02749,611.8,Net Banking,insufficient_funds,0,0,1458,5,0,1,0.55,0,2026-08-13 21:34:00
TX003016,CUST02230,3097.59,Wallet,issuer_declined,1,2,897,0,1,0,0.18,0,2026-08-11 21:13:00
TX003017,CUST02775,240.0,Wallet,issuer_declined,0,1,327,13,0,0,0.37,1,2026-08-26 06:22:00
TX003018,CUST02436,100.0,Debit Card,bank_timeout,0,0,462,7,0,1,0.72,1,2026-08-23 23:06:00
TX003019,CUST02044,698.43,UPI,authentication_failed,0,0,508,11,0,0,0.45,1,2026-08-25 22:41:00
TX003020,CUST00311,1904.05,UPI,insufficient_funds,0,0,750,6,0,0,0.63,0,2026-08-15 20:09:00
TX003021,CUST01654,3641.9,Net Banking,bank_timeout,1,1,1006,5,0,0,0.66,0,2026-08-18 08:07:00
TX003022,CUST01499,690.1,Wallet,insufficient_funds,1,1,1428,18,0,0,0.49,0,2026-08-16 12:03:00
TX003023,CUST02328,726.74,Debit Card,expired_card,0,1,53,10,0,0,0.47,0,2026-08-18 14:24:00
TX003024,CUST00549,3476.92,Wallet,network_error,0,0,616,16,0,0,0.75,0,2026-08-04 09:09:00
TX003025,CUST02291,169.06,Credit Card,expired_card,4,2,269,23,0,0,0.15,1,2026-08-03 19:23:00
TX003026,CUST01857,743.58,Wallet,expired_card,1,0,808,20,0,0,0.54,0,2026-08-09 10:02:00
TX003027,CUST00380,1326.67,Debit Card,authentication_failed,0,1,1456,9,0,1,0.29,1,2026-08-07 04:00:00
TX003028,CUST01940,1718.52,Net Banking,network_error,3,3,415,0,0,0,0.33,1,2026-08-03 13:54:00
TX003029,CUST00773,658.65,Debit Card,expired_card,0,0,346,23,0,0,0.55,1,2026-08-08 20:49:00
TX003030,CUST02387,1135.06,Credit Card,suspicious_transaction,0,1,1319,0,0,1,0.04,0,2026-08-05 00:43:00
TX003031,CUST02260,100.0,UPI,issuer_declined,2,1,725,15,0,0,0.3,1,2026-08-02 05:23:00
TX003032,CUST01157,567.79,Net Banking,expired_card,0,0,1343,7,0,0,0.6,1,2026-08-04 22:18:00
TX003033,CUST02268,1725.91,Wallet,bank_timeout,4,0,418,9,0,0,0.56,1,2026-08-23 20:41:00
TX003034,CUST02909,410.64,Debit Card,insufficient_funds,0,1,1418,5,0,0,0.55,1,2026-08-09 10:46:00
TX003035,CUST02022,1163.26,Credit Card,issuer_declined,0,0,309,0,0,0,0.45,0,2026-08-10 06:37:00
TX003036,CUST02059,1714.49,UPI,suspicious_transaction,0,1,1213,9,0,0,0.12,0,2026-08-28 09:55:00
TX003037,CUST00208,778.56,Wallet,insufficient_funds,1,0,1185,12,0,0,0.57,1,2026-08-09 13:37:00
TX003038,CUST00480,1300.45,Wallet,bank_timeout,1,2,74,16,0,0,0.53,1,2026-08-18 20:46:00
TX003039,CUST02301,418.75,Credit Card,bank_timeout,4,1,883,20,0,1,0.4,1,2026-08-04 03:35:00
TX003040,CUST01984,891.93,UPI,bank_timeout,1,2,1123,18,1,0,0.48,0,2026-08-22 19:20:00
TX003041,CUST01191,2018.71,UPI,issuer_declined,3,0,490,23,0,0,0.32,0,2026-08-12 07:59:00
TX003042,CUST01116,1283.02,Debit Card,insufficient_funds,0,1,157,8,0,0,0.5,1,2026-08-03 15:23:00
TX003043,CUST02931,610.01,Net Banking,insufficient_funds,2,1,734,22,0,0,0.43,1,2026-08-18 04:08:00
TX003044,CUST00856,1372.26,UPI,issuer_declined,2,3,1316,16,0,1,0.06,0,2026-08-03 11:55:00
TX003045,CUST01293,2240.85,Net Banking,suspicious_transaction,5,1,1175,19,0,0,0.02,0,2026-08-19 03:44:00
TX003046,CUST01891,141.18,UPI,bank_timeout,1,1,825,19,0,0,0.66,1,2026-08-28 12:22:00
TX003047,CUST01006,3494.95,Credit Card,suspicious_transaction,0,1,122,0,0,0,0.07,0,2026-08-01 09:43:00
TX003048,CUST00109,783.48,Wallet,insufficient_funds,3,2,1344,1,0,0,0.29,1,2026-08-14 13:45:00
TX003049,CUST00883,1678.22,UPI,network_error,0,1,601,9,0,0,0.67,1,2026-08-09 18:28:00
TX003050,CUST02553,3630.94,Credit Card,issuer_declined,0,0,1184,15,0,0,0.5,0,2026-08-25 15:43:00
TX003051,CUST02837,278.2,Credit Card,expired_card,1,1,562,11,0,0,0.46,1,2026-08-06 04:52:00
TX003052,CUST02360,539.45,Net Banking,network_error,4,2,1064,5,0,0,0.35,0,2026-08-26 12:32:00
TX003053,CUST00845,821.76,Wallet,network_error,0,0,298,7,0,1,0.62,0,2026-08-19 17:08:00
TX003054,CUST01046,500.82,Net Banking,issuer_declined,0,1,561,16,0,0,0.42,0,2026-08-05 11:19:00
TX003055,CUST01610,6216.34,Credit Card,insufficient_funds,0,0,820,7,1,0,0.53,0,2026-08-27 04:08:00
TX003056,CUST01812,465.55,Net Banking,issuer_declined,0,1,1052,9,1,0,0.32,0,2026-08-13 06:12:00
TX003057,CUST01037,629.2,UPI,issuer_declined,0,0,1448,9,0,0,0.5,0,2026-08-04 07:23:00
TX003058,CUST01697,1345.32,Wallet,issuer_declined,0,1,64,6,0,1,0.29,0,2026-08-08 13:44:00
TX003059,CUST01638,329.59,UPI,network_error,0,1,777,11,0,0,0.67,1,2026-08-12 05:34:00
TX003060,CUST01556,738.28,Wallet,network_error,4,1,1024,14,1,0,0.33,1,2026-08-14 04:49:00
TX003061,CUST02772,1506.36,Debit Card,expired_card,0,1,1161,11,0,0,0.52,1,2026-08-11 12:10:00
TX003062,CUST00029,786.14,UPI,bank_timeout,4,1,312,15,0,0,0.43,0,2026-08-18 03:08:00
TX003063,CUST02405,998.86,Net Banking,authentication_failed,1,2,203,20,0,0,0.18,0,2026-08-10 10:49:00
TX003064,CUST01600,645.91,Wallet,issuer_declined,0,0,1190,10,0,0,0.5,1,2026-08-27 15:29:00
TX003065,CUST00794,241.18,Debit Card,bank_timeout,2,0,833,21,0,0,0.68,1,2026-08-04 04:03:00
TX003066,CUST00775,1512.61,Net Banking,network_error,2,0,493,8,0,0,0.63,1,2026-08-09 14:14:00
TX003067,CUST01941,6341.9,Net Banking,bank_timeout,1,0,998,18,0,0,0.74,1,2026-08-06 15:33:00
TX003068,CUST01249,1117.0,Credit Card,insufficient_funds,0,1,1256,23,0,0,0.55,1,2026-08-04 20:20:00
TX003069,CUST02854,1373.7,Net Banking,authentication_failed,1,1,892,4,0,0,0.31,1,2026-08-01 13:05:00
TX003070,CUST00460,2192.34,Net Banking,suspicious_transaction,2,0,1328,14,0,0,0.08,0,2026-08-13 22:49:00
TX003071,CUST02856,308.18,Debit Card,insufficient_funds,0,0,839,22,0,0,0.63,1,2026-08-13 16:11:00
TX003072,CUST03000,6018.03,Wallet,expired_card,2,0,109,2,0,0,0.43,0,2026-08-05 16:59:00
TX003073,CUST00514,1342.55,Wallet,issuer_declined,1,1,830,2,0,0,0.36,0,2026-08-26 18:31:00
TX003074,CUST01236,5607.48,Wallet,issuer_declined,1,1,356,20,0,0,0.31,0,2026-08-12 03:50:00
TX003075,CUST01284,526.88,Debit Card,network_error,2,1,1311,6,0,0,0.55,0,2026-08-17 08:20:00
TX003076,CUST01661,6755.16,Net Banking,insufficient_funds,1,2,427,1,0,0,0.41,1,2026-08-13 11:11:00
TX003077,CUST02611,2380.71,Net Banking,suspicious_transaction,1,0,700,16,0,0,0.14,0,2026-08-03 22:43:00
TX003078,CUST02150,1906.53,Net Banking,suspicious_transaction,1,2,1218,8,1,0,0.02,1,2026-08-27 06:04:00
TX003079,CUST00495,1385.79,UPI,suspicious_transaction,0,1,822,8,0,0,0.12,1,2026-08-05 16:34:00
TX003080,CUST02387,855.32,Wallet,issuer_declined,2,3,744,9,0,0,0.14,0,2026-08-23 06:38:00
TX003081,CUST00872,3642.89,Wallet,authentication_failed,3,2,1455,5,0,0,0.11,0,2026-08-14 07:22:00
TX003082,CUST02292,1261.88,Net Banking,insufficient_funds,0,0,1296,4,0,0,0.63,0,2026-08-08 03:17:00
TX003083,CUST00355,153.38,Wallet,authentication_failed,1,0,340,12,0,0,0.34,1,2026-08-19 14:50:00
TX003084,CUST02728,358.82,Net Banking,insufficient_funds,0,1,739,23,0,0,0.55,1,2026-08-26 23:47:00
TX003085,CUST02649,910.65,Debit Card,insufficient_funds,0,1,1370,16,0,0,0.55,0,2026-08-01 15:09:00
TX003086,CUST00774,1495.18,Net Banking,bank_timeout,2,0,916,1,0,0,0.68,0,2026-08-25 00:25:00
TX003087,CUST02587,1036.3,Wallet,network_error,0,1,1188,7,0,0,0.67,0,2026-08-02 14:21:00
TX003088,CUST02338,3710.68,Wallet,issuer_declined,1,2,317,21,0,0,0.23,0,2026-08-25 14:43:00
TX003089,CUST01804,155.85,Net Banking,suspicious_transaction,0,1,712,1,0,0,0.12,0,2026-08-13 05:50:00
TX003090,CUST01394,1265.96,Net Banking,issuer_declined,0,1,810,11,0,1,0.34,0,2026-08-08 06:56:00
TX003091,CUST02057,178.04,UPI,insufficient_funds,1,1,977,18,0,0,0.49,0,2026-08-09 19:42:00
TX003092,CUST01259,2344.23,Debit Card,network_error,2,0,381,13,0,0,0.63,0,2026-08-11 06:35:00
TX003093,CUST00239,997.79,Credit Card,bank_timeout,2,2,708,5,0,0,0.52,1,2026-08-11 23:48:00
TX003094,CUST00042,1668.38,Wallet,authentication_failed,2,3,529,1,0,0,0.09,1,2026-08-24 10:27:00
TX003095,CUST01405,462.26,Credit Card,expired_card,0,1,981,11,0,0,0.52,0,2026-08-22 22:40:00
TX003096,CUST02593,3942.08,Wallet,insufficient_funds,0,1,430,12,0,0,0.55,0,2026-08-10 12:08:00
TX003097,CUST00796,3107.97,Credit Card,insufficient_funds,0,1,266,4,0,0,0.5,1,2026-08-24 15:34:00
TX003098,CUST00946,1965.58,Net Banking,bank_timeout,2,1,1019,21,0,0,0.6,1,2026-08-05 15:25:00
TX003099,CUST00145,963.41,Credit Card,network_error,2,0,15,17,0,0,0.58,0,2026-08-12 10:08:00
TX003100,CUST00140,1958.35,Credit Card,network_error,0,0,392,7,0,0,0.75,1,2026-08-29 12:34:00
TX003101,CUST02202,540.83,Wallet,bank_timeout,0,1,1300,2,0,0,0.72,0,2026-08-29 11:41:00
TX003102,CUST00052,2580.03,Debit Card,insufficient_funds,0,1,1408,21,1,0,0.45,0,2026-08-18 13:13:00
TX003103,CUST02214,5707.18,UPI,authentication_failed,1,1,606,11,0,0,0.31,1,2026-08-07 13:22:00
TX003104,CUST00393,3199.05,Debit Card,insufficient_funds,1,0,950,19,0,0,0.57,1,2026-08-10 09:17:00
TX003105,CUST02922,528.69,Credit Card,expired_card,1,2,1234,13,0,0,0.38,1,2026-08-07 01:02:00
TX003106,CUST02156,1574.07,Wallet,bank_timeout,2,0,453,19,0,0,0.68,1,2026-08-24 13:39:00
TX003107,CUST00892,300.92,Credit Card,bank_timeout,0,0,338,3,0,0,0.75,1,2026-08-20 03:24:00
TX003108,CUST01415,1943.78,Debit Card,network_error,1,2,62,4,0,0,0.48,1,2026-08-30 13:15:00
TX003109,CUST02147,1720.9,Net Banking,expired_card,2,3,1324,14,0,0,0.24,0,2026-08-05 06:15:00
TX003110,CUST01220,169.05,Wallet,insufficient_funds,1,0,292,17,0,0,0.52,1,2026-08-01 01:03:00
TX003111,CUST00947,343.17,Wallet,issuer_declined,0,1,781,5,0,0,0.42,0,2026-08-19 05:23:00
TX003112,CUST00992,826.22,Net Banking,issuer_declined,1,1,467,19,0,0,0.36,0,2026-08-14 03:41:00
TX003113,CUST00030,811.71,Credit Card,insufficient_funds,0,1,850,11,0,0,0.55,1,2026-08-04 09:21:00
TX003114,CUST01925,327.18,UPI,insufficient_funds,0,0,307,23,0,1,0.5,1,2026-08-22 06:53:00
TX003115,CUST00836,1618.05,Net Banking,expired_card,0,0,719,23,0,0,0.6,1,2026-08-09 11:02:00
TX003116,CUST00697,1410.18,Credit Card,issuer_declined,1,1,1156,6,0,1,0.28,0,2026-08-01 05:33:00
TX003117,CUST00394,903.01,Wallet,bank_timeout,1,1,1124,16,0,0,0.66,0,2026-08-21 03:10:00
TX003118,CUST00852,515.02,Credit Card,insufficient_funds,0,1,1143,18,0,0,0.55,1,2026-08-17 06:22:00
TX003119,CUST02516,3129.75,Debit Card,expired_card,0,1,883,1,0,0,0.52,1,2026-08-10 00:04:00
TX003120,CUST02031,5741.11,UPI,authentication_failed,0,1,1308,17,1,0,0.27,0,2026-08-12 05:42:00
TX003121,CUST02932,676.17,Debit Card,insufficient_funds,4,2,523,15,0,0,0.23,0,2026-08-25 13:20:00
TX003122,CUST01805,594.57,Wallet,authentication_failed,2,2,268,16,0,1,0.04,0,2026-08-20 21:02:00
TX003123,CUST01413,1792.22,UPI,insufficient_funds,0,1,921,14,1,0,0.45,0,2026-08-23 20:49:00
TX003124,CUST00969,766.6,Net Banking,issuer_declined,2,2,89,19,0,0,0.17,0,2026-08-23 21:48:00
TX003125,CUST00167,953.94,Net Banking,bank_timeout,0,0,491,1,0,0,0.8,1,2026-08-18 17:54:00
TX003126,CUST01149,2297.68,Net Banking,network_error,4,1,544,7,0,0,0.43,1,2026-08-25 01:08:00
TX003127,CUST01662,162.49,Wallet,issuer_declined,5,1,210,21,0,1,0.02,0,2026-08-21 13:33:00
TX003128,CUST00261,4098.2,UPI,insufficient_funds,0,1,636,13,0,0,0.55,1,2026-08-14 15:18:00
TX003129,CUST02407,1179.3,UPI,bank_timeout,0,1,566,14,0,0,0.72,1,2026-08-04 17:28:00
TX003130,CUST01746,726.69,UPI,bank_timeout,0,1,91,7,0,0,0.67,1,2026-08-15 05:53:00
TX003131,CUST01439,1003.02,Wallet,network_error,2,0,1308,18,0,1,0.55,0,2026-08-14 18:37:00
TX003132,CUST00503,1056.2,Debit Card,insufficient_funds,0,0,764,4,0,0,0.63,0,2026-08-19 06:06:00
TX003133,CUST00006,194.18,UPI,network_error,1,1,1,0,0,0,0.56,0,2026-08-09 18:49:00
TX003134,CUST02125,4889.95,UPI,bank_timeout,3,0,141,5,0,0,0.57,0,2026-08-05 07:24:00
TX003135,CUST02220,1142.9,UPI,authentication_failed,1,1,1340,2,0,0,0.31,0,2026-08-06 06:37:00
TX003136,CUST00777,1707.87,Net Banking,expired_card,2,0,730,10,0,1,0.4,0,2026-08-27 23:50:00
TX003137,CUST00912,2839.97,Wallet,insufficient_funds,0,1,1353,15,1,1,0.37,1,2026-08-15 03:54:00
TX003138,CUST02500,394.98,Credit Card,insufficient_funds,0,0,1144,22,0,0,0.63,0,2026-08-01 18:51:00
TX003139,CUST02009,1760.71,UPI,expired_card,0,0,426,4,1,0,0.5,0,2026-08-08 10:15:00
TX003140,CUST00553,839.12,UPI,insufficient_funds,4,2,85,21,1,0,0.08,0,2026-08-04 07:46:00
TX003141,CUST01930,2557.46,Net Banking,issuer_declined,1,1,317,22,0,0,0.31,0,2026-08-05 20:01:00
TX003142,CUST00280,130.68,Credit Card,authentication_failed,2,1,1477,1,0,0,0.25,0,2026-08-27 22:31:00
TX003143,CUST01518,993.17,UPI,insufficient_funds,1,0,345,3,1,0,0.42,0,2026-08-03 21:19:00
TX003144,CUST02221,600.15,UPI,authentication_failed,1,0,1369,22,0,0,0.39,0,2026-08-28 16:51:00
TX003145,CUST00908,1689.63,Credit Card,bank_timeout,0,1,1190,23,0,1,0.64,0,2026-08-11 01:34:00
TX003146,CUST00472,1754.68,Debit Card,network_error,0,1,1137,21,0,0,0.67,0,2026-08-05 19:11:00
TX003147,CUST00083,540.43,Wallet,network_error,1,2,829,17,1,0,0.43,1,2026-08-08 10:20:00
TX003148,CUST00365,537.98,UPI,bank_timeout,0,0,865,0,0,0,0.8,1,2026-08-05 16:44:00
TX003149,CUST02823,981.75,Wallet,network_error,0,1,88,17,0,0,0.62,1,2026-08-05 15:38:00
TX003150,CUST01052,447.36,UPI,network_error,1,0,560,13,0,0,0.69,1,2026-08-17 00:54:00
TX003151,CUST00123,2545.25,Net Banking,bank_timeout,1,2,681,16,1,0,0.48,0,2026-08-21 18:52:00
TX003152,CUST01075,758.08,Debit Card,issuer_declined,1,0,1402,19,0,0,0.44,1,2026-08-30 18:11:00
TX003153,CUST00167,100.0,Net Banking,issuer_declined,1,1,161,9,0,0,0.31,1,2026-08-29 05:31:00
TX003154,CUST01471,753.84,Net Banking,suspicious_transaction,5,3,883,5,0,0,0.02,0,2026-08-25 06:53:00
TX003155,CUST01179,388.17,Net Banking,insufficient_funds,0,0,1230,11,0,1,0.55,0,2026-08-14 00:03:00
TX003156,CUST02030,214.59,Credit Card,insufficient_funds,1,0,962,9,0,0,0.57,1,2026-08-27 12:11:00
TX003157,CUST00059,318.17,Credit Card,suspicious_transaction,4,3,266,19,0,0,0.02,0,2026-08-18 18:14:00
TX003158,CUST01585,1223.42,Credit Card,network_error,1,1,17,6,0,0,0.56,1,2026-08-19 04:55:00
TX003159,CUST02247,4140.79,Wallet,authentication_failed,5,3,990,20,1,0,0.02,0,2026-08-23 15:33:00
TX003160,CUST02012,1499.95,Debit Card,bank_timeout,0,1,1019,4,0,0,0.72,1,2026-08-07 17:36:00
TX003161,CUST01121,597.94,Credit Card,suspicious_transaction,0,1,800,1,1,0,0.02,0,2026-08-29 04:26:00
TX003162,CUST01266,1730.05,Wallet,issuer_declined,0,0,222,11,0,1,0.37,0,2026-08-01 09:00:00
TX003163,CUST02564,692.92,Debit Card,authentication_failed,3,2,408,2,0,0,0.11,0,2026-08-19 19:52:00
TX003164,CUST00069,547.52,Debit Card,expired_card,2,1,591,21,0,0,0.4,0,2026-08-06 14:58:00
TX003165,CUST00028,345.72,Wallet,bank_timeout,0,1,529,23,0,0,0.72,0,2026-08-30 03:47:00
TX003166,CUST00308,190.22,Debit Card,authentication_failed,2,3,1049,7,0,0,0.09,0,2026-08-29 21:46:00
TX003167,CUST01908,742.54,Net Banking,insufficient_funds,1,2,623,1,0,1,0.33,1,2026-08-25 03:53:00
TX003168,CUST00604,1284.41,Credit Card,bank_timeout,1,2,1396,23,0,0,0.58,0,2026-08-02 22:34:00
TX003169,CUST02790,995.63,Wallet,issuer_declined,3,1,837,11,0,0,0.24,0,2026-08-20 19:22:00
TX003170,CUST00890,723.45,Debit Card,issuer_declined,1,1,711,4,0,0,0.36,1,2026-08-24 18:54:00
TX003171,CUST02184,425.92,Credit Card,bank_timeout,2,3,1284,4,0,0,0.44,1,2026-08-30 02:23:00
TX003172,CUST01319,2014.74,Credit Card,issuer_declined,0,1,1079,21,0,0,0.42,1,2026-08-03 02:18:00
TX003173,CUST01023,293.79,Debit Card,issuer_declined,0,0,1047,15,0,0,0.5,1,2026-08-22 12:26:00
TX003174,CUST01783,2382.79,Net Banking,authentication_failed,2,1,1107,17,0,0,0.25,0,2026-08-23 18:44:00
TX003175,CUST01830,402.54,UPI,network_error,0,1,642,6,1,0,0.57,1,2026-08-18 18:00:00
TX003176,CUST02276,516.75,Debit Card,expired_card,0,0,812,4,1,0,0.5,1,2026-08-14 10:48:00
TX003177,CUST02916,252.96,UPI,issuer_declined,4,1,8,20,0,1,0.05,0,2026-08-13 14:57:00
TX003178,CUST01173,664.21,Debit Card,bank_timeout,2,3,627,11,0,0,0.44,0,2026-08-10 17:14:00
TX003179,CUST00284,2908.27,Wallet,network_error,3,0,251,21,0,0,0.52,0,2026-08-13 14:09:00
TX003180,CUST02379,1836.52,Net Banking,bank_timeout,0,1,59,2,1,1,0.49,1,2026-08-29 19:36:00
TX003181,CUST01240,2917.32,Credit Card,issuer_declined,1,1,747,23,0,0,0.36,0,2026-08-19 19:29:00
TX003182,CUST02568,1848.52,UPI,network_error,1,0,976,16,0,0,0.69,0,2026-08-06 22:54:00
TX003183,CUST00474,363.7,Debit Card,insufficient_funds,0,1,446,14,0,0,0.55,1,2026-08-23 08:21:00
TX003184,CUST01182,787.77,Wallet,authentication_failed,4,1,440,3,0,0,0.13,0,2026-08-15 15:09:00
TX003185,CUST01082,502.6,Wallet,bank_timeout,3,0,594,14,0,0,0.62,1,2026-08-24 21:50:00
TX003186,CUST00895,4148.8,Net Banking,insufficient_funds,0,1,1481,15,0,0,0.55,1,2026-08-18 12:31:00
TX003187,CUST01684,331.36,Debit Card,insufficient_funds,0,1,774,22,0,0,0.55,1,2026-08-08 00:55:00
TX003188,CUST00493,2680.34,Credit Card,network_error,1,0,248,18,0,0,0.64,0,2026-08-19 21:39:00
TX003189,CUST02201,2678.34,Credit Card,insufficient_funds,2,3,274,13,0,0,0.22,0,2026-08-09 23:47:00
TX003190,CUST00046,6833.69,Debit Card,network_error,0,1,1168,5,0,1,0.59,1,2026-08-19 01:43:00
TX003191,CUST00133,728.01,Debit Card,insufficient_funds,5,0,373,6,0,0,0.33,1,2026-08-16 11:25:00
TX003192,CUST02135,2235.73,Debit Card,insufficient_funds,5,0,231,16,0,0,0.28,0,2026-08-16 23:54:00
TX003193,CUST00402,10739.16,Credit Card,suspicious_transaction,0,0,797,23,0,0,0.2,1,2026-08-01 20:43:00
TX003194,CUST01258,591.32,Wallet,network_error,4,3,517,20,0,1,0.19,0,2026-08-16 09:14:00
TX003195,CUST02374,236.27,Debit Card,suspicious_transaction,2,2,1173,8,0,0,0.02,0,2026-08-09 23:32:00
TX003196,CUST00428,167.33,Credit Card,network_error,0,1,690,18,0,0,0.67,1,2026-08-24 15:36:00
TX003197,CUST02017,2236.6,Net Banking,insufficient_funds,1,1,1145,13,1,0,0.39,1,2026-08-23 02:19:00
TX003198,CUST01053,166.81,Wallet,bank_timeout,0,0,1122,20,0,0,0.8,1,2026-08-23 08:43:00
TX003199,CUST00534,755.73,Credit Card,bank_timeout,1,2,1004,12,1,0,0.48,1,2026-08-04 09:54:00
TX003200,CUST00336,1698.18,Credit Card,expired_card,0,0,631,9,0,0,0.6,0,2026-08-23 17:28:00
TX003201,CUST02534,1319.72,Credit Card,network_error,0,0,179,0,0,0,0.7,1,2026-08-18 11:56:00
TX003202,CUST01025,1678.15,Net Banking,network_error,0,0,702,15,0,0,0.75,1,2026-08-21 16:05:00
TX003203,CUST02512,1369.62,Wallet,issuer_declined,1,1,926,5,0,0,0.36,0,2026-08-03 01:12:00
TX003204,CUST00743,3939.72,Credit Card,insufficient_funds,0,0,1382,5,1,0,0.53,1,2026-08-26 18:07:00
TX003205,CUST01798,423.13,Credit Card,authentication_failed,3,3,213,21,0,0,0.02,0,2026-08-21 04:53:00
TX003206,CUST02532,557.24,Credit Card,bank_timeout,3,3,15,3,1,0,0.23,0,2026-08-05 08:43:00
TX003207,CUST01911,506.41,Net Banking,bank_timeout,2,3,10,18,0,0,0.39,0,2026-08-25 09:29:00
TX003208,CUST02625,2515.41,Wallet,insufficient_funds,0,1,1380,19,0,0,0.55,1,2026-08-22 19:01:00
TX003209,CUST02422,2698.36,Debit Card,authentication_failed,4,1,842,8,0,0,0.13,0,2026-08-10 03:17:00
TX003210,CUST00616,1721.97,Net Banking,issuer_declined,1,1,719,19,0,0,0.36,1,2026-08-16 05:40:00
TX003211,CUST02123,3581.34,Net Banking,expired_card,0,1,1195,20,0,0,0.52,1,2026-08-17 02:12:00
TX003212,CUST02574,337.63,Credit Card,issuer_declined,0,1,655,20,1,0,0.32,1,2026-08-17 14:10:00
TX003213,CUST00989,5809.35,Net Banking,insufficient_funds,1,0,1146,23,0,0,0.57,1,2026-08-19 03:07:00
TX003214,CUST01290,5030.32,Credit Card,expired_card,0,0,486,14,0,0,0.6,1,2026-08-02 11:32:00
TX003215,CUST01975,2288.43,Wallet,bank_timeout,0,0,407,23,0,0,0.8,1,2026-08-09 11:44:00
TX003216,CUST02956,6514.59,Wallet,bank_timeout,0,1,621,23,0,0,0.72,1,2026-08-02 07:52:00
TX003217,CUST01945,209.22,Credit Card,insufficient_funds,0,1,179,11,1,0,0.4,1,2026-08-12 17:19:00
TX003218,CUST00121,649.08,Debit Card,bank_timeout,2,1,835,11,0,0,0.6,1,2026-08-27 11:04:00
TX003219,CUST01769,525.68,Credit Card,bank_timeout,0,1,957,8,0,0,0.72,0,2026-08-18 22:27:00
TX003220,CUST01769,2256.29,UPI,issuer_declined,3,1,995,6,0,0,0.24,0,2026-08-06 01:44:00
TX003221,CUST01375,383.7,Wallet,bank_timeout,0,1,143,1,0,1,0.59,0,2026-08-20 20:27:00
TX003222,CUST00184,2339.04,Net Banking,network_error,0,1,236,12,0,0,0.62,1,2026-08-22 00:03:00
TX003223,CUST01949,4317.95,Wallet,expired_card,0,0,484,0,0,0,0.6,1,2026-08-15 15:05:00
TX003224,CUST01832,2197.78,Debit Card,issuer_declined,4,1,700,0,0,0,0.18,0,2026-08-30 04:30:00
TX003225,CUST02811,1456.44,Credit Card,insufficient_funds,0,1,60,23,0,0,0.5,1,2026-08-22 09:51:00
TX003226,CUST00248,408.35,Net Banking,bank_timeout,3,0,328,19,0,0,0.57,1,2026-08-05 07:36:00
TX003227,CUST00895,470.2,Wallet,bank_timeout,0,1,520,11,0,0,0.72,0,2026-08-05 15:54:00
TX003228,CUST02867,3826.17,Credit Card,authentication_failed,0,1,1026,14,1,0,0.27,0,2026-08-01 12:47:00
TX003229,CUST02005,2390.72,Wallet,bank_timeout,0,1,1314,11,1,1,0.54,1,2026-08-02 20:35:00
TX003230,CUST02032,1054.67,UPI,suspicious_transaction,1,2,1395,20,0,0,0.02,0,2026-08-09 22:23:00
TX003231,CUST00044,722.05,Credit Card,issuer_declined,3,2,948,6,0,0,0.16,0,2026-08-01 07:54:00
TX003232,CUST01193,144.63,Debit Card,expired_card,1,2,119,19,1,0,0.23,0,2026-08-24 00:44:00
TX003233,CUST01003,375.83,Net Banking,network_error,0,0,877,15,0,0,0.75,1,2026-08-13 03:36:00
TX003234,CUST01070,7416.18,Debit Card,authentication_failed,1,2,1173,10,0,0,0.23,1,2026-08-09 11:22:00
TX003235,CUST02563,304.77,UPI,insufficient_funds,3,3,11,22,0,0,0.16,0,2026-08-03 11:04:00
TX003236,CUST00509,1325.41,Debit Card,bank_timeout,2,0,267,19,0,0,0.63,1,2026-08-09 21:54:00
TX003237,CUST00897,3003.23,UPI,suspicious_transaction,2,1,504,11,0,0,0.02,0,2026-08-01 03:30:00
TX003238,CUST01003,312.65,UPI,insufficient_funds,1,0,724,8,0,0,0.57,0,2026-08-22 01:37:00
TX003239,CUST00854,1319.11,Credit Card,bank_timeout,0,1,441,2,0,0,0.72,1,2026-08-14 07:10:00
TX003240,CUST00525,2801.51,Credit Card,bank_timeout,4,1,1434,1,0,0,0.48,1,2026-08-24 12:53:00
TX003241,CUST00518,1110.43,UPI,issuer_declined,3,0,1161,7,0,1,0.24,0,2026-08-14 12:45:00
TX003242,CUST02174,19310.48,Debit Card,network_error,0,1,909,15,0,0,0.67,1,2026-08-24 21:54:00
TX003243,CUST00616,206.73,Debit Card,authentication_failed,0,1,485,16,0,0,0.37,1,2026-08-08 03:16:00
TX003244,CUST01991,3161.27,Credit Card,authentication_failed,0,0,895,8,0,0,0.45,0,2026-08-05 11:33:00
TX003245,CUST02067,922.6,Debit Card,bank_timeout,0,1,1405,13,0,0,0.72,1,2026-08-04 14:34:00
TX003246,CUST01379,2373.02,Debit Card,insufficient_funds,0,0,1178,13,0,0,0.63,1,2026-08-14 19:19:00
TX003247,CUST01073,1704.98,Wallet,insufficient_funds,0,1,31,22,0,0,0.5,1,2026-08-06 05:45:00
TX003248,CUST02921,526.81,Debit Card,network_error,1,0,1341,8,0,0,0.69,1,2026-08-16 03:06:00
TX003249,CUST00110,1378.84,Net Banking,suspicious_transaction,0,1,710,11,0,0,0.12,0,2026-08-17 18:14:00
TX003250,CUST01363,171.07,Wallet,insufficient_funds,3,1,1360,4,0,0,0.37,1,2026-08-21 13:43:00
TX003251,CUST02571,2004.7,Net Banking,suspicious_transaction,0,0,758,9,0,0,0.2,0,2026-08-21 08:39:00
TX003252,CUST00608,1477.58,Debit Card,network_error,2,1,989,19,0,1,0.47,0,2026-08-13 23:19:00
TX003253,CUST01356,2076.96,Debit Card,insufficient_funds,0,1,1166,22,0,0,0.55,1,2026-08-05 19:15:00
TX003254,CUST01788,3159.34,Net Banking,bank_timeout,1,1,864,21,0,0,0.66,1,2026-08-27 16:12:00
TX003255,CUST00906,1583.86,Debit Card,authentication_failed,4,3,883,14,0,0,0.02,0,2026-08-14 16:54:00
TX003256,CUST00508,1271.67,Credit Card,authentication_failed,5,3,303,21,0,0,0.02,0,2026-08-13 21:08:00
TX003257,CUST01507,454.38,UPI,expired_card,0,0,1017,20,0,1,0.52,1,2026-08-17 14:10:00
TX003258,CUST01378,537.96,Wallet,issuer_declined,0,1,1275,10,0,0,0.42,0,2026-08-09 12:37:00
TX003259,CUST00504,3592.97,Net Banking,suspicious_transaction,4,1,417,11,0,0,0.02,0,2026-08-19 20:52:00
TX003260,CUST01699,4611.62,Wallet,bank_timeout,2,2,16,9,0,0,0.47,1,2026-08-23 21:07:00
TX003261,CUST01710,864.27,UPI,issuer_declined,0,0,759,10,0,0,0.5,0,2026-08-05 06:06:00
TX003262,CUST02564,1148.26,Wallet,insufficient_funds,0,1,1139,12,0,0,0.55,0,2026-08-12 00:57:00
TX003263,CUST00281,443.81,Net Banking,bank_timeout,1,2,1037,17,0,0,0.58,0,2026-08-02 12:29:00
TX003264,CUST01510,3543.1,Debit Card,network_error,1,2,161,2,1,0,0.38,1,2026-08-08 08:41:00
TX003265,CUST01663,2133.28,Debit Card,bank_timeout,1,0,1405,21,0,0,0.74,0,2026-08-20 17:25:00
TX003266,CUST00996,7640.49,Net Banking,insufficient_funds,0,0,1364,21,0,0,0.63,0,2026-08-24 14:37:00
TX003267,CUST00695,455.63,UPI,insufficient_funds,1,2,609,9,0,0,0.41,1,2026-08-19 18:14:00
TX003268,CUST01855,751.44,Net Banking,insufficient_funds,2,2,277,23,1,0,0.2,0,2026-08-05 05:15:00
TX003269,CUST00761,1382.22,Debit Card,bank_timeout,2,3,599,15,0,0,0.44,1,2026-08-13 12:10:00
TX003270,CUST00123,2093.28,Debit Card,insufficient_funds,1,2,341,15,0,0,0.36,1,2026-08-28 00:40:00
TX003271,CUST02668,883.89,Debit Card,insufficient_funds,1,2,972,14,0,0,0.41,0,2026-08-08 16:20:00
TX003272,CUST01275,458.08,Net Banking,insufficient_funds,1,1,527,12,0,0,0.49,0,2026-08-29 01:29:00
TX003273,CUST02881,2647.6,Debit Card,issuer_declined,2,2,896,12,0,0,0.22,0,2026-08-01 11:10:00
TX003274,CUST00626,2255.52,Net Banking,network_error,1,0,1138,18,0,0,0.69,0,2026-08-18 16:27:00
TX003275,CUST01600,438.66,Net Banking,expired_card,2,0,250,21,0,0,0.43,1,2026-08-07 15:21:00
TX003276,CUST00996,4253.27,Credit Card,issuer_declined,1,0,381,1,0,0,0.44,0,2026-08-26 09:28:00
TX003277,CUST01106,3534.05,UPI,suspicious_transaction,1,0,418,16,0,0,0.14,0,2026-08-24 16:52:00
TX003278,CUST01339,1254.25,Net Banking,insufficient_funds,0,1,676,10,0,0,0.55,0,2026-08-15 19:35:00
TX003279,CUST02768,1187.49,Net Banking,expired_card,1,2,762,14,0,0,0.38,1,2026-08-17 01:05:00
TX003280,CUST01382,1908.47,UPI,authentication_failed,0,1,1305,23,0,0,0.37,0,2026-08-28 09:10:00
TX003281,CUST01082,463.26,Credit Card,suspicious_transaction,3,1,957,1,0,0,0.02,0,2026-08-17 03:53:00
TX003282,CUST00791,1130.07,Debit Card,network_error,0,0,598,4,1,0,0.65,1,2026-08-12 09:07:00
TX003283,CUST01868,127.44,UPI,authentication_failed,0,0,668,2,0,1,0.37,0,2026-08-16 19:40:00
TX003284,CUST02748,2634.52,UPI,network_error,0,0,483,7,0,0,0.75,1,2026-08-25 17:33:00
TX003285,CUST00359,230.1,Debit Card,suspicious_transaction,3,1,1454,18,0,0,0.02,0,2026-08-19 16:39:00
TX003286,CUST02910,4931.61,Credit Card,bank_timeout,1,2,1417,22,1,0,0.48,1,2026-08-25 22:31:00
TX003287,CUST00393,788.3,UPI,insufficient_funds,4,0,1006,1,1,0,0.29,0,2026-08-25 01:31:00
TX003288,CUST01095,887.43,Debit Card,insufficient_funds,2,2,1189,13,0,0,0.35,1,2026-08-07 00:56:00
TX003289,CUST01938,585.38,UPI,network_error,0,1,196,3,0,0,0.62,0,2026-08-23 22:17:00
TX003290,CUST00794,822.18,UPI,issuer_declined,3,3,982,23,0,0,0.08,0,2026-08-02 19:51:00
TX003291,CUST01754,4530.25,UPI,bank_timeout,2,1,223,12,0,0,0.55,1,2026-08-10 03:43:00
TX003292,CUST01884,100.0,UPI,issuer_declined,0,0,90,9,0,0,0.45,1,2026-08-12 07:52:00
TX003293,CUST00357,3932.24,Credit Card,insufficient_funds,0,1,89,5,0,0,0.5,0,2026-08-17 04:37:00
TX003294,CUST01392,1537.67,Wallet,bank_timeout,2,2,930,10,0,0,0.52,1,2026-08-07 07:39:00
TX003295,CUST00222,327.99,Credit Card,insufficient_funds,3,0,295,14,0,0,0.4,1,2026-08-17 05:06:00
TX003296,CUST02807,374.16,Net Banking,insufficient_funds,0,0,654,14,0,0,0.63,0,2026-08-04 18:54:00
TX003297,CUST02859,5862.86,Wallet,bank_timeout,0,0,370,7,0,0,0.8,1,2026-08-11 10:49:00
TX003298,CUST02852,426.02,Credit Card,bank_timeout,3,2,1085,9,0,0,0.46,0,2026-08-20 01:13:00
TX003299,CUST01356,346.07,Net Banking,network_error,3,2,386,4,0,0,0.41,1,2026-08-07 17:33:00
TX003300,CUST01112,3419.72,Credit Card,issuer_declined,0,1,1287,21,0,0,0.42,1,2026-08-02 13:42:00
TX003301,CUST01248,1538.48,UPI,authentication_failed,1,0,662,22,0,0,0.39,0,2026-08-05 11:37:00
TX003302,CUST00205,429.26,Wallet,issuer_declined,0,1,1482,7,0,0,0.42,0,2026-08-01 07:06:00
TX003303,CUST01294,1361.88,Net Banking,network_error,0,1,397,14,0,1,0.59,1,2026-08-25 14:06:00
TX003304,CUST01155,393.17,UPI,insufficient_funds,5,1,924,14,1,0,0.15,1,2026-08-22 01:05:00
TX003305,CUST00044,3297.18,Debit Card,insufficient_funds,0,0,699,22,0,0,0.63,1,2026-08-11 04:38:00
TX003306,CUST00870,3169.63,Wallet,network_error,0,1,780,16,1,0,0.57,1,2026-08-02 16:12:00
TX003307,CUST01453,1866.85,Wallet,bank_timeout,4,1,1412,18,0,0,0.48,1,2026-08-03 14:29:00
TX003308,CUST02809,1574.45,Debit Card,network_error,3,0,776,19,0,0,0.57,0,2026-08-04 08:25:00
TX003309,CUST02000,6381.69,Wallet,bank_timeout,3,2,1319,15,1,0,0.36,0,2026-08-14 15:39:00
TX003310,CUST00177,1096.29,Net Banking,issuer_declined,2,2,727,4,0,0,0.22,1,2026-08-17 18:37:00
TX003311,CUST01914,336.34,UPI,expired_card,3,3,756,0,0,0,0.18,0,2026-08-22 08:14:00
TX003312,CUST02204,1718.96,Debit Card,insufficient_funds,1,2,374,14,1,0,0.31,1,2026-08-02 04:28:00
TX003313,CUST00528,8831.21,Net Banking,network_error,2,0,249,17,0,0,0.58,1,2026-08-06 08:23:00
TX003314,CUST00109,397.52,Wallet,authentication_failed,2,3,7,18,0,0,0.04,0,2026-08-01 03:48:00
TX003315,CUST02277,763.98,UPI,expired_card,0,0,279,15,0,0,0.55,1,2026-08-16 16:31:00
TX003316,CUST02738,1663.11,Wallet,insufficient_funds,2,3,102,2,0,0,0.22,1,2026-08-18 13:17:00
TX003317,CUST02075,1039.08,Credit Card,authentication_failed,0,1,875,20,0,0,0.37,0,2026-08-14 22:08:00
TX003318,CUST01778,410.63,UPI,suspicious_transaction,0,1,1218,11,0,0,0.12,0,2026-08-27 23:32:00
TX003319,CUST00686,3367.27,Credit Card,bank_timeout,3,0,420,11,0,0,0.62,0,2026-08-26 21:25:00
TX003320,CUST02716,11159.44,Net Banking,network_error,2,1,721,1,1,0,0.45,1,2026-08-13 02:11:00
TX003321,CUST02960,1334.26,Wallet,insufficient_funds,1,1,1109,3,0,0,0.49,0,2026-08-23 14:27:00
TX003322,CUST01074,444.05,Wallet,insufficient_funds,5,3,924,19,0,0,0.09,0,2026-08-29 08:25:00
TX003323,CUST02731,233.0,Debit Card,expired_card,0,0,764,12,0,0,0.6,0,2026-08-09 01:48:00
TX003324,CUST01437,1419.38,Credit Card,network_error,3,1,127,22,0,0,0.44,0,2026-08-06 14:26:00
TX003325,CUST00610,3307.27,Net Banking,network_error,0,0,1165,13,0,0,0.75,1,2026-08-11 21:01:00
TX003326,CUST02779,1763.7,UPI,bank_timeout,0,1,1141,6,1,0,0.62,1,2026-08-24 11:10:00
TX003327,CUST02965,1094.0,Net Banking,issuer_declined,0,1,365,13,0,1,0.29,0,2026-08-13 14:18:00
TX003328,CUST02249,608.34,Net Banking,issuer_declined,1,0,382,17,0,0,0.44,0,2026-08-09 23:08:00
TX003329,CUST01190,367.91,Debit Card,bank_timeout,0,0,262,4,0,1,0.67,1,2026-08-24 05:48:00
TX003330,CUST01768,2526.91,Debit Card,authentication_failed,0,0,1163,20,0,0,0.45,0,2026-08-17 23:59:00
TX003331,CUST02639,2734.69,UPI,issuer_declined,4,3,1485,15,0,0,0.02,0,2026-08-10 06:38:00
TX003332,CUST00304,233.75,Credit Card,expired_card,0,1,423,11,0,0,0.52,1,2026-08-16 00:54:00
TX003333,CUST02028,5376.75,Debit Card,bank_timeout,1,1,324,1,0,0,0.61,0,2026-08-09 13:27:00
TX003334,CUST01559,1947.05,Wallet,network_error,0,1,856,5,0,0,0.67,1,2026-08-05 13:41:00
TX003335,CUST01667,4445.26,Wallet,issuer_declined,2,3,10,16,0,0,0.09,0,2026-08-13 09:23:00
TX003336,CUST00934,286.54,Wallet,expired_card,0,0,124,22,1,0,0.45,0,2026-08-27 23:43:00
TX003337,CUST01942,279.83,Debit Card,expired_card,0,0,235,0,1,0,0.45,1,2026-08-25 20:02:00
TX003338,CUST02623,944.85,Wallet,insufficient_funds,3,0,439,4,0,0,0.45,0,2026-08-17 19:49:00
TX003339,CUST01837,1813.08,Debit Card,bank_timeout,0,0,207,2,0,0,0.75,0,2026-08-14 15:12:00
TX003340,CUST01877,6610.14,Debit Card,issuer_declined,1,1,587,21,0,0,0.36,0,2026-08-16 05:10:00
TX003341,CUST01325,2221.81,Debit Card,insufficient_funds,0,0,253,7,0,0,0.58,1,2026-08-08 17:16:00
TX003342,CUST00591,860.33,Credit Card,insufficient_funds,0,0,911,7,0,0,0.63,1,2026-08-03 19:47:00
TX003343,CUST02557,392.93,Debit Card,authentication_failed,0,0,1477,21,1,1,0.27,0,2026-08-26 23:20:00
TX003344,CUST02153,3751.84,UPI,bank_timeout,1,1,222,12,0,0,0.61,1,2026-08-04 21:17:00
TX003345,CUST00727,417.92,UPI,authentication_failed,0,0,999,10,0,0,0.45,1,2026-08-28 15:24:00
TX003346,CUST01383,5588.51,Net Banking,issuer_declined,2,2,553,3,0,0,0.22,0,2026-08-17 08:50:00
TX003347,CUST02994,825.19,UPI,bank_timeout,0,0,674,13,0,0,0.8,1,2026-08-20 23:46:00
TX003348,CUST02650,5380.74,Wallet,bank_timeout,0,1,1124,5,0,0,0.72,1,2026-08-14 20:04:00
TX003349,CUST02428,2162.31,Credit Card,bank_timeout,2,0,1318,21,1,0,0.58,1,2026-08-28 15:39:00
TX003350,CUST01108,956.24,Wallet,bank_timeout,0,0,173,6,0,0,0.75,1,2026-08-19 01:22:00
TX003351,CUST02365,652.36,Wallet,bank_timeout,0,0,845,10,0,0,0.8,0,2026-08-02 09:20:00
TX003352,CUST00443,779.84,Net Banking,issuer_declined,0,0,1269,16,0,0,0.5,1,2026-08-23 21:37:00
TX003353,CUST02104,1682.97,Wallet,issuer_declined,0,1,1114,2,0,0,0.42,1,2026-08-28 07:12:00
TX003354,CUST00511,1184.6,Credit Card,expired_card,1,2,670,19,0,0,0.38,1,2026-08-13 10:18:00
TX003355,CUST02843,605.58,Wallet,bank_timeout,3,2,392,4,0,0,0.46,1,2026-08-05 07:52:00
TX003356,CUST00403,929.24,Credit Card,bank_timeout,0,0,446,3,0,0,0.8,1,2026-08-08 18:35:00
TX003357,CUST00966,1186.28,Debit Card,bank_timeout,0,0,1490,4,0,0,0.8,1,2026-08-12 11:01:00
TX003358,CUST01617,130.49,Credit Card,suspicious_transaction,1,0,1290,7,0,0,0.14,0,2026-08-15 06:01:00
TX003359,CUST01012,1733.97,Debit Card,bank_timeout,1,1,81,14,0,1,0.53,0,2026-08-29 04:11:00
TX003360,CUST02998,411.69,Credit Card,expired_card,1,2,1354,18,0,0,0.38,0,2026-08-20 09:58:00
TX003361,CUST02902,346.08,Net Banking,authentication_failed,0,1,997,4,1,0,0.27,0,2026-08-14 07:03:00
TX003362,CUST02819,202.89,UPI,bank_timeout,2,0,759,2,1,0,0.58,0,2026-08-28 05:33:00
TX003363,CUST02928,182.38,Net Banking,suspicious_transaction,0,1,282,11,0,0,0.07,0,2026-08-03 22:42:00
TX003364,CUST01790,282.75,Wallet,insufficient_funds,0,0,995,13,0,0,0.63,0,2026-08-11 15:31:00
TX003365,CUST02380,539.68,Wallet,issuer_declined,0,0,1130,5,0,0,0.5,1,2026-08-18 08:30:00
TX003366,CUST02655,7733.05,Credit Card,suspicious_transaction,1,1,1125,20,0,1,0.02,0,2026-08-02 19:23:00
TX003367,CUST01124,648.15,Credit Card,expired_card,0,1,1333,7,1,0,0.42,1,2026-08-11 16:58:00
TX003368,CUST00290,1309.96,UPI,network_error,1,2,384,21,1,0,0.43,1,2026-08-22 06:43:00
TX003369,CUST02949,1636.77,UPI,issuer_declined,2,0,1016,15,0,0,0.38,0,2026-08-14 12:59:00
TX003370,CUST02320,1250.21,Debit Card,expired_card,1,1,406,11,0,0,0.46,0,2026-08-19 20:51:00
TX003371,CUST00514,1014.91,UPI,issuer_declined,4,2,1186,11,1,0,0.02,0,2026-08-13 17:15:00
TX003372,CUST01471,331.86,Debit Card,network_error,0,1,1194,10,0,0,0.67,0,2026-08-09 14:21:00
TX003373,CUST02900,4679.41,UPI,network_error,1,1,603,3,0,0,0.61,0,2026-08-05 23:51:00
TX003374,CUST02884,6682.16,UPI,bank_timeout,0,1,702,3,0,0,0.72,0,2026-08-20 12:27:00
TX003375,CUST00940,203.84,Net Banking,network_error,2,0,687,23,1,1,0.45,1,2026-08-07 11:29:00
TX003376,CUST00577,393.85,Credit Card,issuer_declined,0,1,1029,14,0,0,0.42,0,2026-08-10 01:03:00
TX003377,CUST02779,828.97,Credit Card,bank_timeout,2,0,287,16,1,1,0.45,0,2026-08-24 22:53:00
TX003378,CUST02549,417.99,Wallet,network_error,0,1,1382,14,0,0,0.67,1,2026-08-07 07:51:00
TX003379,CUST00492,1818.86,UPI,authentication_failed,0,1,1191,13,0,0,0.37,0,2026-08-10 21:31:00
TX003380,CUST00289,529.39,UPI,issuer_declined,3,1,489,3,0,0,0.24,0,2026-08-08 08:55:00
TX003381,CUST00987,9557.26,UPI,network_error,2,2,1191,8,0,1,0.39,1,2026-08-25 05:41:00
TX003382,CUST00392,3606.7,Wallet,network_error,0,1,610,17,0,0,0.67,0,2026-08-03 00:38:00
TX003383,CUST00529,1356.38,UPI,insufficient_funds,0,1,49,17,1,1,0.32,0,2026-08-20 05:39:00
TX003384,CUST00257,3062.5,Net Banking,expired_card,1,1,1314,20,0,0,0.46,1,2026-08-28 14:32:00
TX003385,CUST02351,3313.96,Net Banking,authentication_failed,3,1,1362,4,0,0,0.19,0,2026-08-23 13:18:00
TX003386,CUST01048,623.94,Credit Card,network_error,0,0,214,1,0,1,0.62,1,2026-08-01 22:43:00
TX003387,CUST01206,484.82,Net Banking,bank_timeout,0,1,227,6,0,0,0.67,1,2026-08-21 17:12:00
TX003388,CUST02340,1185.76,Debit Card,bank_timeout,2,1,1403,21,0,0,0.6,0,2026-08-20 06:18:00
TX003389,CUST02837,2595.76,Net Banking,bank_timeout,0,1,158,22,0,0,0.67,0,2026-08-26 10:54:00
TX003390,CUST02385,1260.24,Wallet,insufficient_funds,1,1,1006,13,0,0,0.49,1,2026-08-03 21:25:00
TX003391,CUST00892,226.56,Wallet,insufficient_funds,1,0,437,19,0,0,0.57,0,2026-08-28 23:26:00
TX003392,CUST01870,491.36,Credit Card,bank_timeout,1,0,80,8,0,0,0.69,1,2026-08-23 19:32:00
TX003393,CUST01679,1018.44,Wallet,network_error,0,1,1484,7,0,0,0.67,0,2026-08-02 09:26:00
TX003394,CUST02043,1016.72,Wallet,expired_card,2,0,508,20,0,0,0.48,0,2026-08-15 12:25:00
TX003395,CUST02089,7883.62,Debit Card,expired_card,3,0,1105,20,0,0,0.42,0,2026-08-02 12:00:00
TX003396,CUST01482,274.24,Debit Card,authentication_failed,1,0,1196,5,0,0,0.39,1,2026-08-02 09:57:00
TX003397,CUST01682,1818.18,Credit Card,insufficient_funds,3,3,18,4,0,0,0.16,0,2026-08-04 09:35:00
TX003398,CUST01455,4861.55,Credit Card,insufficient_funds,1,0,113,21,0,0,0.52,0,2026-08-16 07:37:00
TX003399,CUST00898,10630.15,Debit Card,issuer_declined,4,0,922,16,0,0,0.26,0,2026-08-23 21:46:00
TX003400,CUST02153,731.87,Wallet,suspicious_transaction,1,0,1320,22,0,0,0.14,0,2026-08-05 19:37:00
TX003401,CUST00129,1792.61,UPI,insufficient_funds,0,0,568,0,0,0,0.63,1,2026-08-04 02:19:00
TX003402,CUST00512,1938.68,Credit Card,issuer_declined,0,1,752,21,0,0,0.42,0,2026-08-13 17:16:00
TX003403,CUST00389,1333.39,UPI,suspicious_transaction,5,3,838,15,1,0,0.02,0,2026-08-07 18:40:00
TX003404,CUST01776,993.42,Credit Card,network_error,0,1,122,22,0,0,0.62,1,2026-08-06 05:35:00
TX003405,CUST00065,1695.91,UPI,insufficient_funds,1,0,473,7,0,0,0.57,1,2026-08-13 23:35:00
TX003406,CUST02702,100.0,Debit Card,issuer_declined,2,3,501,4,0,0,0.14,0,2026-08-25 03:01:00
TX003407,CUST02320,2169.1,Wallet,authentication_failed,1,1,1231,21,1,0,0.21,0,2026-08-12 20:50:00
TX003408,CUST00933,1244.11,Wallet,suspicious_transaction,2,3,1279,19,0,0,0.02,0,2026-08-07 11:54:00
TX003409,CUST01070,877.89,Net Banking,authentication_failed,0,1,46,9,0,0,0.32,0,2026-08-09 17:19:00
TX003410,CUST00243,8491.85,UPI,insufficient_funds,2,2,502,4,0,0,0.35,0,2026-08-18 05:55:00
TX003411,CUST01523,558.39,UPI,insufficient_funds,0,1,753,19,1,0,0.45,1,2026-08-12 04:24:00
TX003412,CUST01111,732.84,Credit Card,authentication_failed,1,0,1493,4,0,0,0.39,0,2026-08-14 11:19:00
TX003413,CUST00117,8034.93,Debit Card,bank_timeout,0,0,1330,21,0,0,0.8,0,2026-08-12 17:37:00
TX003414,CUST00448,477.2,UPI,bank_timeout,2,0,1311,4,1,1,0.5,1,2026-08-19 07:06:00
TX003415,CUST02661,632.63,Wallet,bank_timeout,2,2,264,5,1,0,0.37,1,2026-08-30 10:24:00
TX003416,CUST01737,946.69,Net Banking,expired_card,4,2,410,17,0,0,0.2,0,2026-08-06 10:59:00
TX003417,CUST00507,2542.07,Net Banking,bank_timeout,1,2,1273,18,0,0,0.58,0,2026-08-19 19:12:00
TX003418,CUST02875,1349.92,UPI,insufficient_funds,3,2,645,6,0,0,0.29,0,2026-08-25 08:42:00
TX003419,CUST00632,301.08,Net Banking,insufficient_funds,2,2,123,17,1,0,0.2,0,2026-08-30 21:31:00
TX003420,CUST01274,644.09,UPI,bank_timeout,0,0,712,17,0,0,0.8,1,2026-08-03 13:07:00
TX003421,CUST02842,597.44,Credit Card,suspicious_transaction,2,2,1321,5,0,1,0.02,0,2026-08-23 13:35:00
TX003422,CUST01295,1015.14,UPI,authentication_failed,2,0,1200,21,0,0,0.33,0,2026-08-10 15:21:00
TX003423,CUST01478,1678.82,Debit Card,network_error,2,1,734,5,0,0,0.55,1,2026-08-22 22:56:00
TX003424,CUST01037,1666.04,Debit Card,network_error,0,1,542,18,0,0,0.67,1,2026-08-03 09:44:00
TX003425,CUST00200,185.67,Net Banking,bank_timeout,1,2,278,12,0,0,0.53,0,2026-08-21 19:41:00
TX003426,CUST01492,3177.79,Debit Card,network_error,1,2,467,17,0,0,0.53,1,2026-08-18 06:53:00
TX003427,CUST00085,1411.73,Wallet,bank_timeout,0,1,50,14,0,0,0.67,0,2026-08-17 02:54:00
TX003428,CUST02995,4378.81,Credit Card,expired_card,0,1,124,18,0,0,0.47,0,2026-08-11 03:05:00
TX003429,CUST00579,1709.91,Debit Card,insufficient_funds,0,0,814,4,0,0,0.63,0,2026-08-22 16:55:00
TX003430,CUST01216,3298.83,Credit Card,bank_timeout,0,0,446,4,0,0,0.8,1,2026-08-27 14:25:00
TX003431,CUST01218,1748.56,Credit Card,expired_card,1,2,530,8,0,0,0.38,0,2026-08-08 01:37:00
TX003432,CUST02809,4214.25,Credit Card,insufficient_funds,2,3,1212,8,0,0,0.27,0,2026-08-14 22:33:00
TX003433,CUST02477,1848.72,Debit Card,network_error,0,1,1039,3,0,0,0.67,0,2026-08-23 10:30:00
TX003434,CUST02907,994.35,Debit Card,expired_card,3,1,900,23,1,0,0.24,0,2026-08-13 17:40:00
TX003435,CUST00097,10640.63,Credit Card,bank_timeout,4,3,1364,4,0,0,0.32,0,2026-08-13 07:35:00
TX003436,CUST02911,2667.87,UPI,network_error,0,0,570,23,0,0,0.75,1,2026-08-04 16:13:00
TX003437,CUST00670,1946.41,Wallet,issuer_declined,1,0,33,11,1,0,0.29,0,2026-08-06 23:22:00
TX003438,CUST02179,306.03,Wallet,bank_timeout,1,2,598,21,0,0,0.58,1,2026-08-24 22:24:00
TX003439,CUST02942,302.38,Credit Card,insufficient_funds,4,3,1005,15,0,0,0.15,0,2026-08-15 11:43:00
TX003440,CUST02864,1469.56,Debit Card,bank_timeout,2,3,397,23,0,0,0.44,0,2026-08-10 19:52:00
TX003441,CUST02491,1268.41,Net Banking,network_error,1,0,706,3,1,0,0.59,1,2026-08-21 01:42:00
TX003442,CUST00677,593.41,UPI,issuer_declined,3,2,1428,16,0,0,0.16,0,2026-08-18 09:57:00
TX003443,CUST01407,1262.67,Credit Card,authentication_failed,0,1,976,7,1,1,0.19,1,2026-08-26 12:00:00
TX003444,CUST02326,5370.23,Wallet,bank_timeout,1,0,63,21,0,0,0.69,1,2026-08-29 08:09:00
TX003445,CUST00859,2198.22,Credit Card,insufficient_funds,3,1,216,4,0,0,0.32,0,2026-08-13 12:32:00
TX003446,CUST00351,350.37,Debit Card,insufficient_funds,0,0,1402,22,0,0,0.63,1,2026-08-30 01:51:00
TX003447,CUST02854,980.92,UPI,insufficient_funds,0,0,1,19,1,0,0.48,1,2026-08-30 19:39:00
TX003448,CUST02574,490.31,Net Banking,bank_timeout,0,0,1070,18,0,0,0.8,1,2026-08-12 03:56:00
TX003449,CUST02443,744.19,Debit Card,insufficient_funds,2,1,481,6,1,0,0.33,0,2026-08-29 09:23:00
TX003450,CUST02114,725.15,Net Banking,suspicious_transaction,0,1,913,19,1,0,0.02,1,2026-08-26 01:37:00
TX003451,CUST02154,680.18,Wallet,bank_timeout,0,0,1240,9,0,0,0.8,1,2026-08-13 17:28:00
TX003452,CUST00499,312.58,Credit Card,suspicious_transaction,0,1,1011,20,0,0,0.12,0,2026-08-16 12:06:00
TX003453,CUST02797,965.21,Wallet,issuer_declined,5,2,1178,3,0,1,0.02,0,2026-08-20 22:07:00
TX003454,CUST00721,626.03,Credit Card,issuer_declined,1,2,806,4,0,0,0.28,0,2026-08-05 18:00:00
TX003455,CUST02213,100.0,UPI,issuer_declined,1,0,632,7,0,0,0.44,0,2026-08-03 02:13:00
TX003456,CUST02794,8543.89,Debit Card,authentication_failed,0,1,791,8,0,0,0.37,0,2026-08-10 03:45:00
TX003457,CUST02352,3257.68,Debit Card,bank_timeout,2,3,920,8,0,0,0.44,0,2026-08-26 11:23:00
TX003458,CUST02753,752.72,Net Banking,insufficient_funds,2,2,1092,10,0,0,0.35,0,2026-08-04 21:58:00
TX003459,CUST00224,1117.47,Net Banking,expired_card,4,3,1313,4,0,0,0.12,1,2026-08-21 08:53:00
TX003460,CUST02560,339.8,Credit Card,expired_card,1,2,650,6,0,1,0.3,0,2026-08-13 16:27:00
TX003461,CUST02356,5977.29,Credit Card,authentication_failed,0,1,730,21,0,0,0.37,1,2026-08-12 18:32:00
TX003462,CUST01012,7312.12,Net Banking,insufficient_funds,0,0,600,1,0,0,0.63,1,2026-08-04 02:34:00
TX003463,CUST02085,1282.66,Net Banking,issuer_declined,2,1,885,22,0,0,0.3,1,2026-08-11 00:55:00
TX003464,CUST02738,3051.93,Credit Card,insufficient_funds,0,1,1017,3,0,0,0.55,1,2026-08-09 09:37:00
TX003465,CUST00297,1306.73,Credit Card,authentication_failed,0,1,938,21,0,0,0.37,0,2026-08-06 05:45:00
TX003466,CUST01505,288.09,Credit Card,bank_timeout,0,1,796,12,1,0,0.62,0,2026-08-01 00:55:00
TX003467,CUST01367,726.46,Net Banking,network_error,0,0,1430,6,1,0,0.65,1,2026-08-12 04:34:00
TX003468,CUST02609,1251.29,Net Banking,issuer_declined,0,1,889,23,0,0,0.42,0,2026-08-28 09:36:00
TX003469,CUST01818,696.07,Net Banking,network_error,0,1,90,13,1,0,0.52,0,2026-08-05 12:28:00
TX003470,CUST01139,881.25,Credit Card,issuer_declined,0,0,569,23,0,0,0.5,0,2026-08-15 01:22:00
TX003471,CUST01163,1000.85,Credit Card,issuer_declined,0,1,489,16,0,0,0.42,1,2026-08-04 14:39:00
TX003472,CUST01466,1011.43,Net Banking,network_error,2,0,666,8,0,0,0.63,1,2026-08-06 13:11:00
TX003473,CUST02145,1155.47,Credit Card,issuer_declined,1,1,630,2,0,0,0.36,0,2026-08-11 15:26:00
TX003474,CUST02572,379.71,UPI,issuer_declined,2,3,355,13,0,0,0.09,0,2026-08-04 17:44:00
TX003475,CUST02593,535.38,Credit Card,bank_timeout,2,1,252,10,0,1,0.47,1,2026-08-06 14:15:00
TX003476,CUST00867,303.51,Credit Card,expired_card,0,1,1048,8,0,0,0.52,1,2026-08-22 23:32:00
TX003477,CUST00292,2915.56,Debit Card,authentication_failed,1,0,952,20,0,0,0.39,1,2026-08-20 00:13:00
TX003478,CUST02245,133.53,Wallet,authentication_failed,1,0,824,21,0,0,0.39,0,2026-08-19 05:38:00
TX003479,CUST02014,3475.84,Net Banking,network_error,0,1,971,23,0,0,0.67,1,2026-08-18 22:24:00
TX003480,CUST00192,4386.77,Wallet,issuer_declined,0,1,1313,4,0,0,0.42,0,2026-08-09 10:07:00
TX003481,CUST00290,810.64,Net Banking,issuer_declined,0,1,1084,4,0,0,0.42,0,2026-08-22 07:12:00
TX003482,CUST01477,100.0,Debit Card,network_error,0,0,883,2,0,0,0.75,1,2026-08-19 20:22:00
TX003483,CUST02488,764.09,Credit Card,insufficient_funds,1,2,476,20,0,0,0.41,1,2026-08-03 19:23:00
TX003484,CUST01557,1028.46,Net Banking,bank_timeout,0,1,415,18,1,0,0.62,0,2026-08-12 16:39:00
TX003485,CUST01013,399.18,UPI,bank_timeout,1,0,1161,7,0,1,0.66,1,2026-08-06 02:22:00
TX003486,CUST02083,655.1,Debit Card,expired_card,0,1,1028,17,0,0,0.52,1,2026-08-07 01:44:00
TX003487,CUST02853,5065.43,Debit Card,issuer_declined,1,0,704,2,0,0,0.44,0,2026-08-12 12:17:00
TX003488,CUST01420,2132.24,Net Banking,network_error,1,1,150,14,0,0,0.56,1,2026-08-23 19:57:00
TX003489,CUST01869,435.04,UPI,expired_card,0,1,869,19,0,0,0.52,0,2026-08-10 06:05:00
TX003490,CUST02223,221.94,Wallet,issuer_declined,3,3,1361,8,1,0,0.02,0,2026-08-15 21:11:00
TX003491,CUST02796,790.75,Net Banking,authentication_failed,1,2,1259,23,0,0,0.23,0,2026-08-20 16:02:00
TX003492,CUST00529,885.85,Debit Card,authentication_failed,4,2,1299,15,0,0,0.05,0,2026-08-18 21:37:00
TX003493,CUST02802,1801.18,Wallet,issuer_declined,0,1,240,15,0,0,0.37,0,2026-08-26 16:40:00
TX003494,CUST02978,642.06,Wallet,authentication_failed,0,0,269,20,0,0,0.4,0,2026-08-04 12:11:00
TX003495,CUST02486,1828.95,UPI,expired_card,5,2,1476,23,0,0,0.14,1,2026-08-25 13:51:00
TX003496,CUST02706,7594.31,Net Banking,bank_timeout,3,0,749,20,1,1,0.44,1,2026-08-17 00:18:00
TX003497,CUST02995,2478.73,Net Banking,bank_timeout,0,1,855,22,0,1,0.64,1,2026-08-20 08:14:00
TX003498,CUST01672,1045.15,Credit Card,expired_card,0,0,1389,11,1,0,0.5,1,2026-08-06 23:36:00
TX003499,CUST01570,913.1,Credit Card,issuer_declined,1,0,567,0,0,0,0.44,1,2026-08-28 02:13:00
TX003500,CUST02159,767.64,Debit Card,bank_timeout,0,0,126,4,0,0,0.75,1,2026-08-16 18:29:00
TX003501,CUST00202,3571.14,Net Banking,issuer_declined,0,0,506,5,0,0,0.5,0,2026-08-26 17:08:00
TX003502,CUST02491,585.63,Net Banking,bank_timeout,0,0,620,6,1,0,0.7,1,2026-08-23 00:53:00
TX003503,CUST00395,1147.36,Wallet,bank_timeout,1,2,1413,7,0,0,0.58,0,2026-08-22 14:30:00
TX003504,CUST02579,1154.24,Credit Card,insufficient_funds,0,1,903,12,1,0,0.45,1,2026-08-11 06:01:00
TX003505,CUST01383,663.96,Debit Card,issuer_declined,4,2,959,3,0,0,0.1,0,2026-08-16 10:55:00
TX003506,CUST02799,277.98,Credit Card,insufficient_funds,2,1,1244,8,0,0,0.43,0,2026-08-04 03:20:00
TX003507,CUST01417,1514.7,UPI,suspicious_transaction,0,1,456,20,0,1,0.04,0,2026-08-29 03:49:00
TX003508,CUST02211,1031.73,Wallet,expired_card,0,0,590,14,0,0,0.6,0,2026-08-26 17:05:00
TX003509,CUST00287,1808.48,Credit Card,expired_card,1,0,453,14,0,0,0.54,1,2026-08-21 02:20:00
TX003510,CUST01420,643.16,Wallet,issuer_declined,1,1,646,14,0,1,0.28,0,2026-08-09 05:26:00
TX003511,CUST00346,3717.55,UPI,insufficient_funds,1,0,69,22,0,0,0.52,0,2026-08-28 05:13:00
TX003512,CUST00364,456.33,UPI,bank_timeout,0,1,389,12,0,0,0.72,1,2026-08-12 10:08:00
TX003513,CUST00862,6075.63,Credit Card,network_error,1,1,1205,2,0,0,0.61,0,2026-08-01 08:08:00
TX003514,CUST02587,191.02,UPI,insufficient_funds,0,1,816,22,0,0,0.55,1,2026-08-03 03:17:00
TX003515,CUST02570,1693.87,Wallet,authentication_failed,4,2,1370,15,1,0,0.02,0,2026-08-25 14:16:00
TX003516,CUST01525,1764.16,Credit Card,bank_timeout,0,0,123,21,0,0,0.75,1,2026-08-24 09:56:00
TX003517,CUST02994,494.94,Net Banking,expired_card,1,1,678,9,0,0,0.46,1,2026-08-08 12:59:00
TX003518,CUST02265,1676.38,Debit Card,suspicious_transaction,1,0,593,8,0,0,0.14,0,2026-08-14 01:31:00
TX003519,CUST01551,3942.3,Debit Card,expired_card,5,3,1083,9,0,0,0.06,0,2026-08-19 16:43:00
TX003520,CUST00823,119.48,Debit Card,bank_timeout,0,0,643,2,0,0,0.8,1,2026-08-23 17:48:00
TX003521,CUST01622,1813.01,Wallet,expired_card,0,1,1188,13,0,0,0.52,1,2026-08-30 03:40:00
TX003522,CUST00937,100.0,Credit Card,insufficient_funds,0,0,1167,12,0,0,0.63,0,2026-08-05 00:25:00
TX003523,CUST00036,417.52,Wallet,bank_timeout,5,1,668,2,0,0,0.42,0,2026-08-27 18:06:00
TX003524,CUST02597,5592.41,Debit Card,authentication_failed,0,0,471,15,0,1,0.37,1,2026-08-07 13:12:00
TX003525,CUST01760,612.91,Debit Card,bank_timeout,0,1,95,17,1,0,0.57,1,2026-08-27 20:48:00
TX003526,CUST02292,339.04,Credit Card,bank_timeout,1,0,741,20,0,0,0.74,0,2026-08-09 15:44:00
TX003527,CUST02483,899.7,Credit Card,bank_timeout,1,0,179,22,0,0,0.69,0,2026-08-26 20:09:00
TX003528,CUST01615,8672.45,Credit Card,insufficient_funds,0,1,1387,20,0,0,0.55,1,2026-08-03 11:27:00
TX003529,CUST02236,175.62,Net Banking,insufficient_funds,0,1,1022,12,0,0,0.55,1,2026-08-20 22:44:00
TX003530,CUST02072,383.25,Credit Card,issuer_declined,0,1,773,19,0,0,0.42,0,2026-08-01 05:19:00
TX003531,CUST02786,4902.16,Wallet,expired_card,0,1,1036,5,0,0,0.52,0,2026-08-01 17:54:00
TX003532,CUST02169,7028.32,Debit Card,issuer_declined,0,1,339,18,0,0,0.37,0,2026-08-07 15:50:00
TX003533,CUST00864,988.88,Credit Card,issuer_declined,2,1,1000,7,0,0,0.3,0,2026-08-19 18:57:00
TX003534,CUST02214,317.65,Wallet,network_error,1,0,1491,21,0,0,0.69,0,2026-08-11 23:11:00
TX003535,CUST01038,8918.15,Debit Card,authentication_failed,5,3,815,3,1,0,0.02,0,2026-08-28 06:48:00
TX003536,CUST02986,5401.56,Net Banking,bank_timeout,0,1,1052,12,0,0,0.72,1,2026-08-24 15:55:00
TX003537,CUST02849,2162.34,Wallet,suspicious_transaction,4,1,557,8,0,0,0.02,0,2026-08-12 04:29:00
TX003538,CUST02787,486.68,Wallet,issuer_declined,1,1,1274,22,0,0,0.36,1,2026-08-14 15:20:00
TX003539,CUST01119,1044.16,UPI,authentication_failed,5,1,1425,20,0,0,0.07,0,2026-08-02 06:12:00
TX003540,CUST00497,934.15,Net Banking,insufficient_funds,0,1,862,18,1,0,0.45,0,2026-08-10 06:15:00
TX003541,CUST02024,1526.68,Net Banking,expired_card,2,0,187,21,0,0,0.43,0,2026-08-04 11:51:00
TX003542,CUST01580,4679.76,Credit Card,bank_timeout,2,1,64,0,0,0,0.55,1,2026-08-07 21:55:00
TX003543,CUST00886,2642.33,UPI,suspicious_transaction,0,1,1305,21,0,1,0.04,0,2026-08-28 00:25:00
TX003544,CUST02267,373.39,Credit Card,bank_timeout,1,0,501,3,0,0,0.74,1,2026-08-02 14:11:00
TX003545,CUST00461,4343.76,Credit Card,expired_card,1,0,201,21,0,0,0.49,1,2026-08-27 04:22:00
TX003546,CUST02857,1499.87,UPI,bank_timeout,0,0,1344,18,0,0,0.8,1,2026-08-22 01:37:00
TX003547,CUST01541,2179.97,Debit Card,authentication_failed,3,1,603,9,0,0,0.19,0,2026-08-24 05:23:00
TX003548,CUST01971,4753.05,UPI,issuer_declined,0,1,1473,15,0,0,0.42,1,2026-08-29 12:08:00
TX003549,CUST00240,360.83,Wallet,insufficient_funds,0,0,1092,5,0,0,0.63,1,2026-08-29 08:44:00
TX003550,CUST00973,1058.04,Wallet,bank_timeout,3,1,580,20,0,0,0.54,1,2026-08-10 07:48:00
TX003551,CUST00688,644.55,UPI,issuer_declined,1,0,768,19,0,0,0.44,1,2026-08-04 11:05:00
TX003552,CUST02238,228.64,Credit Card,bank_timeout,2,2,383,22,0,0,0.52,1,2026-08-02 22:53:00
TX003553,CUST00672,1551.09,UPI,issuer_declined,0,1,1156,11,0,0,0.42,0,2026-08-10 18:57:00
TX003554,CUST00686,13515.01,Net Banking,insufficient_funds,0,0,822,14,0,0,0.63,1,2026-08-22 07:29:00
TX003555,CUST02200,174.15,Net Banking,network_error,4,0,368,10,1,0,0.41,1,2026-08-12 16:15:00
TX003556,CUST00694,1061.8,Net Banking,insufficient_funds,2,1,351,1,0,0,0.38,0,2026-08-16 09:11:00
TX003557,CUST00855,2080.87,UPI,issuer_declined,1,1,405,2,0,0,0.36,1,2026-08-16 14:20:00
TX003558,CUST00113,1240.26,Net Banking,issuer_declined,0,1,1028,10,0,0,0.42,0,2026-08-21 07:47:00
TX003559,CUST00256,979.33,Credit Card,network_error,1,1,926,19,0,0,0.61,1,2026-08-11 08:11:00
TX003560,CUST00098,299.1,Net Banking,issuer_declined,1,0,696,16,0,0,0.44,0,2026-08-04 19:58:00
TX003561,CUST02038,1384.07,Credit Card,insufficient_funds,1,2,907,7,0,0,0.41,1,2026-08-02 04:10:00
TX003562,CUST00483,514.52,Wallet,authentication_failed,0,1,222,2,0,1,0.24,1,2026-08-02 06:14:00
TX003563,CUST01750,122.74,Credit Card,authentication_failed,1,0,1266,19,1,1,0.21,0,2026-08-19 06:14:00
TX003564,CUST01290,3621.31,UPI,bank_timeout,1,2,560,15,0,0,0.58,1,2026-08-18 21:07:00
TX003565,CUST01113,2859.45,Wallet,issuer_declined,2,3,1161,13,0,0,0.14,0,2026-08-29 16:57:00
TX003566,CUST02693,1154.78,UPI,bank_timeout,4,2,115,14,0,0,0.35,1,2026-08-14 13:14:00
TX003567,CUST02225,1378.95,UPI,suspicious_transaction,1,2,1068,3,0,0,0.02,0,2026-08-13 11:41:00
TX003568,CUST01374,3210.94,Net Banking,insufficient_funds,1,1,900,13,0,0,0.49,1,2026-08-13 04:41:00
TX003569,CUST02313,1372.43,Net Banking,network_error,0,0,1164,4,0,0,0.75,1,2026-08-04 10:01:00
TX003570,CUST01980,2708.14,Net Banking,network_error,0,0,1363,6,0,0,0.75,0,2026-08-11 11:13:00
TX003571,CUST01251,814.45,Net Banking,insufficient_funds,0,1,1346,4,0,0,0.55,1,2026-08-29 02:13:00
TX003572,CUST01448,4072.38,Wallet,expired_card,0,1,1074,18,0,0,0.52,1,2026-08-23 20:21:00
TX003573,CUST02044,1511.39,Credit Card,suspicious_transaction,4,1,441,20,0,0,0.02,0,2026-08-29 12:52:00
TX003574,CUST00066,1331.49,Credit Card,network_error,0,0,1179,16,0,0,0.75,1,2026-08-25 01:16:00
TX003575,CUST01263,307.95,Net Banking,issuer_declined,0,0,1388,14,0,0,0.5,1,2026-08-18 21:09:00
TX003576,CUST02774,1461.12,Debit Card,bank_timeout,0,0,1133,23,0,0,0.8,1,2026-08-08 01:52:00
TX003577,CUST01939,477.25,Credit Card,issuer_declined,5,1,481,9,0,0,0.12,0,2026-08-03 13:44:00
TX003578,CUST00428,579.24,Net Banking,insufficient_funds,0,0,239,8,0,0,0.58,1,2026-08-09 22:21:00
TX003579,CUST01047,485.23,Debit Card,bank_timeout,3,1,822,5,0,0,0.54,1,2026-08-10 21:11:00
TX003580,CUST00799,377.57,Debit Card,insufficient_funds,0,1,746,11,0,0,0.55,0,2026-08-30 16:36:00
TX003581,CUST01256,9179.9,Credit Card,issuer_declined,0,0,173,2,1,0,0.35,0,2026-08-13 01:25:00
TX003582,CUST01201,4151.97,Wallet,issuer_declined,1,0,166,20,0,0,0.39,1,2026-08-29 11:10:00
TX003583,CUST01230,7482.84,Net Banking,issuer_declined,0,1,153,5,0,0,0.37,0,2026-08-13 10:18:00
TX003584,CUST02012,322.82,Wallet,bank_timeout,0,1,591,5,0,0,0.72,0,2026-08-08 21:32:00
TX003585,CUST01038,1177.62,Net Banking,network_error,0,1,768,20,0,0,0.67,1,2026-08-01 02:17:00
TX003586,CUST00251,300.81,Net Banking,issuer_declined,0,1,1334,2,0,0,0.42,1,2026-08-26 21:19:00
TX003587,CUST00727,546.92,Credit Card,bank_timeout,4,1,533,10,0,0,0.48,1,2026-08-23 21:35:00
TX003588,CUST00376,437.85,Credit Card,issuer_declined,5,1,980,17,0,0,0.12,0,2026-08-08 15:29:00
TX003589,CUST01264,3787.96,Credit Card,network_error,5,0,551,20,0,0,0.45,0,2026-08-27 20:48:00
TX003590,CUST01595,737.87,UPI,network_error,0,1,497,23,0,0,0.67,1,2026-08-07 16:36:00
TX003591,CUST00262,3191.92,Wallet,authentication_failed,1,2,1288,1,0,1,0.15,1,2026-08-13 02:49:00
TX003592,CUST01794,2006.45,UPI,issuer_declined,0,0,338,10,1,0,0.35,1,2026-08-19 21:38:00
TX003593,CUST00181,10977.89,UPI,authentication_failed,2,1,985,5,0,0,0.25,0,2026-08-24 06:37:00
TX003594,CUST00930,249.77,Credit Card,bank_timeout,0,1,164,8,0,0,0.67,1,2026-08-17 22:14:00
TX003595,CUST00151,3863.13,Net Banking,expired_card,2,3,1035,8,0,0,0.24,0,2026-08-14 00:17:00
TX003596,CUST00348,3451.07,Debit Card,authentication_failed,0,1,29,20,0,0,0.32,1,2026-08-25 06:27:00
TX003597,CUST01734,414.31,UPI,network_error,0,1,348,16,0,0,0.62,0,2026-08-28 06:56:00
TX003598,CUST01120,3002.3,Net Banking,suspicious_transaction,1,2,895,6,0,0,0.02,0,2026-08-28 16:58:00
TX003599,CUST02064,1534.78,Credit Card,insufficient_funds,0,1,1022,15,0,0,0.55,0,2026-08-25 07:58:00
TX003600,CUST00856,873.51,Net Banking,insufficient_funds,0,1,1475,20,1,0,0.45,1,2026-08-13 09:44:00
TX003601,CUST02990,481.09,Wallet,bank_timeout,0,1,471,18,1,0,0.62,0,2026-08-20 17:39:00
TX003602,CUST00105,534.26,Credit Card,insufficient_funds,2,3,1268,20,0,0,0.27,1,2026-08-29 02:22:00
TX003603,CUST01717,8516.94,Credit Card,issuer_declined,1,1,36,15,0,1,0.23,1,2026-08-03 14:11:00
TX003604,CUST00363,1097.38,Wallet,issuer_declined,0,0,778,9,0,0,0.5,1,2026-08-02 01:29:00
TX003605,CUST00536,2397.38,Debit Card,issuer_declined,0,1,1243,20,0,0,0.42,1,2026-08-08 04:00:00
TX003606,CUST01133,497.25,Credit Card,insufficient_funds,1,2,1210,10,1,0,0.31,0,2026-08-17 11:58:00
TX003607,CUST01322,502.78,Net Banking,authentication_failed,1,1,1148,23,0,0,0.31,0,2026-08-08 00:59:00
TX003608,CUST01353,3235.65,UPI,bank_timeout,4,2,859,14,0,0,0.4,1,2026-08-23 09:08:00
TX003609,CUST01330,284.41,Credit Card,authentication_failed,3,1,1273,8,0,0,0.19,0,2026-08-15 21:59:00
TX003610,CUST00664,724.0,Credit Card,network_error,0,1,1390,18,0,0,0.67,1,2026-08-03 17:46:00
TX003611,CUST00918,1134.59,Wallet,issuer_declined,0,0,121,17,0,1,0.37,0,2026-08-04 17:43:00
TX003612,CUST00528,1225.83,Debit Card,bank_timeout,1,1,963,10,0,0,0.66,1,2026-08-10 04:19:00
TX003613,CUST02768,916.82,Wallet,authentication_failed,0,0,684,5,0,0,0.45,1,2026-08-20 18:27:00
TX003614,CUST00687,1629.16,UPI,issuer_declined,1,0,46,12,0,0,0.39,0,2026-08-04 11:15:00
TX003615,CUST00283,2192.63,Wallet,insufficient_funds,1,0,920,4,0,0,0.57,0,2026-08-28 10:53:00
TX003616,CUST00773,2286.18,Credit Card,expired_card,0,0,1458,19,1,1,0.42,0,2026-08-18 12:04:00
TX003617,CUST00198,409.2,Credit Card,bank_timeout,2,1,126,16,0,0,0.55,1,2026-08-30 14:05:00
TX003618,CUST01235,825.38,Credit Card,insufficient_funds,2,3,112,21,0,1,0.14,0,2026-08-10 01:35:00
TX003619,CUST00358,3621.93,Credit Card,insufficient_funds,1,0,1498,5,0,1,0.49,0,2026-08-19 21:50:00
TX003620,CUST01989,2682.88,Net Banking,insufficient_funds,1,1,932,7,0,0,0.49,0,2026-08-18 04:18:00
TX003621,CUST01275,277.87,Debit Card,issuer_declined,0,0,427,8,0,0,0.5,0,2026-08-12 09:11:00
TX003622,CUST00828,1558.5,Debit Card,network_error,2,0,104,4,0,0,0.58,1,2026-08-10 08:22:00
TX003623,CUST00963,151.68,UPI,insufficient_funds,2,1,394,22,0,0,0.43,0,2026-08-10 08:45:00
TX003624,CUST01496,1149.33,UPI,issuer_declined,1,1,689,23,0,0,0.36,1,2026-08-12 09:30:00
TX003625,CUST00072,7315.62,Net Banking,bank_timeout,2,0,790,14,0,0,0.68,1,2026-08-06 14:40:00
TX003626,CUST01217,425.01,Debit Card,network_error,1,0,220,13,0,0,0.64,1,2026-08-12 14:30:00
TX003627,CUST02708,476.12,Credit Card,insufficient_funds,3,3,511,1,0,0,0.21,0,2026-08-15 21:22:00
TX003628,CUST01958,2354.37,Credit Card,issuer_declined,1,0,469,23,0,0,0.44,0,2026-08-10 09:16:00
TX003629,CUST01860,234.44,Net Banking,network_error,0,0,1100,8,0,0,0.75,1,2026-08-04 20:26:00
TX003630,CUST02424,582.45,Wallet,suspicious_transaction,0,1,170,12,0,0,0.07,0,2026-08-27 13:51:00
TX003631,CUST01132,1991.1,Debit Card,authentication_failed,0,1,612,13,0,0,0.37,1,2026-08-27 14:04:00
TX003632,CUST00025,581.56,UPI,issuer_declined,4,1,621,4,0,0,0.18,0,2026-08-18 02:20:00
TX003633,CUST02030,866.13,Wallet,issuer_declined,0,0,142,16,0,0,0.45,0,2026-08-16 18:38:00
TX003634,CUST00185,2308.11,UPI,authentication_failed,0,1,90,23,0,0,0.32,1,2026-08-23 07:18:00
TX003635,CUST00587,1671.62,Debit Card,authentication_failed,2,0,118,22,0,1,0.2,0,2026-08-02 11:26:00
TX003636,CUST02602,1431.99,Net Banking,issuer_declined,2,3,88,21,0,0,0.09,0,2026-08-14 13:34:00
TX003637,CUST00052,781.24,Net Banking,insufficient_funds,0,0,790,8,0,0,0.63,1,2026-08-16 17:10:00
TX003638,CUST01183,1587.73,Credit Card,network_error,2,1,258,17,0,0,0.5,0,2026-08-16 09:40:00
TX003639,CUST00370,969.0,Debit Card,expired_card,0,1,1068,16,1,0,0.42,0,2026-08-15 19:05:00
TX003640,CUST01495,1733.34,Net Banking,expired_card,0,1,850,17,0,0,0.52,0,2026-08-26 17:51:00
TX003641,CUST00982,667.19,Net Banking,suspicious_transaction,0,1,835,20,1,0,0.02,0,2026-08-06 10:26:00
TX003642,CUST02850,913.63,Net Banking,bank_timeout,3,1,425,18,0,0,0.54,1,2026-08-12 20:51:00
TX003643,CUST01522,407.5,UPI,insufficient_funds,0,1,138,18,0,0,0.5,0,2026-08-20 13:17:00
TX003644,CUST02325,1058.91,Net Banking,authentication_failed,3,3,1188,15,0,0,0.03,0,2026-08-24 02:17:00
TX003645,CUST02571,487.36,Wallet,suspicious_transaction,2,0,1171,13,0,1,0.02,0,2026-08-29 12:49:00
TX003646,CUST00209,359.95,Debit Card,network_error,0,0,370,11,0,0,0.75,1,2026-08-07 01:25:00
TX003647,CUST00963,1420.35,UPI,suspicious_transaction,0,1,831,18,0,0,0.12,1,2026-08-18 18:28:00
TX003648,CUST00835,1356.6,UPI,network_error,0,1,500,14,0,0,0.67,0,2026-08-17 12:17:00
TX003649,CUST02734,2399.16,Debit Card,issuer_declined,0,1,308,5,0,0,0.37,1,2026-08-22 09:51:00
TX003650,CUST00845,712.57,Debit Card,insufficient_funds,0,1,341,19,0,0,0.5,1,2026-08-14 13:27:00
TX003651,CUST00035,1649.21,UPI,bank_timeout,2,3,417,0,0,0,0.44,0,2026-08-08 22:10:00
TX003652,CUST02906,1902.26,Net Banking,issuer_declined,1,1,424,23,0,0,0.36,0,2026-08-16 13:03:00
TX003653,CUST01693,1710.9,UPI,bank_timeout,1,0,27,7,0,0,0.69,1,2026-08-20 12:52:00
TX003654,CUST02755,480.27,Wallet,issuer_declined,1,1,285,21,1,0,0.21,0,2026-08-03 21:59:00
TX003655,CUST02909,1273.3,UPI,bank_timeout,4,0,956,15,0,1,0.48,0,2026-08-30 00:22:00
TX003656,CUST01603,1578.36,Net Banking,issuer_declined,0,1,984,5,0,0,0.42,1,2026-08-15 20:28:00
TX003657,CUST02382,1104.53,Wallet,issuer_declined,0,0,1401,15,0,0,0.5,0,2026-08-28 08:41:00
TX003658,CUST01140,136.12,UPI,authentication_failed,1,0,707,20,0,0,0.39,1,2026-08-10 03:24:00
TX003659,CUST00637,1287.54,Debit Card,network_error,0,1,1411,10,0,0,0.67,1,2026-08-16 13:53:00
TX003660,CUST00195,10021.93,Credit Card,bank_timeout,0,1,1138,1,0,1,0.64,0,2026-08-19 02:44:00
TX003661,CUST01351,765.06,Credit Card,issuer_declined,3,2,1110,19,1,0,0.06,0,2026-08-28 06:41:00
TX003662,CUST02070,529.49,Credit Card,insufficient_funds,3,0,1461,2,0,0,0.45,0,2026-08-23 14:28:00
TX003663,CUST01695,1592.96,Debit Card,insufficient_funds,0,0,837,11,0,0,0.63,1,2026-08-08 13:53:00
TX003664,CUST00549,1498.74,Net Banking,bank_timeout,1,1,1345,8,0,0,0.66,0,2026-08-06 23:07:00
TX003665,CUST02305,3614.6,Debit Card,insufficient_funds,0,1,389,21,0,0,0.55,0,2026-08-15 13:21:00
TX003666,CUST01877,311.73,Net Banking,authentication_failed,5,3,158,23,0,0,0.02,0,2026-08-20 21:14:00
TX003667,CUST01406,2278.75,Debit Card,bank_timeout,2,0,1449,18,0,0,0.68,1,2026-08-19 05:12:00
TX003668,CUST01817,1979.15,Wallet,bank_timeout,4,2,1211,6,0,1,0.32,1,2026-08-13 23:03:00
TX003669,CUST00357,951.32,Credit Card,expired_card,0,1,218,17,0,0,0.47,1,2026-08-25 04:03:00
TX003670,CUST02019,1538.69,Wallet,bank_timeout,4,1,2,21,0,0,0.43,0,2026-08-29 20:22:00
TX003671,CUST02917,3070.08,Credit Card,insufficient_funds,1,0,324,0,0,0,0.52,1,2026-08-22 16:43:00
TX003672,CUST01756,2623.63,Credit Card,insufficient_funds,4,1,1325,14,0,0,0.31,0,2026-08-18 01:57:00
TX003673,CUST01482,349.67,Net Banking,insufficient_funds,1,0,1187,20,0,0,0.57,0,2026-08-15 20:03:00
TX003674,CUST02009,2490.3,Debit Card,authentication_failed,3,3,1002,15,1,0,0.02,0,2026-08-10 03:47:00
TX003675,CUST02462,1027.94,Credit Card,bank_timeout,0,0,1210,23,0,0,0.8,1,2026-08-26 00:28:00
TX003676,CUST02678,1179.53,Wallet,insufficient_funds,4,0,725,16,0,0,0.39,1,2026-08-08 07:40:00
TX003677,CUST01354,1179.91,Credit Card,suspicious_transaction,0,0,866,13,0,0,0.2,0,2026-08-24 03:17:00
TX003678,CUST00200,943.65,UPI,insufficient_funds,1,1,29,2,0,0,0.44,0,2026-08-28 16:31:00
TX003679,CUST01913,3610.88,UPI,bank_timeout,0,0,72,14,0,0,0.75,1,2026-08-18 20:42:00
TX003680,CUST01807,1008.56,Credit Card,expired_card,2,2,500,12,0,0,0.32,0,2026-08-02 11:25:00
TX003681,CUST02272,357.97,Wallet,issuer_declined,0,1,1179,12,0,0,0.42,1,2026-08-10 03:41:00
TX003682,CUST00055,739.87,Debit Card,issuer_declined,4,2,1341,22,0,0,0.1,0,2026-08-27 12:42:00
TX003683,CUST02688,1311.2,UPI,bank_timeout,0,1,30,18,0,0,0.67,1,2026-08-09 06:10:00
TX003684,CUST01285,3748.89,Wallet,insufficient_funds,1,2,75,23,0,0,0.36,1,2026-08-26 09:17:00
TX003685,CUST02222,2004.39,Net Banking,expired_card,5,3,882,1,0,0,0.06,0,2026-08-24 19:53:00
TX003686,CUST02365,468.47,Debit Card,authentication_failed,2,1,635,0,0,0,0.25,0,2026-08-22 09:47:00
TX003687,CUST02254,13163.33,Credit Card,insufficient_funds,0,0,44,16,1,0,0.48,1,2026-08-26 20:55:00
TX003688,CUST02722,1429.06,Credit Card,expired_card,3,3,1446,0,0,0,0.18,0,2026-08-08 14:14:00
TX003689,CUST00019,3926.06,Net Banking,bank_timeout,4,0,1129,10,1,0,0.46,0,2026-08-04 12:50:00
TX003690,CUST01925,942.26,Wallet,insufficient_funds,0,1,832,14,0,0,0.55,0,2026-08-26 10:13:00
TX003691,CUST02264,1869.37,Wallet,bank_timeout,0,0,121,4,0,0,0.75,1,2026-08-20 22:15:00
TX003692,CUST01106,2538.86,UPI,issuer_declined,1,0,488,21,0,0,0.44,1,2026-08-20 22:18:00
TX003693,CUST02003,3707.8,Wallet,insufficient_funds,1,2,348,8,0,0,0.36,0,2026-08-18 04:52:00
TX003694,CUST01326,3156.97,Debit Card,network_error,1,0,830,9,0,0,0.69,0,2026-08-17 13:01:00
TX003695,CUST00389,2623.32,Debit Card,issuer_declined,1,0,728,14,0,0,0.44,1,2026-08-24 14:01:00
TX003696,CUST02179,800.24,Credit Card,suspicious_transaction,0,1,1341,19,0,1,0.04,0,2026-08-24 16:39:00
TX003697,CUST01497,619.09,UPI,network_error,0,0,645,23,0,0,0.75,0,2026-08-25 17:35:00
TX003698,CUST01411,1529.36,UPI,issuer_declined,0,1,1013,1,0,1,0.34,0,2026-08-25 05:08:00
TX003699,CUST00038,2788.13,Wallet,insufficient_funds,1,0,139,18,0,0,0.52,0,2026-08-09 01:51:00
TX003700,CUST01987,877.68,Debit Card,insufficient_funds,0,0,1282,9,0,0,0.63,1,2026-08-11 23:17:00
TX003701,CUST00847,3181.7,Wallet,insufficient_funds,0,1,284,8,0,0,0.5,1,2026-08-15 10:01:00
TX003702,CUST01382,4687.32,Net Banking,authentication_failed,4,1,825,6,0,1,0.05,0,2026-08-08 13:31:00
TX003703,CUST01104,438.64,Credit Card,insufficient_funds,0,1,330,22,0,0,0.5,0,2026-08-27 09:31:00
TX003704,CUST01896,474.89,Debit Card,insufficient_funds,2,1,442,20,0,0,0.43,0,2026-08-30 15:33:00
TX003705,CUST01144,953.01,Net Banking,insufficient_funds,0,0,847,16,1,0,0.53,1,2026-08-06 14:11:00
TX003706,CUST02502,1491.61,Credit Card,bank_timeout,1,1,185,22,0,0,0.61,0,2026-08-07 08:22:00
TX003707,CUST02091,649.0,UPI,authentication_failed,2,3,380,11,0,0,0.09,0,2026-08-05 07:32:00
TX003708,CUST02056,4239.51,Debit Card,issuer_declined,0,0,1105,19,0,0,0.5,0,2026-08-11 21:05:00
TX003709,CUST00351,1675.84,Debit Card,network_error,0,0,711,12,0,0,0.75,0,2026-08-23 23:41:00
TX003710,CUST00618,1140.76,Net Banking,insufficient_funds,0,1,1255,0,0,0,0.55,0,2026-08-25 21:06:00
TX003711,CUST01558,260.89,Debit Card,insufficient_funds,0,1,1340,4,1,0,0.45,0,2026-08-17 16:31:00
TX003712,CUST00245,294.18,Wallet,insufficient_funds,3,3,1099,10,0,0,0.21,0,2026-08-20 22:41:00
TX003713,CUST01584,1452.45,UPI,expired_card,1,2,359,6,1,0,0.23,0,2026-08-20 23:54:00
TX003714,CUST00726,129.98,Wallet,insufficient_funds,1,1,810,14,0,0,0.49,1,2026-08-04 13:14:00
TX003715,CUST01625,3018.87,Credit Card,issuer_declined,3,2,794,1,1,0,0.06,0,2026-08-07 22:17:00
TX003716,CUST02106,936.22,UPI,issuer_declined,0,1,639,19,1,0,0.32,1,2026-08-23 17:42:00
TX003717,CUST01153,28087.87,Wallet,bank_timeout,0,0,521,20,0,0,0.8,1,2026-08-11 09:50:00
TX003718,CUST00390,11024.95,UPI,network_error,1,1,844,7,0,0,0.61,0,2026-08-07 12:56:00
TX003719,CUST02147,914.66,Debit Card,issuer_declined,0,0,595,0,0,0,0.5,0,2026-08-18 05:16:00
TX003720,CUST00624,986.01,Credit Card,authentication_failed,0,0,1299,0,0,0,0.45,1,2026-08-18 09:57:00
TX003721,CUST02995,2967.82,Net Banking,network_error,2,0,375,12,0,0,0.63,1,2026-08-29 23:55:00
TX003722,CUST00426,6021.99,Net Banking,issuer_declined,1,0,1047,20,0,0,0.44,0,2026-08-07 02:28:00
TX003723,CUST01280,213.14,Debit Card,bank_timeout,0,1,1284,15,0,0,0.72,0,2026-08-11 01:13:00
TX003724,CUST00605,183.76,UPI,insufficient_funds,0,0,1400,8,0,0,0.63,1,2026-08-09 21:02:00
TX003725,CUST01420,588.73,Debit Card,network_error,3,0,944,2,0,0,0.57,1,2026-08-22 02:52:00
TX003726,CUST00703,1964.0,Wallet,insufficient_funds,0,0,1355,21,1,0,0.53,0,2026-08-02 09:14:00
TX003727,CUST01744,1802.4,Net Banking,insufficient_funds,0,1,480,7,0,0,0.55,1,2026-08-04 16:00:00
TX003728,CUST01044,3196.37,Net Banking,insufficient_funds,0,1,136,5,0,0,0.5,0,2026-08-08 13:08:00
TX003729,CUST01199,330.4,Wallet,bank_timeout,0,0,1040,21,0,1,0.72,0,2026-08-09 05:41:00
TX003730,CUST00195,108.19,Wallet,insufficient_funds,5,2,285,3,0,0,0.12,0,2026-08-06 11:17:00
TX003731,CUST00647,2586.38,Net Banking,expired_card,0,0,671,1,0,0,0.6,0,2026-08-13 16:15:00
TX003732,CUST02459,479.05,UPI,issuer_declined,1,0,111,7,0,0,0.39,1,2026-08-03 02:03:00
TX003733,CUST00690,145.69,Net Banking,issuer_declined,0,0,491,17,0,0,0.5,1,2026-08-11 13:22:00
TX003734,CUST01974,1267.83,Net Banking,issuer_declined,0,1,317,23,0,0,0.37,0,2026-08-09 16:42:00
TX003735,CUST00921,2424.0,UPI,insufficient_funds,1,0,589,17,0,0,0.57,1,2026-08-30 12:43:00
TX003736,CUST00192,970.63,Wallet,issuer_declined,0,0,558,21,0,0,0.5,1,2026-08-27 14:29:00
TX003737,CUST00114,693.78,Debit Card,bank_timeout,0,0,956,15,0,1,0.72,1,2026-08-12 12:29:00
TX003738,CUST01184,935.09,Debit Card,insufficient_funds,1,2,220,22,1,0,0.26,0,2026-08-01 10:47:00
TX003739,CUST00122,757.04,Credit Card,network_error,0,1,1086,12,0,0,0.67,0,2026-08-22 19:02:00
TX003740,CUST01204,284.85,Debit Card,insufficient_funds,0,0,907,4,0,0,0.63,1,2026-08-14 07:08:00
TX003741,CUST01925,536.64,Debit Card,bank_timeout,0,0,1113,0,0,0,0.8,1,2026-08-30 02:24:00
TX003742,CUST00631,1846.93,Debit Card,authentication_failed,0,1,10,9,0,0,0.32,0,2026-08-19 07:15:00
TX003743,CUST00075,1512.74,Credit Card,issuer_declined,2,2,990,14,0,0,0.22,0,2026-08-26 12:22:00
TX003744,CUST01187,1297.33,Wallet,suspicious_transaction,0,0,876,6,0,0,0.2,0,2026-08-07 19:15:00
TX003745,CUST01072,405.39,Wallet,bank_timeout,0,1,790,8,0,0,0.72,0,2026-08-11 11:15:00
TX003746,CUST02512,914.61,Credit Card,bank_timeout,4,2,493,19,0,0,0.4,0,2026-08-19 01:46:00
TX003747,CUST00172,124.33,Wallet,expired_card,5,1,371,19,0,0,0.22,0,2026-08-14 05:03:00
TX003748,CUST02887,1310.91,UPI,bank_timeout,0,1,1475,9,0,0,0.72,0,2026-08-10 04:18:00
TX003749,CUST02753,4577.27,Net Banking,authentication_failed,0,0,1180,13,0,1,0.37,1,2026-08-18 17:17:00
TX003750,CUST01378,251.1,Wallet,insufficient_funds,1,2,789,3,0,1,0.33,1,2026-08-12 09:57:00
TX003751,CUST00087,610.37,Debit Card,insufficient_funds,3,3,1109,23,0,0,0.21,0,2026-08-01 22:02:00
TX003752,CUST01202,1524.02,UPI,network_error,1,1,880,19,0,0,0.61,1,2026-08-08 08:27:00
TX003753,CUST00427,3838.52,Wallet,expired_card,1,2,930,2,0,0,0.38,0,2026-08-27 18:27:00
TX003754,CUST00414,700.49,Net Banking,issuer_declined,1,0,841,7,0,1,0.36,1,2026-08-25 11:40:00
TX003755,CUST01360,548.81,Net Banking,suspicious_transaction,3,3,921,3,0,0,0.02,0,2026-08-08 06:33:00
TX003756,CUST02250,153.1,UPI,insufficient_funds,0,0,341,15,0,0,0.58,0,2026-08-24 03:50:00
TX003757,CUST01504,1216.14,Credit Card,issuer_declined,4,0,1280,12,1,0,0.16,1,2026-08-16 19:45:00
TX003758,CUST02775,8451.3,Wallet,network_error,3,1,953,22,0,0,0.49,1,2026-08-21 17:46:00
TX003759,CUST01706,1447.16,Credit Card,bank_timeout,0,1,1012,0,0,0,0.72,0,2026-08-12 15:01:00
TX003760,CUST01046,1072.47,Wallet,network_error,3,2,626,0,1,0,0.31,1,2026-08-21 05:34:00
TX003761,CUST01514,1513.35,Net Banking,bank_timeout,0,0,105,23,0,0,0.75,1,2026-08-28 15:17:00
TX003762,CUST01992,1084.54,Credit Card,insufficient_funds,1,0,362,23,0,0,0.52,1,2026-08-14 21:41:00
TX003763,CUST00631,486.38,Net Banking,suspicious_transaction,2,2,1206,22,0,0,0.02,0,2026-08-18 01:25:00
TX003764,CUST00471,2498.09,Wallet,insufficient_funds,0,1,836,20,0,0,0.55,1,2026-08-17 16:00:00
TX003765,CUST02084,1374.38,Net Banking,authentication_failed,2,1,1366,15,0,0,0.25,0,2026-08-15 16:22:00
TX003766,CUST00769,1116.12,Wallet,network_error,0,0,881,22,0,0,0.75,1,2026-08-09 21:02:00
TX003767,CUST02928,413.49,Net Banking,bank_timeout,1,1,593,7,0,0,0.66,0,2026-08-08 04:21:00
TX003768,CUST01435,4038.01,Net Banking,suspicious_transaction,0,1,248,6,0,0,0.07,0,2026-08-23 11:48:00
TX003769,CUST01905,2131.76,Debit Card,bank_timeout,2,0,897,3,0,0,0.68,1,2026-08-22 07:57:00
TX003770,CUST00421,630.86,Net Banking,insufficient_funds,2,2,19,13,0,0,0.3,1,2026-08-21 20:49:00
TX003771,CUST00645,2986.4,Wallet,network_error,3,2,432,16,0,0,0.41,0,2026-08-19 12:46:00
TX003772,CUST01892,666.76,Net Banking,bank_timeout,3,3,71,4,0,0,0.33,0,2026-08-19 00:49:00
TX003773,CUST02623,501.7,Credit Card,insufficient_funds,0,1,863,8,0,0,0.55,1,2026-08-13 20:50:00
TX003774,CUST01573,513.01,Net Banking,suspicious_transaction,1,2,92,21,0,0,0.02,0,2026-08-05 21:25:00
TX003775,CUST01312,186.59,Debit Card,bank_timeout,2,3,133,7,0,0,0.39,0,2026-08-22 10:44:00
TX003776,CUST00928,1757.32,UPI,authentication_failed,0,0,1459,13,0,0,0.45,0,2026-08-14 00:55:00
TX003777,CUST02687,175.71,UPI,issuer_declined,2,1,569,5,0,0,0.3,0,2026-08-19 17:52:00
TX003778,CUST02316,321.04,Debit Card,issuer_declined,0,0,1026,23,0,1,0.42,0,2026-08-01 13:08:00
TX003779,CUST01498,137.61,Wallet,authentication_failed,0,0,682,14,0,0,0.45,1,2026-08-21 04:30:00
TX003780,CUST02286,1006.19,Wallet,issuer_declined,0,1,274,13,1,0,0.27,0,2026-08-16 19:52:00
TX003781,CUST02727,943.58,Debit Card,suspicious_transaction,0,0,1276,11,1,0,0.1,0,2026-08-13 03:33:00
TX003782,CUST01185,791.0,UPI,bank_timeout,0,1,1344,5,0,0,0.72,1,2026-08-07 20:21:00
TX003783,CUST01635,386.61,Credit Card,issuer_declined,0,1,1328,5,0,0,0.42,1,2026-08-22 23:05:00
TX003784,CUST02406,339.6,Net Banking,expired_card,0,0,973,16,0,0,0.6,1,2026-08-08 20:35:00
TX003785,CUST01861,1744.76,Credit Card,issuer_declined,3,2,1086,20,1,1,0.02,0,2026-08-20 06:08:00
TX003786,CUST02817,632.35,Credit Card,bank_timeout,4,3,183,12,0,0,0.27,0,2026-08-20 15:20:00
TX003787,CUST01374,1504.71,Credit Card,bank_timeout,0,1,921,1,0,0,0.72,0,2026-08-01 02:38:00
TX003788,CUST00440,452.48,Debit Card,insufficient_funds,0,1,149,19,0,0,0.5,0,2026-08-26 06:48:00
TX003789,CUST02463,1314.3,Debit Card,issuer_declined,2,2,1135,21,0,0,0.22,0,2026-08-06 10:24:00
TX003790,CUST00557,4037.08,Net Banking,insufficient_funds,1,2,512,0,0,0,0.41,1,2026-08-24 10:30:00
TX003791,CUST02220,1970.74,Wallet,expired_card,0,0,1120,3,0,0,0.6,1,2026-08-02 03:29:00
TX003792,CUST01393,726.03,UPI,insufficient_funds,2,0,695,12,0,0,0.51,1,2026-08-30 04:46:00
TX003793,CUST02123,1418.28,Net Banking,network_error,1,0,1300,5,0,0,0.69,0,2026-08-05 10:10:00
TX003794,CUST01684,862.07,Net Banking,insufficient_funds,0,0,1304,2,0,0,0.63,1,2026-08-20 13:51:00
TX003795,CUST01836,1105.31,Net Banking,network_error,0,0,306,22,0,0,0.7,1,2026-08-09 15:41:00
TX003796,CUST01625,791.86,Credit Card,bank_timeout,2,2,1274,16,0,0,0.52,1,2026-08-15 14:39:00
TX003797,CUST02453,930.45,UPI,authentication_failed,0,0,1,7,0,0,0.4,1,2026-08-20 16:39:00
TX003798,CUST01514,1355.73,Net Banking,suspicious_transaction,0,0,860,12,0,0,0.2,0,2026-08-29 18:00:00
TX003799,CUST00396,406.12,Credit Card,bank_timeout,5,2,118,9,0,0,0.29,0,2026-08-19 00:38:00
TX003800,CUST01191,397.07,UPI,issuer_declined,0,1,296,23,0,0,0.37,1,2026-08-06 22:11:00
TX003801,CUST00521,273.54,Credit Card,bank_timeout,5,2,1490,17,0,0,0.34,1,2026-08-09 11:32:00
TX003802,CUST01693,221.35,UPI,authentication_failed,1,2,746,11,0,0,0.23,0,2026-08-23 22:29:00
TX003803,CUST00055,324.64,Debit Card,authentication_failed,0,0,640,1,0,0,0.45,0,2026-08-13 17:01:00
TX003804,CUST00577,1286.22,Net Banking,insufficient_funds,0,0,1208,5,1,0,0.53,1,2026-08-28 21:48:00
TX003805,CUST00804,449.09,Credit Card,issuer_declined,3,3,291,14,0,0,0.03,0,2026-08-25 12:35:00
TX003806,CUST00967,1832.83,UPI,network_error,1,0,521,3,0,0,0.69,1,2026-08-16 16:09:00
TX003807,CUST01390,1135.37,Net Banking,authentication_failed,2,0,330,4,0,1,0.2,0,2026-08-23 15:00:00
TX003808,CUST00331,153.16,UPI,insufficient_funds,1,1,37,4,0,0,0.44,0,2026-08-13 04:08:00
TX003809,CUST01863,2111.12,Credit Card,network_error,1,1,196,20,0,0,0.56,1,2026-08-10 20:58:00
TX003810,CUST00763,2467.1,Credit Card,network_error,0,1,1358,23,0,0,0.67,1,2026-08-03 06:32:00
TX003811,CUST01739,405.91,Net Banking,expired_card,4,2,964,15,0,0,0.2,1,2026-08-05 10:35:00
TX003812,CUST00326,1669.35,UPI,issuer_declined,1,2,513,7,0,0,0.28,1,2026-08-01 19:29:00
TX003813,CUST00348,465.68,Wallet,insufficient_funds,2,2,1320,7,0,0,0.35,0,2026-08-07 11:36:00
TX003814,CUST00546,1209.15,Debit Card,bank_timeout,0,0,275,8,0,0,0.75,1,2026-08-21 12:37:00
TX003815,CUST00744,309.67,Net Banking,insufficient_funds,0,1,99,5,0,0,0.5,0,2026-08-16 16:02:00
TX003816,CUST00765,182.53,UPI,bank_timeout,4,2,885,1,0,0,0.4,0,2026-08-27 12:10:00
TX003817,CUST01623,747.84,Wallet,insufficient_funds,2,2,362,0,0,0,0.3,1,2026-08-16 01:47:00
TX003818,CUST02819,969.01,Wallet,network_error,0,1,916,15,1,0,0.57,0,2026-08-12 02:59:00
TX003819,CUST02796,736.8,Wallet,bank_timeout,0,0,1322,20,1,0,0.7,0,2026-08-15 03:08:00
TX003820,CUST01669,335.62,UPI,authentication_failed,2,3,1213,9,0,0,0.09,0,2026-08-24 21:48:00
TX003821,CUST02722,735.17,UPI,insufficient_funds,2,3,441,22,0,0,0.27,0,2026-08-27 03:10:00
TX003822,CUST01334,1435.54,Wallet,network_error,2,2,1200,4,0,1,0.39,0,2026-08-16 06:15:00
TX003823,CUST01795,1048.49,Credit Card,issuer_declined,1,2,106,2,0,0,0.23,0,2026-08-26 23:37:00
TX003824,CUST01731,1316.2,Credit Card,insufficient_funds,0,1,724,9,0,0,0.55,0,2026-08-23 10:59:00
TX003825,CUST02782,561.09,Net Banking,insufficient_funds,2,1,277,0,1,0,0.28,1,2026-08-02 08:56:00
TX003826,CUST00400,3539.42,Debit Card,bank_timeout,2,3,1221,1,0,0,0.44,1,2026-08-15 17:11:00
TX003827,CUST02401,338.26,Debit Card,bank_timeout,3,0,1158,22,0,1,0.54,0,2026-08-01 15:18:00
TX003828,CUST02719,1785.69,Wallet,bank_timeout,2,2,1055,22,0,0,0.52,1,2026-08-08 22:35:00
TX003829,CUST01982,3575.61,Debit Card,authentication_failed,2,3,868,11,0,0,0.09,0,2026-08-24 11:54:00
TX003830,CUST00813,1773.85,UPI,suspicious_transaction,0,1,255,18,0,0,0.07,1,2026-08-30 16:44:00
TX003831,CUST00890,895.58,Debit Card,bank_timeout,4,2,476,13,0,0,0.4,0,2026-08-23 15:37:00
TX003832,CUST01820,646.58,Credit Card,issuer_declined,2,1,795,10,0,0,0.3,1,2026-08-04 04:01:00
TX003833,CUST00038,3090.5,Debit Card,network_error,1,2,189,8,1,0,0.38,1,2026-08-29 13:40:00
TX003834,CUST00747,264.28,Wallet,bank_timeout,2,0,1353,18,0,0,0.68,1,2026-08-18 22:42:00
TX003835,CUST01610,415.66,Net Banking,expired_card,1,2,560,15,0,0,0.38,0,2026-08-05 02:24:00
TX003836,CUST01882,736.89,UPI,network_error,0,0,755,12,0,0,0.75,1,2026-08-03 07:04:00
TX003837,CUST00894,3780.66,Credit Card,issuer_declined,0,1,1465,4,0,0,0.42,0,2026-08-18 06:47:00
TX003838,CUST02006,1603.22,Credit Card,issuer_declined,0,0,114,21,0,0,0.45,1,2026-08-28 02:19:00
TX003839,CUST01219,416.53,Net Banking,authentication_failed,0,1,1390,2,0,0,0.37,1,2026-08-30 01:58:00
TX003840,CUST02489,804.07,Credit Card,expired_card,1,0,220,18,0,0,0.49,0,2026-08-16 04:32:00
TX003841,CUST01616,593.29,Debit Card,issuer_declined,1,0,1195,10,1,0,0.34,1,2026-08-19 05:53:00
TX003842,CUST00892,539.27,UPI,bank_timeout,0,1,298,22,0,0,0.67,1,2026-08-04 12:20:00
TX003843,CUST01593,2918.69,Debit Card,bank_timeout,1,2,1459,20,1,0,0.48,0,2026-08-05 22:04:00
TX003844,CUST00371,278.18,Credit Card,network_error,0,0,1409,23,0,0,0.75,1,2026-08-12 05:04:00
TX003845,CUST02476,5479.56,Net Banking,issuer_declined,0,0,1220,10,0,0,0.5,1,2026-08-22 08:04:00
TX003846,CUST02855,2510.48,UPI,issuer_declined,0,0,972,2,0,0,0.5,0,2026-08-18 11:37:00
TX003847,CUST02495,3264.5,Wallet,suspicious_transaction,0,0,980,0,1,0,0.1,0,2026-08-05 18:32:00
TX003848,CUST00869,690.25,Credit Card,issuer_declined,1,1,537,13,1,1,0.18,0,2026-08-25 19:18:00
TX003849,CUST02195,943.94,Debit Card,bank_timeout,1,0,1420,4,0,0,0.74,1,2026-08-08 20:43:00
TX003850,CUST02869,261.61,Debit Card,bank_timeout,1,1,175,15,0,0,0.61,1,2026-08-26 09:27:00
TX003851,CUST02458,648.94,Credit Card,bank_timeout,1,1,266,22,0,0,0.61,0,2026-08-20 21:30:00
TX003852,CUST00799,1796.61,UPI,network_error,0,0,1121,22,0,0,0.75,0,2026-08-17 05:44:00
TX003853,CUST00589,4008.06,Wallet,authentication_failed,1,1,213,11,0,0,0.26,0,2026-08-28 05:51:00
TX003854,CUST02658,362.43,Net Banking,issuer_declined,4,3,1078,21,0,0,0.02,0,2026-08-13 14:32:00
TX003855,CUST02769,760.89,Debit Card,issuer_declined,1,0,1065,7,1,1,0.26,0,2026-08-26 01:25:00
TX003856,CUST01448,942.66,UPI,insufficient_funds,0,1,648,12,0,0,0.55,0,2026-08-02 03:55:00
TX003857,CUST02776,271.57,Debit Card,insufficient_funds,1,1,1085,0,1,0,0.39,0,2026-08-20 03:15:00
TX003858,CUST01993,1980.98,Wallet,insufficient_funds,4,2,1024,13,1,0,0.13,0,2026-08-25 22:37:00
TX003859,CUST01749,531.66,Net Banking,bank_timeout,0,1,796,10,0,0,0.72,1,2026-08-21 05:11:00
TX003860,CUST01814,902.0,Debit Card,network_error,0,0,407,15,0,0,0.75,1,2026-08-20 14:06:00
TX003861,CUST00698,697.88,Wallet,bank_timeout,4,2,2,5,0,0,0.35,0,2026-08-30 01:45:00
TX003862,CUST02043,498.03,Credit Card,issuer_declined,0,1,338,3,0,1,0.29,0,2026-08-01 04:15:00
TX003863,CUST01035,1088.93,Net Banking,bank_timeout,0,1,1314,18,0,0,0.72,1,2026-08-27 17:42:00
TX003864,CUST01994,883.94,Net Banking,issuer_declined,5,3,33,18,0,0,0.02,0,2026-08-06 05:26:00
TX003865,CUST02485,756.08,Wallet,bank_timeout,2,3,1476,7,0,0,0.44,0,2026-08-30 09:06:00
TX003866,CUST02166,529.29,Wallet,issuer_declined,1,1,1037,23,0,0,0.36,0,2026-08-17 11:37:00
TX003867,CUST01855,1509.49,UPI,issuer_declined,2,2,538,8,0,0,0.22,0,2026-08-03 22:28:00
TX003868,CUST01783,5730.84,Credit Card,authentication_failed,0,1,981,8,0,0,0.37,1,2026-08-30 03:16:00
TX003869,CUST00647,1261.29,UPI,bank_timeout,1,2,933,14,0,0,0.58,1,2026-08-29 06:07:00
TX003870,CUST00334,2969.41,Wallet,network_error,2,3,681,11,0,0,0.39,0,2026-08-11 01:19:00
TX003871,CUST00520,273.08,Credit Card,network_error,0,0,123,10,0,0,0.7,1,2026-08-06 03:45:00
TX003872,CUST01795,1284.03,Credit Card,issuer_declined,1,1,67,10,0,1,0.23,1,2026-08-14 18:51:00
TX003873,CUST00758,366.0,Debit Card,insufficient_funds,3,3,212,4,0,0,0.16,0,2026-08-03 12:25:00
TX003874,CUST01665,250.4,Debit Card,issuer_declined,0,0,1462,11,0,0,0.5,0,2026-08-27 15:19:00
TX003875,CUST02747,523.55,Wallet,bank_timeout,0,0,1032,5,0,0,0.8,1,2026-08-01 00:06:00
TX003876,CUST02152,3611.58,Net Banking,insufficient_funds,2,2,1297,15,0,0,0.35,1,2026-08-22 16:01:00
TX003877,CUST00780,2835.62,Net Banking,authentication_failed,0,0,1205,15,0,0,0.45,0,2026-08-12 06:04:00
TX003878,CUST01792,1398.29,Net Banking,insufficient_funds,1,2,1167,15,0,0,0.41,1,2026-08-01 12:09:00
TX003879,CUST00227,236.82,Debit Card,issuer_declined,0,0,909,22,0,0,0.5,0,2026-08-02 05:42:00
TX003880,CUST02811,901.19,UPI,bank_timeout,0,0,1456,5,0,0,0.8,1,2026-08-21 10:02:00
TX003881,CUST02117,1482.82,Credit Card,issuer_declined,0,0,682,19,0,1,0.42,1,2026-08-23 17:59:00
TX003882,CUST00496,1307.06,UPI,insufficient_funds,0,1,338,8,0,0,0.5,1,2026-08-27 20:46:00
TX003883,CUST02266,173.5,Net Banking,expired_card,5,2,15,15,0,0,0.09,0,2026-08-26 01:25:00
TX003884,CUST00010,450.2,Debit Card,bank_timeout,0,1,291,13,0,0,0.67,0,2026-08-02 12:18:00
TX003885,CUST01858,1028.57,UPI,issuer_declined,2,0,838,19,0,0,0.38,0,2026-08-25 08:04:00
TX003886,CUST00438,1874.86,Debit Card,issuer_declined,0,1,58,5,0,0,0.37,0,2026-08-11 05:05:00
TX003887,CUST01843,121.98,Wallet,authentication_failed,1,0,229,9,0,0,0.34,1,2026-08-04 20:15:00
TX003888,CUST00913,932.51,Net Banking,bank_timeout,0,1,1411,6,0,0,0.72,1,2026-08-25 03:39:00
TX003889,CUST00884,1265.28,UPI,insufficient_funds,0,0,871,16,0,0,0.63,1,2026-08-25 09:09:00
TX003890,CUST01617,2564.74,Net Banking,issuer_declined,0,1,973,15,0,0,0.42,0,2026-08-21 10:19:00
TX003891,CUST00998,2192.63,Debit Card,issuer_declined,2,2,1309,21,0,0,0.22,0,2026-08-17 02:26:00
TX003892,CUST00049,1963.67,Debit Card,bank_timeout,0,0,53,20,0,0,0.75,1,2026-08-21 08:50:00
TX003893,CUST00620,492.78,Credit Card,issuer_declined,1,1,968,20,0,0,0.36,1,2026-08-06 04:40:00
TX003894,CUST00068,162.71,Debit Card,bank_timeout,0,1,621,18,0,0,0.72,1,2026-08-06 09:51:00
TX003895,CUST01754,740.22,UPI,bank_timeout,1,2,784,13,1,0,0.48,1,2026-08-13 12:54:00
TX003896,CUST01805,2985.83,Debit Card,bank_timeout,0,1,688,17,0,0,0.72,1,2026-08-07 06:29:00
TX003897,CUST00533,4418.05,Net Banking,bank_timeout,3,0,1333,12,0,0,0.62,0,2026-08-16 02:40:00
TX003898,CUST01791,2231.77,Debit Card,network_error,3,0,1389,7,0,0,0.57,1,2026-08-19 08:40:00
TX003899,CUST01200,1684.7,Net Banking,bank_timeout,0,1,667,16,0,1,0.64,1,2026-08-11 01:18:00
TX003900,CUST00966,1603.01,Debit Card,bank_timeout,2,2,1317,21,0,0,0.52,0,2026-08-28 21:05:00
TX003901,CUST02584,628.84,Net Banking,insufficient_funds,0,0,84,23,1,0,0.48,0,2026-08-25 23:24:00
TX003902,CUST00075,962.89,Debit Card,network_error,3,3,1016,20,0,0,0.33,1,2026-08-27 04:26:00
TX003903,CUST01543,5820.08,UPI,network_error,0,1,432,2,0,1,0.59,1,2026-08-06 06:22:00
TX003904,CUST01631,427.28,Net Banking,suspicious_transaction,3,0,457,0,0,0,0.02,0,2026-08-28 10:21:00
TX003905,CUST00445,5512.53,Credit Card,insufficient_funds,0,0,781,8,0,0,0.63,1,2026-08-07 23:37:00
TX003906,CUST01515,794.71,Net Banking,issuer_declined,0,1,449,13,1,0,0.32,0,2026-08-21 14:10:00
TX003907,CUST01617,4127.52,Credit Card,network_error,0,1,1021,23,0,0,0.67,1,2026-08-17 13:25:00
TX003908,CUST00153,268.59,Wallet,bank_timeout,1,2,1264,14,1,0,0.48,0,2026-08-05 01:48:00
TX003909,CUST01380,1970.23,Net Banking,bank_timeout,0,1,354,12,0,0,0.67,1,2026-08-12 11:46:00
TX003910,CUST01835,524.91,UPI,authentication_failed,0,1,538,3,0,0,0.37,1,2026-08-16 16:50:00
TX003911,CUST02795,266.33,Wallet,network_error,0,1,1221,9,0,0,0.67,1,2026-08-27 02:15:00
TX003912,CUST00470,1364.49,Credit Card,suspicious_transaction,2,0,521,19,0,0,0.08,0,2026-08-28 10:34:00
TX003913,CUST00776,3009.33,Wallet,network_error,0,1,667,23,0,0,0.67,0,2026-08-19 23:21:00
TX003914,CUST00010,471.09,Net Banking,issuer_declined,1,1,895,8,0,0,0.36,1,2026-08-08 18:04:00
TX003915,CUST01784,244.93,UPI,bank_timeout,0,0,667,11,0,1,0.72,1,2026-08-20 13:56:00
TX003916,CUST02949,1000.4,Credit Card,authentication_failed,0,1,252,22,0,1,0.24,1,2026-08-17 00:00:00
TX003917,CUST01119,1004.82,Credit Card,authentication_failed,1,0,986,10,1,0,0.29,0,2026-08-30 01:32:00
TX003918,CUST00253,1897.55,Wallet,authentication_failed,1,2,353,22,1,0,0.08,1,2026-08-18 19:23:00
TX003919,CUST00771,2834.43,Credit Card,issuer_declined,1,0,1345,19,0,0,0.44,1,2026-08-12 07:08:00
TX003920,CUST00621,1033.37,Net Banking,insufficient_funds,1,0,317,13,0,0,0.52,0,2026-08-20 23:28:00
TX003921,CUST01194,7012.88,Net Banking,authentication_failed,0,0,1190,20,0,0,0.45,0,2026-08-21 07:31:00
TX003922,CUST02623,1372.29,Net Banking,network_error,1,0,1178,9,0,0,0.69,0,2026-08-10 03:49:00
TX003923,CUST01709,775.55,Net Banking,issuer_declined,3,1,1491,12,0,0,0.24,0,2026-08-01 04:59:00
TX003924,CUST02813,218.86,Debit Card,issuer_declined,1,1,1324,16,0,0,0.36,1,2026-08-19 01:26:00
TX003925,CUST00506,843.31,Credit Card,authentication_failed,1,2,31,10,0,1,0.1,0,2026-08-25 07:16:00
TX003926,CUST00908,783.38,Credit Card,bank_timeout,1,2,1492,3,0,0,0.58,1,2026-08-25 14:25:00
TX003927,CUST00047,2864.95,Credit Card,issuer_declined,0,0,245,19,0,0,0.45,0,2026-08-28 23:18:00
TX003928,CUST02640,1741.47,Debit Card,suspicious_transaction,0,1,566,21,0,0,0.12,0,2026-08-05 06:56:00
TX003929,CUST01473,337.18,Net Banking,issuer_declined,2,2,1188,2,1,0,0.12,0,2026-08-23 18:15:00
TX003930,CUST01722,1302.78,Credit Card,issuer_declined,0,0,594,12,1,0,0.4,0,2026-08-30 17:16:00
TX003931,CUST00716,2146.37,Credit Card,issuer_declined,4,1,297,10,1,0,0.03,0,2026-08-07 15:55:00
TX003932,CUST01746,5054.49,UPI,suspicious_transaction,2,2,89,13,0,1,0.02,0,2026-08-04 12:31:00
TX003933,CUST01324,2663.79,Net Banking,authentication_failed,3,3,1335,0,0,0,0.03,0,2026-08-03 22:13:00
TX003934,CUST00153,2346.89,Wallet,suspicious_transaction,1,1,377,13,0,0,0.06,0,2026-08-25 06:36:00
TX003935,CUST00879,1164.55,Net Banking,insufficient_funds,2,1,233,9,1,0,0.28,0,2026-08-09 22:02:00
TX003936,CUST00221,1616.97,Wallet,expired_card,1,1,405,18,1,0,0.36,0,2026-08-08 01:21:00
TX003937,CUST00108,3825.73,UPI,issuer_declined,2,3,363,12,0,0,0.09,0,2026-08-30 16:07:00
TX003938,CUST01166,289.23,Net Banking,issuer_declined,2,3,1278,16,0,0,0.14,0,2026-08-03 20:56:00
TX003939,CUST00947,773.22,Credit Card,insufficient_funds,1,1,357,4,0,0,0.44,1,2026-08-27 03:56:00
TX003940,CUST01858,506.45,Credit Card,suspicious_transaction,0,0,230,9,0,0,0.15,0,2026-08-14 11:01:00
TX003941,CUST02005,1602.23,Debit Card,issuer_declined,1,2,1100,12,0,0,0.28,1,2026-08-25 20:27:00
TX003942,CUST00214,3752.67,UPI,insufficient_funds,1,2,356,23,0,0,0.36,1,2026-08-19 17:01:00
TX003943,CUST02453,603.67,Wallet,issuer_declined,3,2,1308,20,0,1,0.08,0,2026-08-16 07:12:00
TX003944,CUST02229,100.45,Credit Card,insufficient_funds,0,0,1024,23,0,1,0.55,0,2026-08-09 13:39:00
TX003945,CUST00474,726.17,Net Banking,network_error,0,0,465,11,0,0,0.75,1,2026-08-09 18:44:00
TX003946,CUST00859,2733.87,Credit Card,bank_timeout,2,3,1190,13,0,0,0.44,1,2026-08-19 11:08:00
TX003947,CUST00127,1877.38,UPI,authentication_failed,1,0,670,5,1,0,0.29,1,2026-08-08 22:13:00
TX003948,CUST01570,1682.75,UPI,expired_card,0,1,566,4,0,0,0.52,0,2026-08-11 12:25:00
TX003949,CUST00480,828.82,Net Banking,bank_timeout,0,0,390,3,1,0,0.7,1,2026-08-06 12:14:00
TX003950,CUST02467,305.2,Wallet,issuer_declined,1,2,513,1,0,0,0.28,0,2026-08-27 01:29:00
TX003951,CUST01483,1835.91,UPI,insufficient_funds,1,2,24,0,0,0,0.36,1,2026-08-21 01:39:00
TX003952,CUST00954,476.14,Debit Card,bank_timeout,0,0,748,19,0,0,0.8,1,2026-08-17 10:51:00
TX003953,CUST00746,9740.98,Debit Card,bank_timeout,1,0,308,22,0,0,0.69,1,2026-08-18 03:05:00
TX003954,CUST01962,1940.12,UPI,bank_timeout,0,1,45,5,0,0,0.67,1,2026-08-21 06:52:00
TX003955,CUST01804,613.61,Net Banking,issuer_declined,1,2,90,11,0,0,0.23,1,2026-08-06 20:21:00
TX003956,CUST02922,595.03,Net Banking,authentication_failed,1,2,1011,22,0,0,0.23,1,2026-08-06 13:16:00
TX003957,CUST01294,999.3,Wallet,insufficient_funds,3,0,822,23,0,0,0.45,0,2026-08-05 19:39:00
TX003958,CUST01300,863.07,UPI,bank_timeout,0,1,238,5,0,0,0.67,1,2026-08-17 13:52:00
TX003959,CUST01251,3350.4,Net Banking,insufficient_funds,0,0,909,2,0,0,0.63,0,2026-08-13 00:01:00
TX003960,CUST00379,1321.36,Wallet,authentication_failed,0,1,824,19,0,0,0.37,1,2026-08-03 10:26:00
TX003961,CUST02224,527.62,Debit Card,insufficient_funds,2,1,521,0,0,0,0.43,0,2026-08-23 10:24:00
TX003962,CUST01652,7262.22,UPI,insufficient_funds,0,0,1332,1,1,0,0.53,1,2026-08-25 05:22:00
TX003963,CUST00908,1152.06,UPI,expired_card,1,2,180,14,0,0,0.33,0,2026-08-22 09:30:00
TX003964,CUST02405,2365.72,Net Banking,issuer_declined,2,2,26,0,1,1,0.02,0,2026-08-30 13:55:00
TX003965,CUST01300,596.91,Debit Card,authentication_failed,2,0,1454,14,0,0,0.33,0,2026-08-04 10:03:00
TX003966,CUST00504,1576.74,Net Banking,authentication_failed,0,0,621,21,0,0,0.45,0,2026-08-12 12:51:00
TX003967,CUST01938,1496.84,Debit Card,authentication_failed,1,1,296,8,0,0,0.26,1,2026-08-03 20:12:00
TX003968,CUST02639,165.73,Net Banking,authentication_failed,3,1,151,2,0,0,0.14,0,2026-08-11 05:00:00
TX003969,CUST02124,8227.81,Wallet,network_error,0,1,1257,4,0,0,0.67,1,2026-08-15 11:59:00
TX003970,CUST00602,3986.4,UPI,authentication_failed,1,1,527,10,0,0,0.31,1,2026-08-20 17:07:00
TX003971,CUST01108,737.16,Wallet,network_error,0,0,663,20,0,0,0.75,1,2026-08-10 16:51:00
TX003972,CUST01949,364.21,UPI,suspicious_transaction,1,1,1313,13,0,0,0.06,0,2026-08-01 12:58:00
TX003973,CUST02034,1552.41,Wallet,insufficient_funds,1,2,991,17,0,0,0.41,0,2026-08-21 14:39:00
TX003974,CUST01540,1195.95,UPI,bank_timeout,2,1,29,8,1,0,0.45,0,2026-08-13 15:59:00
TX003975,CUST02617,1565.04,Debit Card,insufficient_funds,2,1,488,8,0,0,0.43,0,2026-08-30 17:16:00
TX003976,CUST02494,1328.2,Net Banking,issuer_declined,2,3,71,3,0,0,0.09,0,2026-08-17 12:17:00
TX003977,CUST00989,1819.36,UPI,expired_card,3,3,655,1,0,1,0.1,0,2026-08-22 13:28:00
TX003978,CUST00076,4662.49,UPI,authentication_failed,0,1,1273,12,0,0,0.37,1,2026-08-01 19:29:00
TX003979,CUST02541,1935.47,Debit Card,bank_timeout,0,1,67,19,0,0,0.67,1,2026-08-04 01:38:00
TX003980,CUST02174,383.89,Debit Card,insufficient_funds,0,1,1035,1,0,0,0.55,0,2026-08-28 13:28:00
TX003981,CUST02602,4283.66,Credit Card,issuer_declined,0,0,186,19,0,0,0.45,0,2026-08-29 22:57:00
TX003982,CUST01562,5656.81,Credit Card,network_error,1,2,54,16,0,0,0.48,0,2026-08-03 10:54:00
TX003983,CUST01613,25643.79,Wallet,network_error,0,0,308,21,0,0,0.7,1,2026-08-28 10:16:00
TX003984,CUST00572,356.56,Wallet,bank_timeout,2,1,430,7,0,0,0.6,1,2026-08-23 16:21:00
TX003985,CUST00562,1398.12,Debit Card,bank_timeout,1,0,1064,11,0,0,0.74,1,2026-08-08 22:59:00
TX003986,CUST02823,136.72,Net Banking,expired_card,4,2,189,6,0,0,0.15,0,2026-08-23 12:11:00
TX003987,CUST00773,1906.74,Credit Card,bank_timeout,1,0,1433,15,0,0,0.74,0,2026-08-15 02:04:00
TX003988,CUST02960,633.84,Credit Card,bank_timeout,0,0,900,19,0,0,0.8,1,2026-08-30 13:24:00
TX003989,CUST02082,7505.91,Net Banking,bank_timeout,2,2,294,10,1,0,0.37,1,2026-08-26 18:51:00
TX003990,CUST00557,505.42,Debit Card,issuer_declined,3,0,1177,11,0,0,0.32,0,2026-08-23 09:03:00
TX003991,CUST02025,202.52,Wallet,network_error,2,1,810,9,0,0,0.55,1,2026-08-27 14:56:00
TX003992,CUST01427,684.53,Net Banking,bank_timeout,1,2,204,13,0,0,0.53,1,2026-08-27 12:47:00
TX003993,CUST00609,152.1,UPI,issuer_declined,0,0,491,20,0,0,0.5,1,2026-08-09 13:02:00
TX003994,CUST01528,2324.13,UPI,bank_timeout,0,1,1076,9,0,0,0.72,1,2026-08-07 08:17:00
TX003995,CUST02988,139.06,Credit Card,bank_timeout,3,0,1143,15,0,0,0.62,1,2026-08-22 14:17:00
TX003996,CUST00243,1128.29,Wallet,issuer_declined,1,0,510,15,1,0,0.34,0,2026-08-21 00:10:00
TX003997,CUST02127,137.3,Credit Card,insufficient_funds,0,0,229,13,0,0,0.58,1,2026-08-18 02:27:00
TX003998,CUST02661,796.08,UPI,insufficient_funds,1,2,429,14,1,0,0.31,1,2026-08-21 10:34:00
TX003999,CUST02226,5672.46,Debit Card,issuer_declined,1,2,505,17,1,0,0.18,0,2026-08-30 13:59:00
TX004000,CUST01793,1572.86,Credit Card,insufficient_funds,0,0,913,1,0,0,0.63,1,2026-08-14 22:27:00
TX004001,CUST01501,462.44,Debit Card,issuer_declined,0,1,32,0,0,0,0.37,1,2026-08-30 13:59:00
TX004002,CUST02080,1062.94,Wallet,bank_timeout,0,1,1131,23,1,0,0.62,1,2026-08-26 06:39:00
TX004003,CUST00734,1116.57,Wallet,expired_card,0,1,119,4,0,0,0.47,0,2026-08-27 22:08:00
TX004004,CUST02267,1759.23,Credit Card,suspicious_transaction,1,2,726,7,0,0,0.02,0,2026-08-14 09:59:00
TX004005,CUST00411,279.54,Debit Card,authentication_failed,2,1,444,23,1,0,0.15,0,2026-08-19 22:29:00
TX004006,CUST02790,1983.4,Net Banking,bank_timeout,3,3,437,7,1,0,0.28,0,2026-08-20 14:29:00
TX004007,CUST02855,100.0,UPI,suspicious_transaction,5,2,691,23,0,0,0.02,0,2026-08-06 04:36:00
TX004008,CUST00780,584.13,Debit Card,expired_card,0,1,1276,2,0,1,0.44,0,2026-08-23 02:27:00
TX004009,CUST02344,672.99,Credit Card,bank_timeout,0,0,105,0,0,0,0.75,1,2026-08-03 01:14:00
TX004010,CUST01954,2065.91,Credit Card,network_error,0,1,920,22,0,0,0.67,1,2026-08-22 18:18:00
TX004011,CUST00999,1121.73,Credit Card,issuer_declined,2,2,125,13,0,0,0.17,0,2026-08-28 13:48:00
TX004012,CUST00099,268.93,Debit Card,network_error,0,1,1279,20,1,1,0.49,1,2026-08-08 05:34:00
TX004013,CUST02983,409.53,UPI,expired_card,1,2,1240,0,0,0,0.38,0,2026-08-15 14:25:00
TX004014,CUST00046,1337.66,Wallet,bank_timeout,1,1,1106,23,0,0,0.66,1,2026-08-21 07:54:00
TX004015,CUST02856,1013.26,Wallet,network_error,2,3,540,9,0,1,0.31,0,2026-08-03 12:39:00
TX004016,CUST02605,614.54,Debit Card,authentication_failed,5,2,1415,21,0,0,0.02,0,2026-08-01 10:30:00
TX004017,CUST02311,678.01,Credit Card,bank_timeout,2,3,648,19,0,0,0.44,1,2026-08-02 02:15:00
TX004018,CUST00294,2199.9,Credit Card,authentication_failed,3,0,621,1,0,0,0.27,1,2026-08-29 16:12:00
TX004019,CUST01961,653.48,UPI,insufficient_funds,3,2,888,11,0,0,0.29,0,2026-08-01 14:48:00
TX004020,CUST00165,1004.16,Debit Card,bank_timeout,0,1,522,11,0,0,0.72,1,2026-08-10 14:31:00
TX004021,CUST01212,9604.02,Wallet,network_error,0,1,833,0,0,0,0.67,1,2026-08-07 11:04:00
TX004022,CUST01156,264.1,Net Banking,insufficient_funds,0,1,124,2,0,0,0.5,0,2026-08-28 10:01:00
TX004023,CUST01358,172.11,UPI,bank_timeout,1,0,1368,3,0,0,0.74,1,2026-08-30 22:34:00
TX004024,CUST01528,2400.88,UPI,insufficient_funds,0,1,1233,0,0,0,0.55,0,2026-08-20 23:42:00
TX004025,CUST00290,556.33,Net Banking,issuer_declined,1,2,563,15,0,0,0.28,0,2026-08-18 15:00:00
TX004026,CUST00773,797.72,UPI,expired_card,1,0,321,22,0,0,0.49,1,2026-08-03 15:15:00
TX004027,CUST00665,502.12,Debit Card,issuer_declined,0,1,1045,8,0,0,0.42,0,2026-08-13 20:57:00
TX004028,CUST01497,845.73,Wallet,expired_card,2,2,1400,9,1,0,0.22,0,2026-08-24 03:24:00
TX004029,CUST00276,5423.72,UPI,authentication_failed,2,3,1296,4,0,0,0.09,0,2026-08-23 10:36:00
TX004030,CUST02918,2445.8,Wallet,network_error,0,1,1469,10,0,1,0.59,0,2026-08-14 14:57:00
TX004031,CUST02172,2597.29,Wallet,suspicious_transaction,0,0,1177,21,0,0,0.2,0,2026-08-25 18:38:00
TX004032,CUST01045,266.07,Net Banking,issuer_declined,5,1,1320,23,0,0,0.12,0,2026-08-23 11:56:00
TX004033,CUST02295,346.83,UPI,expired_card,1,0,980,12,0,0,0.54,1,2026-08-12 14:08:00
TX004034,CUST02344,100.0,Net Banking,suspicious_transaction,1,0,659,7,0,0,0.14,1,2026-08-05 12:48:00
TX004035,CUST02204,488.15,Net Banking,bank_timeout,0,1,628,14,0,0,0.72,1,2026-08-19 05:12:00
TX004036,CUST00235,2854.65,Wallet,bank_timeout,0,0,748,5,0,0,0.8,1,2026-08-30 22:30:00
TX004037,CUST02657,1838.94,Wallet,bank_timeout,0,1,32,16,0,0,0.67,0,2026-08-15 11:57:00
TX004038,CUST02356,878.74,UPI,bank_timeout,0,1,436,23,0,0,0.72,0,2026-08-23 01:40:00
TX004039,CUST00191,1072.45,Debit Card,authentication_failed,2,3,986,3,0,0,0.09,0,2026-08-22 07:15:00
TX004040,CUST00227,550.66,Credit Card,suspicious_transaction,5,0,1428,2,0,0,0.02,0,2026-08-13 20:12:00
TX004041,CUST00147,1345.82,Wallet,expired_card,3,2,939,10,0,0,0.26,0,2026-08-23 07:52:00
TX004042,CUST01059,2358.73,Debit Card,suspicious_transaction,1,1,690,23,0,0,0.06,0,2026-08-19 15:49:00
TX004043,CUST00863,217.92,Credit Card,authentication_failed,1,0,7,22,0,0,0.34,0,2026-08-16 12:58:00
TX004044,CUST00884,1479.78,UPI,expired_card,0,1,268,16,0,0,0.47,1,2026-08-18 16:58:00
TX004045,CUST02343,2786.2,Debit Card,expired_card,3,3,124,22,0,0,0.13,0,2026-08-08 04:07:00
TX004046,CUST02643,724.08,Net Banking,network_error,0,1,868,19,0,0,0.67,1,2026-08-22 03:33:00
TX004047,CUST01783,2209.9,Debit Card,issuer_declined,0,1,403,22,0,1,0.34,0,2026-08-19 02:50:00
TX004048,CUST00421,18299.97,Net Banking,issuer_declined,1,1,1395,16,0,0,0.36,1,2026-08-14 02:29:00
TX004049,CUST02312,987.97,UPI,insufficient_funds,0,1,1192,10,1,0,0.45,0,2026-08-08 21:37:00
TX004050,CUST01406,1625.07,Wallet,bank_timeout,0,1,1242,2,0,0,0.72,1,2026-08-22 20:40:00
TX004051,CUST02560,524.24,Wallet,bank_timeout,0,0,44,16,1,0,0.65,0,2026-08-15 00:16:00
TX004052,CUST02374,1314.55,UPI,bank_timeout,4,3,614,7,0,0,0.32,0,2026-08-08 23:47:00
TX004053,CUST01142,1737.62,Wallet,issuer_declined,1,0,1427,12,0,0,0.44,0,2026-08-28 21:44:00
TX004054,CUST00483,1332.54,UPI,expired_card,0,1,862,8,1,1,0.34,1,2026-08-08 02:03:00
TX004055,CUST02267,395.56,Net Banking,suspicious_transaction,3,2,891,11,0,1,0.02,0,2026-08-07 14:28:00
TX004056,CUST00113,1347.98,Credit Card,authentication_failed,1,2,122,11,0,0,0.18,0,2026-08-20 16:38:00
TX004057,CUST02648,4732.44,Wallet,issuer_declined,0,1,387,17,0,0,0.42,1,2026-08-14 01:28:00
TX004058,CUST00652,1717.52,Wallet,insufficient_funds,0,1,1474,15,0,0,0.55,0,2026-08-15 18:26:00
TX004059,CUST00220,2869.77,Credit Card,bank_timeout,5,1,919,15,0,0,0.42,1,2026-08-21 15:49:00
TX004060,CUST02358,865.22,Credit Card,network_error,0,1,96,10,0,0,0.62,1,2026-08-28 14:16:00
TX004061,CUST00597,2321.34,Debit Card,authentication_failed,1,1,1384,22,0,0,0.31,1,2026-08-26 09:52:00
TX004062,CUST02944,1449.93,Net Banking,network_error,1,0,1045,21,0,0,0.69,0,2026-08-04 14:34:00
TX004063,CUST00703,423.73,Wallet,suspicious_transaction,0,1,984,8,0,0,0.12,0,2026-08-04 19:09:00
TX004064,CUST00214,1507.97,Debit Card,bank_timeout,0,0,1223,12,0,0,0.8,1,2026-08-09 07:29:00
TX004065,CUST01154,406.79,UPI,network_error,1,0,1364,16,1,1,0.51,1,2026-08-04 12:38:00
TX004066,CUST02886,582.38,UPI,insufficient_funds,0,0,276,19,0,0,0.58,0,2026-08-12 07:25:00
TX004067,CUST01870,1325.21,UPI,suspicious_transaction,0,1,897,16,0,0,0.12,0,2026-08-17 06:35:00
TX004068,CUST01302,1476.23,UPI,bank_timeout,0,0,130,21,1,0,0.65,0,2026-08-24 06:19:00
TX004069,CUST01238,333.88,Debit Card,issuer_declined,3,0,449,15,1,1,0.14,0,2026-08-03 23:39:00
TX004070,CUST02721,3146.31,Net Banking,issuer_declined,0,1,737,13,0,0,0.42,0,2026-08-01 07:26:00
TX004071,CUST00758,1943.03,UPI,network_error,2,3,437,14,0,0,0.39,0,2026-08-29 20:04:00
TX004072,CUST02700,542.0,UPI,bank_timeout,3,0,201,21,0,0,0.57,1,2026-08-08 02:55:00
TX004073,CUST00315,235.67,Wallet,expired_card,0,0,1487,21,0,1,0.52,1,2026-08-04 12:28:00
TX004074,CUST00855,948.7,Wallet,issuer_declined,0,1,826,1,0,0,0.42,0,2026-08-13 07:50:00
TX004075,CUST01023,702.09,Debit Card,insufficient_funds,0,1,965,2,1,0,0.45,0,2026-08-02 11:32:00
TX004076,CUST01241,1228.0,Debit Card,bank_timeout,3,1,144,22,1,0,0.39,0,2026-08-29 13:00:00
TX004077,CUST01665,762.71,UPI,authentication_failed,0,1,1230,6,0,0,0.37,1,2026-08-23 12:00:00
TX004078,CUST01986,147.31,Wallet,insufficient_funds,0,1,526,16,0,0,0.55,1,2026-08-22 11:45:00
TX004079,CUST01434,743.71,UPI,authentication_failed,0,1,821,8,0,0,0.37,0,2026-08-23 18:23:00
TX004080,CUST01700,807.85,UPI,network_error,2,2,529,3,0,0,0.47,0,2026-08-05 23:27:00
TX004081,CUST00475,2066.6,Debit Card,insufficient_funds,2,0,784,1,0,0,0.51,0,2026-08-26 19:53:00
TX004082,CUST02045,545.55,Debit Card,issuer_declined,1,2,349,12,0,0,0.23,0,2026-08-15 20:11:00
TX004083,CUST00192,5876.25,Debit Card,issuer_declined,0,1,572,23,0,0,0.42,1,2026-08-07 14:19:00
TX004084,CUST01657,162.12,Net Banking,network_error,0,0,1434,11,0,1,0.67,0,2026-08-11 08:18:00
TX004085,CUST01796,4069.06,Wallet,expired_card,5,1,842,16,0,0,0.22,0,2026-08-02 22:58:00
TX004086,CUST01202,876.28,Credit Card,issuer_declined,0,0,604,4,0,0,0.5,1,2026-08-18 09:24:00
TX004087,CUST02702,2590.44,Wallet,bank_timeout,1,0,879,17,1,0,0.64,1,2026-08-27 05:59:00
TX004088,CUST01935,1187.73,Credit Card,expired_card,0,1,802,13,0,0,0.52,1,2026-08-06 12:42:00
TX004089,CUST01881,3427.39,UPI,issuer_declined,0,1,886,0,1,0,0.32,0,2026-08-06 01:06:00
TX004090,CUST02910,744.44,Wallet,authentication_failed,0,1,970,17,0,0,0.37,0,2026-08-17 12:02:00
TX004091,CUST01871,365.54,Net Banking,bank_timeout,1,1,988,1,0,0,0.66,0,2026-08-28 11:51:00
TX004092,CUST02975,4539.19,Credit Card,network_error,0,0,614,18,0,0,0.75,1,2026-08-29 21:41:00
TX004093,CUST02425,978.99,Credit Card,bank_timeout,0,0,745,19,0,0,0.8,1,2026-08-22 02:39:00
TX004094,CUST01149,1368.62,UPI,authentication_failed,1,0,350,21,0,0,0.34,0,2026-08-13 04:17:00
TX004095,CUST01174,3769.7,Net Banking,expired_card,2,0,186,5,0,0,0.43,0,2026-08-06 20:57:00
TX004096,CUST00250,390.74,Wallet,bank_timeout,0,0,1146,17,1,0,0.7,0,2026-08-02 18:02:00
TX004097,CUST00287,1989.21,Net Banking,authentication_failed,0,0,1339,12,0,0,0.45,1,2026-08-17 21:57:00
TX004098,CUST01381,607.96,Wallet,issuer_declined,3,0,652,3,0,0,0.32,0,2026-08-20 19:47:00
TX004099,CUST02889,960.86,Net Banking,bank_timeout,1,1,1110,12,0,0,0.66,1,2026-08-03 11:21:00
TX004100,CUST00544,1178.83,Debit Card,issuer_declined,3,3,386,4,0,0,0.08,0,2026-08-13 13:21:00
TX004101,CUST01473,244.64,UPI,network_error,5,0,794,19,0,0,0.45,0,2026-08-22 01:48:00
TX004102,CUST00837,503.29,Wallet,insufficient_funds,0,0,1303,9,0,0,0.63,0,2026-08-30 02:44:00
TX004103,CUST00019,4234.72,Net Banking,issuer_declined,1,2,589,7,0,0,0.28,0,2026-08-11 12:47:00
TX004104,CUST00112,2660.29,UPI,issuer_declined,0,1,1332,22,0,0,0.42,0,2026-08-29 14:43:00
TX004105,CUST02034,1030.05,UPI,issuer_declined,1,2,502,15,0,0,0.28,0,2026-08-22 06:36:00
TX004106,CUST02502,1398.46,UPI,expired_card,4,1,119,8,0,0,0.23,0,2026-08-27 06:10:00
TX004107,CUST00097,817.1,Credit Card,authentication_failed,0,1,233,6,1,0,0.22,1,2026-08-29 16:45:00
TX004108,CUST00205,4258.12,UPI,authentication_failed,1,1,1006,10,0,0,0.31,0,2026-08-01 00:15:00
TX004109,CUST02220,897.53,Debit Card,bank_timeout,0,1,328,16,0,0,0.67,1,2026-08-08 10:54:00
TX004110,CUST01411,1382.77,Debit Card,issuer_declined,0,0,1099,11,1,0,0.4,0,2026-08-06 07:52:00
TX004111,CUST00773,3449.66,Debit Card,bank_timeout,1,0,897,17,0,0,0.74,0,2026-08-16 17:24:00
TX004112,CUST00056,504.03,Debit Card,bank_timeout,5,0,1087,20,0,0,0.5,1,2026-08-05 05:07:00
TX004113,CUST01186,5212.37,UPI,bank_timeout,4,0,1009,8,0,1,0.48,1,2026-08-18 00:09:00
TX004114,CUST00278,237.35,Debit Card,insufficient_funds,1,0,443,4,0,0,0.57,1,2026-08-18 09:58:00
TX004115,CUST02301,5595.08,Wallet,authentication_failed,1,1,464,16,0,0,0.31,1,2026-08-07 20:46:00
TX004116,CUST02763,755.46,Debit Card,bank_timeout,0,0,769,1,0,0,0.8,0,2026-08-20 23:26:00
TX004117,CUST00332,860.32,Credit Card,issuer_declined,2,0,417,15,0,0,0.38,0,2026-08-07 05:32:00
TX004118,CUST02643,165.67,Debit Card,insufficient_funds,2,1,882,12,0,0,0.43,0,2026-08-10 10:42:00
TX004119,CUST01752,695.9,Debit Card,expired_card,0,1,646,22,0,0,0.52,1,2026-08-20 03:31:00
TX004120,CUST02261,387.69,UPI,issuer_declined,2,2,223,9,0,0,0.17,0,2026-08-05 21:44:00
TX004121,CUST02188,597.26,Net Banking,expired_card,1,1,468,7,0,0,0.46,1,2026-08-01 08:33:00
TX004122,CUST01152,955.93,Credit Card,network_error,0,0,1417,16,0,0,0.75,1,2026-08-26 22:35:00
TX004123,CUST01584,2857.75,UPI,network_error,0,0,1016,0,0,1,0.67,1,2026-08-25 20:40:00
TX004124,CUST01784,1349.65,Net Banking,insufficient_funds,0,0,1024,20,0,1,0.55,1,2026-08-15 07:29:00
TX004125,CUST01953,1491.71,Wallet,expired_card,4,1,847,16,1,0,0.18,0,2026-08-09 19:23:00
TX004126,CUST02171,366.68,UPI,authentication_failed,2,1,413,6,0,1,0.17,0,2026-08-05 05:58:00
TX004127,CUST02494,454.52,Wallet,insufficient_funds,0,1,104,20,0,0,0.5,0,2026-08-19 00:43:00
TX004128,CUST00568,6625.79,UPI,bank_timeout,1,2,1344,13,0,0,0.58,1,2026-08-08 21:54:00
TX004129,CUST02071,525.74,UPI,authentication_failed,1,2,794,0,1,0,0.13,0,2026-08-23 22:43:00
TX004130,CUST02790,5745.71,Wallet,bank_timeout,3,3,1205,1,0,0,0.38,1,2026-08-25 18:31:00
TX004131,CUST02753,860.01,Debit Card,issuer_declined,1,0,865,17,0,0,0.44,0,2026-08-08 03:14:00
TX004132,CUST02586,1099.15,Debit Card,bank_timeout,1,1,1239,14,1,0,0.56,1,2026-08-25 04:10:00
TX004133,CUST00869,3198.27,Debit Card,insufficient_funds,0,1,1486,8,0,0,0.55,1,2026-08-27 02:25:00
TX004134,CUST00183,3912.35,Debit Card,authentication_failed,1,0,523,13,0,0,0.39,1,2026-08-21 20:06:00
TX004135,CUST02599,981.6,Credit Card,issuer_declined,0,0,144,21,0,0,0.45,1,2026-08-20 05:28:00
TX004136,CUST02979,743.79,Net Banking,issuer_declined,0,1,1302,21,0,0,0.42,0,2026-08-26 07:03:00
TX004137,CUST00036,1036.99,Credit Card,insufficient_funds,0,1,1446,7,0,0,0.55,0,2026-08-24 22:24:00
TX004138,CUST02161,1537.57,Net Banking,bank_timeout,5,0,684,10,0,0,0.5,1,2026-08-29 18:01:00
TX004139,CUST01801,2673.93,Credit Card,network_error,0,0,245,15,0,0,0.7,1,2026-08-22 20:48:00
TX004140,CUST02434,1101.28,Wallet,issuer_declined,2,1,403,3,0,0,0.3,0,2026-08-02 18:37:00
TX004141,CUST01442,2036.29,Wallet,insufficient_funds,0,0,1082,9,0,0,0.63,1,2026-08-13 11:32:00
TX004142,CUST02929,5644.06,Net Banking,issuer_declined,0,0,681,14,0,0,0.5,1,2026-08-06 07:37:00
TX004143,CUST02458,1605.69,Wallet,expired_card,1,1,876,10,0,0,0.46,1,2026-08-14 16:26:00
TX004144,CUST00614,1497.65,Debit Card,issuer_declined,2,3,931,5,0,0,0.14,1,2026-08-22 01:57:00
TX004145,CUST00664,240.11,Credit Card,suspicious_transaction,0,1,90,13,0,1,0.02,0,2026-08-12 19:45:00
TX004146,CUST00427,100.0,Credit Card,insufficient_funds,0,0,1141,13,0,0,0.63,0,2026-08-29 00:59:00
TX004147,CUST00553,1617.08,Credit Card,authentication_failed,1,2,1075,12,0,0,0.23,0,2026-08-20 06:15:00
TX004148,CUST02660,997.42,Wallet,network_error,0,1,883,2,1,0,0.57,1,2026-08-13 05:28:00
TX004149,CUST02628,655.38,Wallet,bank_timeout,3,1,1005,20,0,0,0.54,0,2026-08-27 09:06:00
TX004150,CUST00660,1399.02,Net Banking,bank_timeout,0,1,9,20,0,1,0.59,1,2026-08-20 11:26:00
TX004151,CUST01690,1032.35,Debit Card,authentication_failed,1,0,1200,13,1,0,0.29,1,2026-08-04 19:17:00
TX004152,CUST00027,3387.27,UPI,insufficient_funds,0,1,1364,18,0,0,0.55,0,2026-08-12 07:33:00
TX004153,CUST00159,1195.25,UPI,bank_timeout,3,2,820,4,0,0,0.46,0,2026-08-30 14:51:00
TX004154,CUST02830,519.61,Credit Card,network_error,0,1,371,22,0,0,0.67,1,2026-08-24 01:10:00
TX004155,CUST01875,2951.79,Credit Card,bank_timeout,2,1,324,3,0,0,0.55,0,2026-08-19 04:45:00
TX004156,CUST02333,882.6,UPI,bank_timeout,0,1,135,3,0,1,0.59,0,2026-08-12 12:09:00
TX004157,CUST00004,1856.66,Credit Card,issuer_declined,4,3,553,5,0,0,0.02,0,2026-08-12 16:58:00
TX004158,CUST01005,680.34,Debit Card,authentication_failed,1,2,848,10,0,0,0.23,0,2026-08-17 04:59:00
TX004159,CUST00250,572.59,Debit Card,suspicious_transaction,0,1,1377,8,1,0,0.02,1,2026-08-24 03:14:00
TX004160,CUST01532,1192.93,Wallet,authentication_failed,0,1,704,11,0,0,0.37,0,2026-08-15 09:37:00
TX004161,CUST02310,1110.79,Credit Card,bank_timeout,2,2,662,5,0,0,0.52,0,2026-08-08 11:53:00
TX004162,CUST00936,1771.93,UPI,network_error,0,1,1493,7,1,0,0.57,0,2026-08-07 02:15:00
TX004163,CUST02471,838.28,Net Banking,insufficient_funds,0,1,466,7,0,0,0.55,0,2026-08-15 01:36:00
TX004164,CUST01414,174.8,Net Banking,insufficient_funds,4,3,1420,20,0,0,0.15,1,2026-08-22 12:02:00
TX004165,CUST01862,711.39,Credit Card,issuer_declined,1,1,1474,8,0,0,0.36,0,2026-08-24 04:59:00
TX004166,CUST00865,2425.56,Debit Card,bank_timeout,2,3,923,20,0,0,0.44,1,2026-08-02 11:09:00
TX004167,CUST02444,814.54,Wallet,insufficient_funds,0,0,1257,16,0,0,0.63,1,2026-08-29 22:44:00
TX004168,CUST01064,857.15,Credit Card,bank_timeout,1,1,729,16,0,0,0.66,0,2026-08-03 06:57:00
TX004169,CUST00738,2940.62,Debit Card,insufficient_funds,0,1,1318,11,0,0,0.55,1,2026-08-25 01:34:00
TX004170,CUST01070,538.09,Credit Card,issuer_declined,5,3,718,3,0,0,0.02,0,2026-08-10 07:27:00
TX004171,CUST01087,234.44,Debit Card,bank_timeout,3,0,1053,0,0,0,0.62,1,2026-08-11 21:25:00
TX004172,CUST02421,933.9,Debit Card,expired_card,0,1,922,17,0,0,0.52,1,2026-08-15 20:14:00
TX004173,CUST02537,675.75,UPI,network_error,0,0,320,16,0,0,0.7,0,2026-08-09 07:19:00
TX004174,CUST01612,417.28,Debit Card,expired_card,0,0,655,8,0,0,0.6,1,2026-08-27 13:28:00
TX004175,CUST00891,920.23,Net Banking,expired_card,1,1,120,11,0,0,0.41,0,2026-08-30 08:51:00
TX004176,CUST02956,1792.75,UPI,expired_card,4,3,1370,6,0,0,0.12,0,2026-08-30 21:22:00
TX004177,CUST00829,1086.49,Credit Card,insufficient_funds,1,0,1016,19,0,0,0.57,1,2026-08-22 21:40:00
TX004178,CUST02103,1490.67,Wallet,suspicious_transaction,2,1,904,19,0,0,0.02,0,2026-08-08 10:07:00
TX004179,CUST02869,6723.79,Credit Card,expired_card,1,0,797,18,0,0,0.54,1,2026-08-13 14:40:00
TX004180,CUST01097,778.31,UPI,authentication_failed,2,1,1039,11,0,0,0.25,0,2026-08-24 23:57:00
TX004181,CUST00679,1448.59,Net Banking,network_error,2,0,207,13,0,0,0.58,1,2026-08-27 06:33:00
TX004182,CUST01285,659.04,Credit Card,insufficient_funds,0,1,203,11,0,0,0.5,1,2026-08-10 07:40:00
TX004183,CUST00290,470.43,Net Banking,insufficient_funds,2,0,1363,6,0,0,0.51,1,2026-08-18 10:15:00
TX004184,CUST00261,611.0,Wallet,authentication_failed,2,3,778,11,0,0,0.09,0,2026-08-01 22:16:00
TX004185,CUST00178,679.42,Credit Card,insufficient_funds,0,1,1069,21,0,0,0.55,1,2026-08-01 05:27:00
TX004186,CUST01438,1571.01,UPI,expired_card,4,1,1051,20,1,0,0.18,0,2026-08-05 08:22:00
TX004187,CUST02516,11488.2,UPI,issuer_declined,0,1,785,19,0,0,0.42,0,2026-08-27 04:38:00
TX004188,CUST02801,535.9,Credit Card,network_error,4,3,588,21,0,0,0.27,1,2026-08-18 23:41:00
TX004189,CUST02112,722.98,Wallet,insufficient_funds,0,0,713,5,0,0,0.63,1,2026-08-23 09:23:00
TX004190,CUST00549,1029.55,UPI,insufficient_funds,0,0,199,9,0,0,0.58,0,2026-08-13 04:21:00
TX004191,CUST00472,1629.13,Wallet,network_error,0,1,647,21,0,0,0.67,0,2026-08-18 11:49:00
TX004192,CUST00721,1427.32,Debit Card,expired_card,1,0,1177,22,0,0,0.54,1,2026-08-04 09:19:00
TX004193,CUST01454,3960.38,Net Banking,authentication_failed,0,1,1082,10,1,0,0.27,0,2026-08-05 23:56:00
TX004194,CUST02219,100.0,Credit Card,issuer_declined,1,0,63,6,1,0,0.29,0,2026-08-01 20:41:00
TX004195,CUST01954,100.79,Debit Card,insufficient_funds,0,1,849,13,0,1,0.47,1,2026-08-19 07:33:00
TX004196,CUST02983,667.89,Net Banking,expired_card,2,0,1475,10,1,0,0.38,1,2026-08-01 01:36:00
TX004197,CUST00333,3285.59,UPI,suspicious_transaction,0,1,701,14,0,0,0.12,0,2026-08-30 05:40:00
TX004198,CUST01618,229.14,Debit Card,network_error,3,1,1205,20,0,0,0.49,1,2026-08-03 16:04:00
TX004199,CUST01383,100.0,UPI,insufficient_funds,0,0,1488,4,0,1,0.55,0,2026-08-20 09:33:00
TX004200,CUST02879,1941.43,Credit Card,bank_timeout,2,0,857,3,0,0,0.68,1,2026-08-22 01:33:00
TX004201,CUST00901,1399.2,UPI,issuer_declined,2,2,338,17,0,0,0.17,0,2026-08-04 04:47:00
TX004202,CUST02601,368.63,Net Banking,bank_timeout,0,1,229,11,0,0,0.67,0,2026-08-03 07:08:00
TX004203,CUST01769,409.3,Net Banking,bank_timeout,1,0,888,14,1,0,0.64,1,2026-08-06 10:39:00
TX004204,CUST01885,415.82,Wallet,expired_card,1,1,1247,13,0,0,0.46,0,2026-08-13 23:23:00
TX004205,CUST01690,1224.8,Net Banking,bank_timeout,4,3,1379,1,0,0,0.32,0,2026-08-04 03:36:00
TX004206,CUST00610,586.21,Credit Card,expired_card,4,1,38,16,0,0,0.23,0,2026-08-22 08:22:00
TX004207,CUST01853,1797.34,Wallet,insufficient_funds,3,1,525,6,0,0,0.37,0,2026-08-18 19:51:00
TX004208,CUST02204,100.0,Net Banking,suspicious_transaction,0,1,1029,5,0,0,0.12,0,2026-08-02 15:03:00
TX004209,CUST02335,465.52,Net Banking,bank_timeout,0,1,682,18,0,1,0.64,0,2026-08-09 20:20:00
TX004210,CUST00886,355.65,Net Banking,insufficient_funds,0,0,135,10,0,0,0.58,1,2026-08-04 00:14:00
TX004211,CUST01135,848.66,UPI,insufficient_funds,3,1,602,12,0,0,0.37,0,2026-08-06 10:00:00
TX004212,CUST02625,640.31,Credit Card,insufficient_funds,0,1,115,18,0,0,0.5,0,2026-08-10 20:36:00
TX004213,CUST02707,2435.35,UPI,issuer_declined,1,2,483,15,0,1,0.2,0,2026-08-30 17:58:00
TX004214,CUST02504,170.83,UPI,issuer_declined,1,0,1453,7,0,0,0.44,1,2026-08-13 13:12:00
TX004215,CUST01803,1147.67,Wallet,bank_timeout,0,1,577,19,0,0,0.72,1,2026-08-25 20:44:00
TX004216,CUST00266,1916.65,Debit Card,bank_timeout,2,2,319,15,0,0,0.47,0,2026-08-29 11:43:00
TX004217,CUST00298,7020.91,Wallet,suspicious_transaction,0,0,44,19,0,0,0.15,0,2026-08-03 06:35:00
TX004218,CUST02624,677.38,Net Banking,authentication_failed,1,1,632,2,0,0,0.31,0,2026-08-18 16:36:00
TX004219,CUST00394,1516.95,UPI,insufficient_funds,1,0,1248,8,0,1,0.49,0,2026-08-22 08:02:00
TX004220,CUST00206,180.57,Wallet,suspicious_transaction,0,1,1136,4,0,0,0.12,0,2026-08-30 11:16:00
TX004221,CUST01965,100.29,Net Banking,network_error,1,2,661,22,0,0,0.53,1,2026-08-11 11:44:00
TX004222,CUST00241,2552.36,Credit Card,bank_timeout,0,1,190,14,0,0,0.67,1,2026-08-07 22:23:00
TX004223,CUST02811,1090.55,Debit Card,expired_card,1,1,859,8,0,0,0.46,1,2026-08-16 18:10:00
TX004224,CUST02073,3563.55,Credit Card,bank_timeout,0,0,170,0,0,0,0.75,1,2026-08-10 15:50:00
TX004225,CUST01075,277.72,Wallet,authentication_failed,5,3,996,22,0,1,0.02,0,2026-08-14 22:10:00
TX004226,CUST02782,1844.39,Credit Card,insufficient_funds,0,1,760,8,0,0,0.55,1,2026-08-09 06:36:00
TX004227,CUST00375,7106.87,Credit Card,insufficient_funds,0,0,642,20,0,0,0.63,1,2026-08-05 12:50:00
TX004228,CUST02754,1668.54,Debit Card,authentication_failed,0,1,755,7,0,0,0.37,0,2026-08-01 15:12:00
TX004229,CUST02066,1446.04,Credit Card,expired_card,0,1,655,5,0,0,0.52,0,2026-08-11 00:41:00
TX004230,CUST00603,1106.06,Debit Card,issuer_declined,1,0,419,18,0,0,0.44,0,2026-08-20 16:21:00
TX004231,CUST01335,227.95,Net Banking,bank_timeout,0,0,457,11,1,0,0.7,1,2026-08-15 19:44:00
TX004232,CUST01336,4253.82,Wallet,bank_timeout,3,1,1256,9,1,0,0.44,0,2026-08-24 15:18:00
TX004233,CUST01553,595.35,Credit Card,issuer_declined,0,1,369,18,0,0,0.42,0,2026-08-20 11:14:00
TX004234,CUST00645,1816.17,Debit Card,authentication_failed,4,1,780,0,0,0,0.13,0,2026-08-07 04:25:00
TX004235,CUST01713,229.74,Credit Card,network_error,4,0,838,14,0,1,0.43,1,2026-08-10 00:13:00
TX004236,CUST00556,337.15,Net Banking,network_error,5,1,616,3,0,0,0.37,0,2026-08-21 04:46:00
TX004237,CUST01953,4605.87,Debit Card,network_error,3,3,434,23,0,0,0.33,0,2026-08-27 20:33:00
TX004238,CUST02408,774.87,Wallet,insufficient_funds,1,2,682,7,0,0,0.41,0,2026-08-04 10:11:00
TX004239,CUST00721,4690.41,Credit Card,expired_card,2,3,677,14,0,0,0.24,1,2026-08-30 08:41:00
TX004240,CUST01994,1014.11,Net Banking,issuer_declined,0,0,325,20,0,0,0.45,0,2026-08-07 23:19:00
TX004241,CUST00050,173.83,Wallet,suspicious_transaction,1,1,836,8,0,0,0.06,0,2026-08-26 17:58:00
TX004242,CUST02815,2675.97,Net Banking,bank_timeout,1,1,154,17,0,0,0.61,1,2026-08-20 16:25:00
TX004243,CUST02336,607.96,Wallet,network_error,0,1,697,2,1,0,0.57,0,2026-08-10 02:06:00
TX004244,CUST02125,2205.45,Credit Card,expired_card,0,0,1193,16,0,0,0.6,1,2026-08-09 10:39:00
TX004245,CUST01986,1124.63,Wallet,issuer_declined,1,0,118,7,0,0,0.39,1,2026-08-18 03:21:00
TX004246,CUST02452,234.37,Debit Card,expired_card,1,1,361,10,0,0,0.41,1,2026-08-14 15:46:00
TX004247,CUST00301,1292.45,Credit Card,bank_timeout,0,0,1388,17,0,0,0.8,1,2026-08-18 10:59:00
TX004248,CUST00128,9859.82,Wallet,bank_timeout,3,0,943,3,0,0,0.62,0,2026-08-10 07:11:00
TX004249,CUST02884,1795.41,Net Banking,bank_timeout,2,3,1048,0,0,0,0.44,0,2026-08-24 00:14:00
TX004250,CUST01173,1035.34,Debit Card,network_error,0,1,276,3,0,0,0.62,0,2026-08-23 11:57:00
TX004251,CUST02031,3214.23,Net Banking,bank_timeout,1,0,149,22,0,0,0.69,1,2026-08-14 20:31:00
TX004252,CUST00955,1353.8,Wallet,authentication_failed,1,0,1211,15,0,0,0.39,0,2026-08-18 02:28:00
TX004253,CUST02100,1352.26,Debit Card,bank_timeout,1,2,68,2,0,0,0.53,1,2026-08-22 01:20:00
TX004254,CUST00681,368.11,Wallet,bank_timeout,4,1,215,3,0,0,0.43,0,2026-08-21 01:25:00
TX004255,CUST01267,1385.54,Net Banking,bank_timeout,0,0,219,4,1,0,0.65,1,2026-08-01 18:31:00
TX004256,CUST01264,3088.51,Credit Card,network_error,3,3,645,16,0,1,0.25,1,2026-08-15 10:45:00
TX004257,CUST02503,475.3,Credit Card,bank_timeout,0,1,239,12,0,0,0.67,1,2026-08-19 00:48:00
TX004258,CUST00367,4557.35,Wallet,authentication_failed,0,1,462,3,0,1,0.29,0,2026-08-04 03:51:00
TX004259,CUST01883,1000.54,Wallet,expired_card,0,1,132,7,0,0,0.47,1,2026-08-25 17:20:00
TX004260,CUST02672,451.34,UPI,bank_timeout,1,0,362,0,0,0,0.69,1,2026-08-05 03:21:00
TX004261,CUST02445,2973.91,Debit Card,bank_timeout,3,2,795,19,0,0,0.46,1,2026-08-19 08:09:00
TX004262,CUST00147,823.21,Net Banking,insufficient_funds,3,1,75,20,0,0,0.32,0,2026-08-27 00:07:00
TX004263,CUST02259,2343.77,UPI,insufficient_funds,3,1,1413,21,0,0,0.37,1,2026-08-10 09:53:00
TX004264,CUST01485,819.13,UPI,bank_timeout,0,0,863,4,0,1,0.72,1,2026-08-27 05:21:00
TX004265,CUST01115,1032.95,Net Banking,suspicious_transaction,1,0,744,21,1,0,0.04,0,2026-08-10 10:02:00
TX004266,CUST00907,1796.44,Credit Card,bank_timeout,0,0,113,18,0,0,0.75,1,2026-08-01 00:07:00
TX004267,CUST01957,1466.89,Debit Card,bank_timeout,3,2,1162,20,0,0,0.46,1,2026-08-26 15:27:00
TX004268,CUST00205,149.08,Credit Card,network_error,0,1,985,8,0,0,0.67,1,2026-08-23 22:54:00
TX004269,CUST00080,357.36,UPI,bank_timeout,1,0,803,4,0,0,0.74,1,2026-08-15 02:41:00
TX004270,CUST01764,2777.79,Wallet,issuer_declined,0,1,743,0,0,0,0.42,1,2026-08-12 15:15:00
TX004271,CUST02594,960.89,Debit Card,authentication_failed,0,1,796,23,0,0,0.37,1,2026-08-05 19:17:00
TX004272,CUST02645,649.54,Wallet,bank_timeout,0,0,195,12,0,0,0.75,1,2026-08-28 11:43:00
TX004273,CUST00029,281.86,Net Banking,network_error,3,0,997,11,1,0,0.47,1,2026-08-27 07:44:00
TX004274,CUST00662,372.51,Net Banking,network_error,1,2,726,0,0,1,0.45,1,2026-08-08 06:12:00
TX004275,CUST02712,145.21,Credit Card,expired_card,3,2,402,23,0,0,0.26,0,2026-08-29 23:10:00
TX004276,CUST02286,991.0,Net Banking,network_error,0,0,8,8,0,0,0.7,0,2026-08-04 15:44:00
TX004277,CUST00123,602.79,Credit Card,issuer_declined,1,0,583,15,0,0,0.44,1,2026-08-07 11:49:00
TX004278,CUST02960,417.14,Net Banking,bank_timeout,3,3,606,10,0,0,0.38,1,2026-08-17 18:10:00
TX004279,CUST01455,1024.41,UPI,suspicious_transaction,4,0,298,20,0,1,0.02,0,2026-08-27 12:30:00
TX004280,CUST01434,1578.09,Debit Card,insufficient_funds,5,3,521,4,0,0,0.09,0,2026-08-10 05:52:00
TX004281,CUST01691,8894.58,UPI,bank_timeout,2,0,1159,16,0,0,0.68,1,2026-08-24 17:38:00
TX004282,CUST00477,241.8,Debit Card,network_error,1,1,85,4,0,0,0.56,1,2026-08-06 02:42:00
TX004283,CUST02016,3496.02,UPI,network_error,0,0,744,5,0,0,0.75,1,2026-08-30 23:10:00
TX004284,CUST00329,2901.84,Credit Card,issuer_declined,0,1,382,5,0,0,0.42,1,2026-08-04 03:39:00
TX004285,CUST02015,503.16,Debit Card,issuer_declined,0,1,507,14,0,0,0.42,0,2026-08-26 05:37:00
TX004286,CUST00675,1343.77,Wallet,bank_timeout,0,0,433,19,0,0,0.8,0,2026-08-02 04:43:00
TX004287,CUST02225,693.93,Credit Card,network_error,0,1,889,3,0,1,0.59,0,2026-08-18 10:05:00
TX004288,CUST01167,1320.4,Net Banking,issuer_declined,0,1,771,8,0,0,0.42,1,2026-08-16 01:25:00
TX004289,CUST00196,4959.85,Wallet,issuer_declined,0,0,1329,9,0,0,0.5,0,2026-08-27 09:53:00
TX004290,CUST02314,2009.43,Credit Card,issuer_declined,3,1,1054,13,1,0,0.14,0,2026-08-16 05:51:00
TX004291,CUST00439,1823.67,Debit Card,issuer_declined,1,0,661,21,0,1,0.36,1,2026-08-25 15:28:00
TX004292,CUST01677,713.15,Debit Card,authentication_failed,0,0,1153,16,1,0,0.35,0,2026-08-10 08:05:00
TX004293,CUST02477,248.62,UPI,authentication_failed,0,0,887,15,0,1,0.37,0,2026-08-11 05:44:00
TX004294,CUST00218,890.28,Credit Card,insufficient_funds,1,0,215,23,0,0,0.52,0,2026-08-27 23:08:00
TX004295,CUST00583,3665.09,UPI,insufficient_funds,1,2,36,10,1,0,0.26,1,2026-08-21 20:28:00
TX004296,CUST00144,238.13,Wallet,issuer_declined,1,1,714,22,0,0,0.36,0,2026-08-06 07:05:00
TX004297,CUST01268,381.81,Credit Card,insufficient_funds,2,3,425,17,0,0,0.27,0,2026-08-29 20:12:00
TX004298,CUST01301,1244.22,Debit Card,insufficient_funds,0,1,1228,14,0,0,0.55,1,2026-08-19 14:40:00
TX004299,CUST00929,409.67,Credit Card,network_error,0,1,468,15,0,0,0.67,0,2026-08-29 00:37:00
TX004300,CUST00323,496.45,Wallet,expired_card,0,1,831,10,0,0,0.52,0,2026-08-13 02:03:00
TX004301,CUST00258,717.95,Credit Card,issuer_declined,0,1,814,16,0,0,0.42,0,2026-08-24 01:47:00
TX004302,CUST01819,279.89,Net Banking,network_error,1,2,1297,23,0,0,0.53,0,2026-08-29 13:08:00
TX004303,CUST00356,414.01,Wallet,bank_timeout,2,1,1395,8,0,0,0.6,0,2026-08-21 02:09:00
TX004304,CUST01026,2215.93,Credit Card,insufficient_funds,1,0,447,2,0,0,0.57,1,2026-08-09 13:49:00
TX004305,CUST01411,296.67,Net Banking,network_error,2,1,848,3,1,0,0.45,1,2026-08-18 08:58:00
TX004306,CUST00699,221.88,UPI,insufficient_funds,0,1,469,23,0,0,0.55,0,2026-08-15 17:28:00
TX004307,CUST01430,584.04,Net Banking,authentication_failed,1,0,132,20,1,0,0.24,0,2026-08-27 23:07:00
TX004308,CUST00722,2280.06,Net Banking,insufficient_funds,1,2,39,0,0,0,0.36,0,2026-08-13 05:18:00
TX004309,CUST00916,900.62,Wallet,bank_timeout,0,1,971,16,0,0,0.72,1,2026-08-20 17:34:00
TX004310,CUST00041,689.12,Wallet,insufficient_funds,0,1,141,16,0,1,0.42,0,2026-08-06 21:50:00
TX004311,CUST01153,1146.37,Debit Card,suspicious_transaction,2,1,1139,16,0,0,0.02,0,2026-08-12 22:30:00
TX004312,CUST02837,191.39,Net Banking,bank_timeout,4,3,446,13,0,1,0.24,0,2026-08-05 06:19:00
TX004313,CUST02115,1798.5,UPI,bank_timeout,3,1,1208,23,0,0,0.54,1,2026-08-16 10:40:00
TX004314,CUST00028,1609.11,Credit Card,bank_timeout,3,1,568,18,1,1,0.36,1,2026-08-19 18:28:00
TX004315,CUST01045,728.28,Wallet,bank_timeout,1,2,1415,13,0,1,0.5,0,2026-08-22 14:53:00
TX004316,CUST02659,2998.67,Credit Card,authentication_failed,0,1,1425,17,1,1,0.19,0,2026-08-10 10:41:00
TX004317,CUST02700,355.14,Wallet,bank_timeout,1,2,511,1,0,1,0.5,1,2026-08-03 21:18:00
TX004318,CUST01672,3387.71,UPI,expired_card,0,1,149,23,0,0,0.47,1,2026-08-08 00:47:00
TX004319,CUST02093,1279.84,Net Banking,issuer_declined,5,3,328,13,0,0,0.02,0,2026-08-04 05:30:00
TX004320,CUST00016,783.25,Debit Card,expired_card,0,0,855,15,0,0,0.6,1,2026-08-12 01:47:00
TX004321,CUST01820,1075.05,Wallet,expired_card,1,2,674,20,0,0,0.38,0,2026-08-26 07:28:00
TX004322,CUST00636,985.09,Credit Card,network_error,1,2,198,8,0,0,0.48,0,2026-08-12 03:41:00
TX004323,CUST01728,3715.55,Wallet,insufficient_funds,0,0,88,14,0,0,0.58,1,2026-08-05 12:16:00
TX004324,CUST02782,373.65,UPI,issuer_declined,2,1,474,1,0,0,0.3,0,2026-08-03 22:28:00
TX004325,CUST02782,511.57,Wallet,issuer_declined,1,0,568,22,0,0,0.44,0,2026-08-01 00:57:00
TX004326,CUST01046,3091.16,Debit Card,insufficient_funds,5,1,77,17,0,0,0.2,0,2026-08-21 07:37:00
TX004327,CUST01260,604.54,Wallet,issuer_declined,0,1,1116,20,0,0,0.42,1,2026-08-11 01:47:00
TX004328,CUST00533,2698.72,Net Banking,insufficient_funds,0,1,386,19,0,0,0.55,0,2026-08-11 22:20:00
TX004329,CUST01670,5999.53,Wallet,insufficient_funds,1,1,737,15,0,0,0.49,0,2026-08-12 10:10:00
TX004330,CUST02640,733.78,Credit Card,suspicious_transaction,0,0,1384,7,0,0,0.2,0,2026-08-04 21:31:00
TX004331,CUST02078,2167.57,Debit Card,issuer_declined,0,1,987,22,0,0,0.42,0,2026-08-28 17:36:00
TX004332,CUST01133,345.95,Debit Card,insufficient_funds,0,0,901,9,0,0,0.63,0,2026-08-09 15:38:00
TX004333,CUST02538,2332.59,Net Banking,bank_timeout,0,1,665,0,0,0,0.72,1,2026-08-30 03:31:00
TX004334,CUST00255,1338.66,Credit Card,bank_timeout,1,2,355,19,0,0,0.53,0,2026-08-04 06:13:00
TX004335,CUST01631,1759.95,UPI,network_error,4,3,1477,13,0,0,0.27,0,2026-08-11 03:20:00
TX004336,CUST02081,575.03,UPI,issuer_declined,1,0,1281,5,0,0,0.44,0,2026-08-01 10:29:00
TX004337,CUST02100,208.29,Net Banking,issuer_declined,3,0,1074,13,0,0,0.32,0,2026-08-22 01:11:00
TX004338,CUST00013,1813.93,Net Banking,authentication_failed,2,1,1280,6,0,0,0.25,0,2026-08-02 11:15:00
TX004339,CUST00682,139.3,Net Banking,network_error,1,0,736,1,1,0,0.59,1,2026-08-17 14:04:00
TX004340,CUST01495,798.43,Debit Card,insufficient_funds,1,0,1300,4,0,0,0.57,0,2026-08-23 13:07:00
TX004341,CUST02743,2810.68,UPI,network_error,0,1,645,15,0,0,0.67,0,2026-08-13 22:02:00
TX004342,CUST00475,1328.62,UPI,insufficient_funds,0,0,884,12,0,0,0.63,0,2026-08-04 01:00:00
TX004343,CUST02704,7695.13,Debit Card,bank_timeout,0,1,832,0,0,0,0.72,1,2026-08-18 01:04:00
TX004344,CUST01543,3056.75,Wallet,insufficient_funds,1,2,174,9,0,0,0.36,0,2026-08-18 14:46:00
TX004345,CUST02539,570.27,Net Banking,issuer_declined,0,1,539,12,0,0,0.42,1,2026-08-09 05:19:00
TX004346,CUST01712,1127.0,UPI,issuer_declined,0,0,1290,9,0,0,0.5,1,2026-08-19 05:11:00
TX004347,CUST01545,1045.9,UPI,insufficient_funds,2,0,1053,14,0,0,0.51,1,2026-08-05 21:56:00
TX004348,CUST01185,225.39,UPI,bank_timeout,5,2,1079,14,0,0,0.34,0,2026-08-18 18:21:00
TX004349,CUST00496,428.2,Wallet,authentication_failed,3,0,338,5,0,0,0.22,1,2026-08-02 00:03:00
TX004350,CUST02461,625.93,Debit Card,issuer_declined,4,0,1406,5,1,0,0.16,0,2026-08-15 17:23:00
TX004351,CUST01354,143.13,Net Banking,expired_card,1,0,974,5,0,0,0.54,0,2026-08-26 08:24:00
TX004352,CUST01988,1149.97,Credit Card,suspicious_transaction,0,0,859,11,0,0,0.2,1,2026-08-04 08:30:00
TX004353,CUST02652,854.85,Debit Card,bank_timeout,2,2,203,7,0,0,0.47,0,2026-08-23 03:30:00
TX004354,CUST02484,205.84,Debit Card,network_error,1,2,414,23,0,0,0.53,1,2026-08-28 08:58:00
TX004355,CUST01569,1642.89,Net Banking,bank_timeout,0,1,966,10,0,0,0.72,0,2026-08-07 00:22:00
TX004356,CUST00124,2243.68,Wallet,issuer_declined,0,0,335,17,0,0,0.45,1,2026-08-14 13:38:00
TX004357,CUST00834,1376.14,Wallet,suspicious_transaction,1,1,1205,14,0,0,0.06,0,2026-08-18 16:30:00
TX004358,CUST01585,793.09,Net Banking,issuer_declined,1,1,1037,19,0,0,0.36,0,2026-08-24 15:16:00
TX004359,CUST01962,1981.17,Wallet,insufficient_funds,1,0,609,3,0,0,0.57,0,2026-08-29 08:43:00
TX004360,CUST01169,2165.1,Wallet,bank_timeout,0,1,534,14,0,0,0.72,1,2026-08-17 11:43:00
TX004361,CUST01230,1491.3,Debit Card,issuer_declined,0,1,131,1,0,0,0.37,0,2026-08-08 10:09:00
TX004362,CUST02252,480.77,Net Banking,issuer_declined,0,1,186,19,0,0,0.37,1,2026-08-01 07:57:00
TX004363,CUST00980,1446.06,Net Banking,insufficient_funds,5,0,468,10,0,0,0.33,0,2026-08-06 05:46:00
TX004364,CUST02769,3624.53,UPI,insufficient_funds,1,2,1014,15,0,0,0.41,0,2026-08-02 08:06:00
TX004365,CUST00436,603.88,Credit Card,insufficient_funds,1,0,1231,20,0,0,0.57,0,2026-08-21 13:32:00
TX004366,CUST02507,8936.86,Net Banking,expired_card,0,1,502,2,0,0,0.52,1,2026-08-24 14:38:00
TX004367,CUST01652,648.31,Credit Card,insufficient_funds,2,3,144,12,0,0,0.22,0,2026-08-18 20:31:00
TX004368,CUST00851,1132.75,Wallet,bank_timeout,0,0,292,23,0,0,0.75,1,2026-08-28 23:42:00
TX004369,CUST02113,559.76,Net Banking,issuer_declined,1,1,813,11,0,0,0.36,0,2026-08-02 09:06:00
TX004370,CUST01282,1370.97,Credit Card,issuer_declined,0,0,526,18,0,0,0.5,1,2026-08-30 16:59:00
TX004371,CUST01905,192.05,Net Banking,bank_timeout,3,0,157,22,0,0,0.57,1,2026-08-12 14:09:00
TX004372,CUST02080,635.21,Credit Card,insufficient_funds,3,1,39,11,0,0,0.32,1,2026-08-29 19:23:00
TX004373,CUST01454,367.92,Net Banking,insufficient_funds,1,2,81,1,0,0,0.36,0,2026-08-09 13:30:00
TX004374,CUST00367,1255.56,Debit Card,bank_timeout,0,1,252,10,0,0,0.67,0,2026-08-07 14:48:00
TX004375,CUST01894,2964.45,Net Banking,insufficient_funds,5,0,1335,5,0,0,0.33,0,2026-08-26 23:16:00
TX004376,CUST00809,2092.27,Credit Card,issuer_declined,2,3,1261,9,0,1,0.06,0,2026-08-12 16:09:00
TX004377,CUST01313,102.34,Net Banking,issuer_declined,0,1,1470,21,0,0,0.42,0,2026-08-17 13:35:00
TX004378,CUST00218,8451.25,Net Banking,issuer_declined,0,0,1095,9,1,0,0.4,0,2026-08-23 03:45:00
TX004379,CUST01007,1473.33,Credit Card,expired_card,0,0,435,8,0,0,0.6,0,2026-08-17 11:24:00
TX004380,CUST01153,504.47,Net Banking,network_error,0,0,452,17,0,0,0.75,1,2026-08-08 21:32:00
TX004381,CUST01785,1283.22,Debit Card,issuer_declined,0,0,1445,16,0,0,0.5,1,2026-08-10 13:32:00
TX004382,CUST01368,1307.92,Credit Card,issuer_declined,2,2,369,10,0,0,0.22,0,2026-08-25 06:07:00
TX004383,CUST02738,562.93,Net Banking,network_error,1,1,1421,16,1,0,0.51,0,2026-08-24 01:32:00
TX004384,CUST01163,1336.64,Net Banking,network_error,3,1,527,1,0,0,0.49,1,2026-08-15 10:34:00
TX004385,CUST00076,597.36,Debit Card,expired_card,1,0,1372,8,1,0,0.44,0,2026-08-13 06:17:00
TX004386,CUST01711,731.9,Debit Card,bank_timeout,0,0,1356,20,0,0,0.8,1,2026-08-16 20:57:00
TX004387,CUST02425,552.1,Net Banking,bank_timeout,0,1,489,0,0,0,0.72,1,2026-08-15 01:55:00
TX004388,CUST00934,261.73,Wallet,network_error,0,0,1121,0,0,0,0.75,1,2026-08-27 14:22:00
TX004389,CUST00676,1268.81,Credit Card,bank_timeout,0,0,968,17,0,1,0.72,0,2026-08-09 14:22:00
TX004390,CUST02384,1969.04,UPI,authentication_failed,0,1,1299,23,0,0,0.37,1,2026-08-29 08:12:00
TX004391,CUST00652,1835.15,Net Banking,bank_timeout,3,2,1453,11,0,0,0.46,0,2026-08-18 09:52:00
TX004392,CUST00605,2489.72,Wallet,issuer_declined,1,1,707,23,0,0,0.36,1,2026-08-11 10:36:00
TX004393,CUST02435,1516.77,Credit Card,expired_card,2,1,147,0,0,0,0.35,0,2026-08-23 23:08:00
TX004394,CUST02083,643.73,Debit Card,network_error,1,2,383,16,0,1,0.45,0,2026-08-16 11:29:00
TX004395,CUST01976,2539.35,Credit Card,network_error,2,1,1237,14,0,1,0.47,0,2026-08-26 12:36:00
TX004396,CUST02468,282.16,Wallet,insufficient_funds,0,1,828,20,0,1,0.47,1,2026-08-14 07:18:00
TX004397,CUST01399,445.56,Net Banking,bank_timeout,0,1,1312,14,1,0,0.62,1,2026-08-05 12:34:00
TX004398,CUST02189,418.13,Wallet,insufficient_funds,1,1,110,18,0,1,0.36,1,2026-08-23 02:26:00
TX004399,CUST01399,3229.41,Credit Card,bank_timeout,0,0,948,9,0,1,0.72,1,2026-08-12 19:39:00
TX004400,CUST02184,2815.2,Debit Card,insufficient_funds,1,2,344,1,0,0,0.36,1,2026-08-13 05:43:00
TX004401,CUST00054,1785.23,Net Banking,issuer_declined,0,1,166,17,0,0,0.37,1,2026-08-04 01:48:00
TX004402,CUST00741,3203.28,UPI,network_error,2,3,369,19,0,0,0.39,0,2026-08-29 03:26:00
TX004403,CUST02582,455.19,Debit Card,suspicious_transaction,3,0,1308,12,0,0,0.02,0,2026-08-02 07:53:00
TX004404,CUST02002,1554.01,Wallet,bank_timeout,0,1,861,11,0,0,0.72,1,2026-08-12 06:50:00
TX004405,CUST00436,967.61,Credit Card,bank_timeout,0,1,164,20,0,0,0.67,1,2026-08-08 04:56:00
TX004406,CUST02330,2557.75,UPI,bank_timeout,4,2,143,23,0,0,0.35,0,2026-08-10 14:14:00
TX004407,CUST00155,977.28,Wallet,issuer_declined,2,1,1140,21,0,0,0.3,1,2026-08-06 22:45:00
TX004408,CUST01232,746.25,Net Banking,authentication_failed,0,1,972,3,1,1,0.19,0,2026-08-20 13:44:00
TX004409,CUST01861,1883.54,Credit Card,insufficient_funds,1,2,1267,5,1,0,0.31,1,2026-08-03 17:29:00
TX004410,CUST01881,2633.76,Credit Card,network_error,0,1,965,19,0,0,0.67,0,2026-08-05 18:23:00
TX004411,CUST02685,562.09,UPI,insufficient_funds,2,3,556,14,0,0,0.27,0,2026-08-25 13:06:00
TX004412,CUST02580,1031.66,Debit Card,insufficient_funds,0,0,462,23,0,0,0.63,0,2026-08-15 13:44:00
TX004413,CUST02594,380.53,Wallet,network_error,4,3,1236,2,0,1,0.19,0,2026-08-29 03:00:00
TX004414,CUST02934,100.0,Wallet,insufficient_funds,1,2,990,16,0,0,0.41,1,2026-08-08 09:12:00
TX004415,CUST00890,1340.05,UPI,insufficient_funds,0,0,397,8,0,1,0.55,0,2026-08-25 18:48:00
TX004416,CUST00714,2016.07,UPI,network_error,3,0,49,4,0,0,0.52,1,2026-08-12 22:03:00
TX004417,CUST01830,1425.2,Debit Card,bank_timeout,2,3,596,22,1,0,0.34,0,2026-08-16 13:00:00
TX004418,CUST00331,156.09,UPI,insufficient_funds,2,1,108,6,0,0,0.38,1,2026-08-22 14:29:00
TX004419,CUST00718,772.13,Net Banking,suspicious_transaction,1,0,1115,1,0,0,0.14,0,2026-08-30 00:03:00
TX004420,CUST02613,119.3,UPI,insufficient_funds,1,2,880,22,1,0,0.31,0,2026-08-01 22:36:00
TX004421,CUST01240,4314.35,Debit Card,network_error,0,1,653,21,0,0,0.67,1,2026-08-05 05:18:00
TX004422,CUST00410,370.16,Credit Card,insufficient_funds,2,0,2,18,0,1,0.38,0,2026-08-21 15:45:00
TX004423,CUST01703,3848.36,Net Banking,suspicious_transaction,3,1,175,10,0,0,0.02,0,2026-08-30 17:44:00
TX004424,CUST01850,2823.89,UPI,bank_timeout,1,0,809,17,0,0,0.74,1,2026-08-14 23:28:00
TX004425,CUST00414,445.59,Debit Card,insufficient_funds,0,1,876,17,0,0,0.55,1,2026-08-09 10:52:00
TX004426,CUST01405,353.26,Credit Card,issuer_declined,0,1,1103,18,0,0,0.42,0,2026-08-22 22:53:00
TX004427,CUST00906,1556.77,Wallet,issuer_declined,0,1,70,7,0,0,0.37,0,2026-08-30 21:10:00
TX004428,CUST01968,471.39,UPI,bank_timeout,1,0,1260,11,0,0,0.74,1,2026-08-30 09:42:00
TX004429,CUST00315,1214.98,Debit Card,expired_card,2,3,1492,21,0,0,0.24,1,2026-08-30 14:31:00
TX004430,CUST01258,676.66,Net Banking,authentication_failed,0,1,155,22,1,0,0.22,0,2026-08-16 16:21:00
TX004431,CUST02813,184.72,Credit Card,issuer_declined,2,2,188,12,0,0,0.17,0,2026-08-27 09:08:00
TX004432,CUST02800,117.86,UPI,insufficient_funds,1,2,179,10,0,0,0.36,0,2026-08-09 18:49:00
TX004433,CUST00110,1375.65,Wallet,insufficient_funds,0,0,1309,16,0,0,0.63,1,2026-08-26 19:46:00
TX004434,CUST00839,625.43,Net Banking,issuer_declined,0,0,1419,16,0,0,0.5,0,2026-08-12 07:47:00
TX004435,CUST01165,630.75,Net Banking,bank_timeout,3,2,193,22,0,0,0.41,1,2026-08-25 10:18:00
TX004436,CUST02011,2199.23,Debit Card,issuer_declined,1,1,1024,9,0,0,0.36,1,2026-08-25 01:00:00
TX004437,CUST00968,3545.53,Debit Card,insufficient_funds,0,0,1196,10,1,0,0.53,0,2026-08-27 19:35:00
TX004438,CUST00166,835.02,Wallet,issuer_declined,0,0,774,4,0,0,0.5,1,2026-08-09 12:31:00
TX004439,CUST01383,780.08,Wallet,bank_timeout,1,2,953,12,0,0,0.58,1,2026-08-05 17:54:00
TX004440,CUST02552,1808.3,Net Banking,suspicious_transaction,2,2,958,13,0,0,0.02,0,2026-08-14 19:20:00
TX004441,CUST01643,282.33,Wallet,insufficient_funds,2,0,845,18,0,0,0.51,1,2026-08-05 17:56:00
TX004442,CUST01014,1370.8,Debit Card,expired_card,0,1,672,8,0,1,0.44,0,2026-08-15 21:16:00
TX004443,CUST00030,1904.33,UPI,issuer_declined,3,2,1399,10,0,0,0.16,0,2026-08-20 02:12:00
TX004444,CUST01280,2165.12,Wallet,insufficient_funds,0,0,1118,21,0,0,0.63,1,2026-08-23 13:06:00
TX004445,CUST02195,158.1,Credit Card,bank_timeout,1,2,362,20,0,0,0.53,0,2026-08-17 11:44:00
TX004446,CUST00520,512.16,Debit Card,authentication_failed,2,0,793,0,0,0,0.33,0,2026-08-15 01:44:00
TX004447,CUST00442,455.66,Net Banking,insufficient_funds,2,2,835,3,0,1,0.27,0,2026-08-27 08:05:00
TX004448,CUST02687,1211.83,UPI,bank_timeout,0,1,456,18,0,0,0.72,1,2026-08-08 17:03:00
TX004449,CUST02364,1773.56,Wallet,network_error,0,1,1065,8,0,0,0.67,0,2026-08-05 12:11:00
TX004450,CUST00552,4898.63,Net Banking,insufficient_funds,0,1,1004,22,1,0,0.45,0,2026-08-16 09:17:00
TX004451,CUST00798,668.5,Wallet,bank_timeout,1,2,924,9,0,0,0.58,0,2026-08-01 15:18:00
TX004452,CUST02156,666.76,UPI,expired_card,0,0,342,18,0,0,0.55,1,2026-08-05 09:49:00
TX004453,CUST02479,3462.24,Wallet,network_error,0,1,68,4,0,0,0.62,1,2026-08-15 15:39:00
TX004454,CUST00520,1475.24,Net Banking,expired_card,1,0,1075,0,0,0,0.54,0,2026-08-15 13:47:00
TX004455,CUST01720,3895.79,Credit Card,suspicious_transaction,0,0,1136,0,0,0,0.2,0,2026-08-06 11:12:00
TX004456,CUST02154,1463.71,Wallet,insufficient_funds,0,0,1,0,0,0,0.58,1,2026-08-25 20:32:00
TX004457,CUST01628,344.77,Wallet,network_error,1,2,1343,20,0,0,0.53,0,2026-08-01 11:00:00
TX004458,CUST01861,289.13,UPI,bank_timeout,3,0,869,18,0,0,0.62,1,2026-08-27 20:47:00
TX004459,CUST01915,232.41,Net Banking,suspicious_transaction,0,0,751,8,1,0,0.1,0,2026-08-27 07:48:00
TX004460,CUST02300,2126.12,UPI,insufficient_funds,2,1,931,23,0,0,0.43,0,2026-08-28 01:11:00
TX004461,CUST01263,3599.67,Credit Card,expired_card,0,1,1102,7,0,0,0.52,0,2026-08-10 02:42:00
TX004462,CUST02292,6969.94,Wallet,network_error,1,2,999,20,0,0,0.53,1,2026-08-05 00:36:00
TX004463,CUST00218,2548.11,Wallet,bank_timeout,2,1,492,11,0,0,0.6,1,2026-08-07 18:12:00
TX004464,CUST02112,3508.13,Credit Card,issuer_declined,1,2,1057,19,1,0,0.18,0,2026-08-02 05:12:00
TX004465,CUST01435,613.99,Debit Card,suspicious_transaction,1,1,426,0,0,0,0.06,0,2026-08-13 08:57:00
TX004466,CUST02948,345.01,Wallet,expired_card,2,2,133,13,0,0,0.27,0,2026-08-30 16:14:00
TX004467,CUST00173,2565.94,Credit Card,insufficient_funds,2,0,563,10,0,0,0.51,1,2026-08-04 05:35:00
TX004468,CUST02304,1665.17,Wallet,suspicious_transaction,1,0,1052,8,0,0,0.14,0,2026-08-23 00:16:00
TX004469,CUST01108,1221.02,Wallet,issuer_declined,3,1,862,5,0,0,0.24,0,2026-08-16 18:34:00
TX004470,CUST02213,1615.45,UPI,suspicious_transaction,1,0,44,1,0,0,0.09,0,2026-08-01 22:34:00
TX004471,CUST00330,1515.02,Wallet,authentication_failed,0,0,1347,21,0,0,0.45,0,2026-08-30 22:16:00
TX004472,CUST02527,3959.28,Credit Card,issuer_declined,5,2,1304,13,0,0,0.04,0,2026-08-20 07:30:00
TX004473,CUST02457,4003.75,UPI,bank_timeout,0,0,262,6,0,0,0.75,1,2026-08-14 08:28:00
TX004474,CUST02543,1889.79,Debit Card,network_error,1,0,278,11,1,0,0.54,1,2026-08-30 14:55:00
TX004475,CUST01837,2554.99,Credit Card,issuer_declined,0,1,104,19,0,0,0.37,0,2026-08-23 01:18:00
TX004476,CUST00653,1833.65,Debit Card,insufficient_funds,1,1,792,7,0,0,0.49,0,2026-08-25 04:27:00
TX004477,CUST00871,691.48,Debit Card,insufficient_funds,1,2,61,19,1,0,0.26,1,2026-08-20 00:05:00
TX004478,CUST01024,2336.86,Debit Card,expired_card,0,0,1035,0,0,0,0.6,1,2026-08-08 00:11:00
TX004479,CUST00643,271.92,Credit Card,bank_timeout,2,3,706,14,0,0,0.44,0,2026-08-26 06:29:00
TX004480,CUST02673,3146.01,Credit Card,suspicious_transaction,3,3,705,14,0,0,0.02,0,2026-08-24 03:52:00
TX004481,CUST01695,332.11,Wallet,issuer_declined,0,1,51,23,0,0,0.37,1,2026-08-23 19:11:00
TX004482,CUST01954,1459.43,Wallet,bank_timeout,0,1,229,7,1,1,0.49,1,2026-08-12 21:17:00
TX004483,CUST01660,470.99,Debit Card,issuer_declined,0,1,911,19,0,0,0.42,1,2026-08-29 12:29:00
TX004484,CUST02084,1907.2,Debit Card,issuer_declined,0,0,1412,22,0,1,0.42,0,2026-08-18 13:13:00
TX004485,CUST00869,1060.05,Credit Card,insufficient_funds,0,1,1329,3,0,0,0.55,0,2026-08-30 12:09:00
TX004486,CUST00495,222.57,Credit Card,insufficient_funds,0,1,1342,19,0,0,0.55,1,2026-08-27 03:54:00
TX004487,CUST02149,1670.2,UPI,expired_card,0,0,592,2,0,0,0.6,0,2026-08-22 00:38:00
TX004488,CUST02945,615.28,UPI,bank_timeout,0,0,1462,22,0,0,0.8,1,2026-08-09 19:32:00
TX004489,CUST01553,2646.91,UPI,authentication_failed,1,0,1215,16,0,0,0.39,1,2026-08-12 18:07:00
TX004490,CUST00915,1098.09,Net Banking,insufficient_funds,0,1,1238,6,0,0,0.55,1,2026-08-24 12:27:00
TX004491,CUST02185,1628.51,Wallet,bank_timeout,1,0,801,20,0,0,0.74,1,2026-08-22 20:50:00
TX004492,CUST01882,420.92,Net Banking,issuer_declined,2,0,1106,9,0,0,0.38,0,2026-08-15 11:24:00
TX004493,CUST00666,608.3,UPI,authentication_failed,0,0,1312,0,0,0,0.45,1,2026-08-20 02:39:00
TX004494,CUST00082,693.23,Debit Card,issuer_declined,3,2,128,4,0,0,0.11,0,2026-08-14 17:51:00
TX004495,CUST01377,2582.99,Wallet,issuer_declined,2,3,868,18,0,0,0.14,0,2026-08-30 03:28:00
TX004496,CUST00699,5868.63,Net Banking,insufficient_funds,0,1,1062,7,0,0,0.55,0,2026-08-12 00:04:00
TX004497,CUST01428,490.21,Wallet,authentication_failed,0,0,536,10,0,0,0.45,1,2026-08-17 19:53:00
TX004498,CUST02839,3219.07,Wallet,bank_timeout,2,2,712,10,0,1,0.44,1,2026-08-18 10:34:00
TX004499,CUST00734,125.25,Net Banking,issuer_declined,0,0,580,19,0,0,0.5,1,2026-08-23 13:33:00
TX004500,CUST02871,332.22,UPI,bank_timeout,0,1,1299,1,0,0,0.72,1,2026-08-18 07:25:00
TX004501,CUST00012,420.41,Net Banking,issuer_declined,2,2,426,6,0,0,0.22,1,2026-08-18 01:59:00
TX004502,CUST00853,283.58,Credit Card,network_error,0,0,1455,12,0,0,0.75,1,2026-08-23 13:01:00
TX004503,CUST00155,225.07,Credit Card,issuer_declined,0,0,551,21,0,0,0.5,0,2026-08-05 08:06:00
TX004504,CUST01945,1657.39,Credit Card,expired_card,1,2,750,1,0,0,0.38,0,2026-08-25 09:26:00
TX004505,CUST01490,885.31,Credit Card,issuer_declined,1,0,1480,7,0,0,0.44,1,2026-08-08 16:00:00
TX004506,CUST01051,1602.64,UPI,authentication_failed,4,2,486,1,0,0,0.05,0,2026-08-11 06:30:00
TX004507,CUST02511,2187.41,UPI,bank_timeout,0,0,970,11,0,0,0.8,1,2026-08-24 01:19:00
TX004508,CUST02015,1430.27,UPI,network_error,0,0,449,10,0,0,0.75,1,2026-08-17 20:49:00
TX004509,CUST02417,2117.02,Wallet,bank_timeout,2,2,430,19,0,0,0.52,0,2026-08-18 17:29:00
TX004510,CUST02376,1022.97,Wallet,bank_timeout,3,2,1001,22,0,0,0.46,0,2026-08-24 21:01:00
TX004511,CUST00014,334.62,Net Banking,expired_card,2,1,832,20,0,0,0.4,1,2026-08-14 20:01:00
TX004512,CUST01032,3158.38,Net Banking,authentication_failed,0,0,932,10,1,0,0.35,0,2026-08-16 19:01:00
TX004513,CUST01324,608.43,Wallet,insufficient_funds,1,2,80,20,0,0,0.36,0,2026-08-27 21:15:00
TX004514,CUST02036,430.27,Credit Card,bank_timeout,0,0,87,8,0,1,0.67,1,2026-08-03 21:59:00
TX004515,CUST02352,917.89,UPI,authentication_failed,2,3,207,23,0,0,0.04,0,2026-08-27 22:19:00
TX004516,CUST00322,440.18,UPI,authentication_failed,5,1,102,4,0,0,0.02,0,2026-08-10 20:15:00
TX004517,CUST00647,722.39,Wallet,insufficient_funds,3,0,553,0,0,0,0.45,1,2026-08-16 00:19:00
TX004518,CUST01221,1546.97,Credit Card,bank_timeout,2,1,350,9,0,0,0.55,0,2026-08-03 12:52:00
TX004519,CUST00062,1553.62,UPI,bank_timeout,0,0,1116,21,0,0,0.8,1,2026-08-03 19:02:00
TX004520,CUST02625,446.83,Wallet,authentication_failed,1,2,478,10,0,0,0.23,0,2026-08-18 07:45:00
TX004521,CUST00478,673.37,Net Banking,suspicious_transaction,0,1,1427,16,0,0,0.12,0,2026-08-14 00:15:00
TX004522,CUST00230,3210.98,Wallet,network_error,3,3,939,18,0,0,0.33,1,2026-08-13 12:27:00
TX004523,CUST00015,1801.55,Wallet,bank_timeout,1,0,1224,1,0,0,0.74,1,2026-08-03 11:48:00
TX004524,CUST00528,8734.75,Net Banking,suspicious_transaction,3,2,867,15,0,0,0.02,0,2026-08-10 00:03:00
TX004525,CUST01759,3569.31,Credit Card,insufficient_funds,0,1,1450,14,0,0,0.55,0,2026-08-09 07:07:00
TX004526,CUST02832,3443.67,Debit Card,bank_timeout,1,0,573,13,0,0,0.74,1,2026-08-08 07:26:00
TX004527,CUST02172,273.73,Credit Card,bank_timeout,2,0,404,16,0,0,0.68,0,2026-08-10 21:32:00
TX004528,CUST01384,2353.97,Wallet,suspicious_transaction,0,1,1396,0,0,0,0.12,0,2026-08-02 22:16:00
TX004529,CUST02946,1039.91,UPI,suspicious_transaction,0,0,638,10,0,0,0.2,0,2026-08-12 10:51:00
TX004530,CUST01515,632.08,Net Banking,insufficient_funds,0,0,1179,22,0,0,0.63,0,2026-08-02 13:47:00
TX004531,CUST01146,1297.27,Net Banking,authentication_failed,1,2,1417,6,0,0,0.23,0,2026-08-17 00:55:00
TX004532,CUST00806,2822.03,Debit Card,insufficient_funds,2,1,425,22,0,0,0.43,0,2026-08-17 14:54:00
TX004533,CUST02557,1809.55,UPI,network_error,2,0,698,7,0,0,0.63,0,2026-08-16 11:40:00
TX004534,CUST02300,455.56,Net Banking,issuer_declined,0,0,708,15,0,0,0.5,0,2026-08-09 16:43:00
TX004535,CUST00058,2304.13,UPI,insufficient_funds,1,0,1142,13,0,0,0.57,0,2026-08-18 22:09:00
TX004536,CUST02791,579.64,Net Banking,issuer_declined,2,2,345,23,0,0,0.17,0,2026-08-17 16:34:00
TX004537,CUST02648,1361.96,Net Banking,authentication_failed,0,1,1171,4,0,0,0.37,0,2026-08-01 00:44:00
TX004538,CUST00708,809.69,Debit Card,network_error,1,1,1301,21,0,0,0.61,1,2026-08-06 00:46:00
TX004539,CUST02736,881.07,UPI,authentication_failed,3,2,841,5,0,0,0.11,0,2026-08-19 13:48:00
TX004540,CUST01826,2359.59,Net Banking,authentication_failed,1,2,1167,8,0,0,0.23,0,2026-08-14 18:06:00
TX004541,CUST01982,387.54,UPI,issuer_declined,0,1,350,9,0,0,0.37,1,2026-08-08 02:15:00
TX004542,CUST00097,7670.94,Net Banking,issuer_declined,3,1,288,13,0,0,0.19,0,2026-08-03 16:04:00
TX004543,CUST02849,177.49,Credit Card,insufficient_funds,0,1,390,3,1,1,0.37,0,2026-08-19 17:12:00
TX004544,CUST02186,603.25,Credit Card,expired_card,0,1,494,23,0,1,0.44,0,2026-08-08 10:37:00
TX004545,CUST01489,1587.97,Credit Card,network_error,2,2,1202,14,0,0,0.47,1,2026-08-20 22:45:00
TX004546,CUST02665,1967.1,Net Banking,issuer_declined,0,1,1285,7,1,0,0.32,0,2026-08-21 22:39:00
TX004547,CUST02148,991.8,UPI,network_error,2,0,224,4,0,0,0.58,1,2026-08-01 10:07:00
TX004548,CUST01524,1035.47,Net Banking,expired_card,0,0,215,3,0,0,0.55,0,2026-08-30 17:09:00
TX004549,CUST00081,1653.34,UPI,issuer_declined,1,0,1348,23,1,0,0.34,1,2026-08-04 05:58:00
TX004550,CUST02999,870.38,Debit Card,authentication_failed,0,0,581,18,0,1,0.37,0,2026-08-14 03:50:00
TX004551,CUST00232,4416.85,Debit Card,bank_timeout,0,1,83,21,0,0,0.67,1,2026-08-02 07:55:00
TX004552,CUST01426,2538.55,Debit Card,network_error,0,1,1491,16,0,0,0.67,1,2026-08-19 21:34:00
TX004553,CUST00064,2624.97,Net Banking,insufficient_funds,2,0,548,3,0,0,0.51,0,2026-08-16 02:46:00
TX004554,CUST01652,417.32,UPI,insufficient_funds,0,0,938,15,1,0,0.53,1,2026-08-11 11:35:00
TX004555,CUST02212,1012.94,Net Banking,bank_timeout,4,0,241,2,0,0,0.51,0,2026-08-22 10:19:00
TX004556,CUST00395,812.03,Debit Card,bank_timeout,0,0,540,3,1,0,0.7,0,2026-08-15 19:39:00
TX004557,CUST00043,401.18,Debit Card,suspicious_transaction,3,1,651,11,0,0,0.02,0,2026-08-10 02:31:00
TX004558,CUST02045,1572.09,UPI,bank_timeout,0,0,660,23,1,0,0.7,1,2026-08-09 01:06:00
TX004559,CUST01232,640.57,UPI,insufficient_funds,0,0,1249,13,0,0,0.63,0,2026-08-11 11:28:00
TX004560,CUST00962,2112.03,Net Banking,bank_timeout,1,2,1342,19,0,0,0.58,0,2026-08-27 21:17:00
TX004561,CUST00403,376.08,Debit Card,network_error,0,0,338,23,0,0,0.7,0,2026-08-27 17:24:00
TX004562,CUST00556,6118.31,Credit Card,insufficient_funds,0,1,158,10,0,0,0.5,1,2026-08-07 19:51:00
TX004563,CUST01458,447.5,Debit Card,expired_card,0,1,91,4,0,0,0.47,1,2026-08-12 01:15:00
TX004564,CUST02182,1365.54,Net Banking,expired_card,3,3,571,17,1,1,0.02,0,2026-08-08 18:50:00
TX004565,CUST02317,2420.81,Credit Card,expired_card,1,1,388,0,0,0,0.46,0,2026-08-24 12:19:00
TX004566,CUST00957,619.78,Net Banking,insufficient_funds,1,0,1011,0,0,0,0.57,1,2026-08-03 10:46:00
TX004567,CUST02062,2572.08,Wallet,network_error,1,0,1467,22,0,0,0.69,0,2026-08-05 10:02:00
TX004568,CUST01456,320.8,Net Banking,insufficient_funds,0,0,1376,7,0,0,0.63,0,2026-08-18 15:07:00
TX004569,CUST02634,4684.98,Credit Card,bank_timeout,0,0,1208,10,0,0,0.8,1,2026-08-19 06:11:00
TX004570,CUST00238,1112.26,Wallet,authentication_failed,0,1,227,2,0,1,0.24,0,2026-08-11 21:27:00
TX004571,CUST02560,604.01,UPI,network_error,0,1,801,15,0,0,0.67,0,2026-08-19 23:56:00
TX004572,CUST00937,813.07,Credit Card,bank_timeout,1,2,710,1,0,0,0.58,0,2026-08-23 10:44:00
TX004573,CUST01754,2462.47,UPI,network_error,0,0,1078,20,1,1,0.57,0,2026-08-03 05:09:00
TX004574,CUST02781,611.27,Wallet,bank_timeout,0,1,1282,19,0,1,0.64,0,2026-08-23 23:36:00
TX004575,CUST00147,518.35,Debit Card,suspicious_transaction,4,3,605,9,0,0,0.02,0,2026-08-04 01:45:00
TX004576,CUST00520,878.72,Debit Card,bank_timeout,0,0,762,0,0,0,0.8,1,2026-08-27 14:17:00
TX004577,CUST02499,338.0,UPI,insufficient_funds,0,0,1291,16,1,0,0.53,1,2026-08-25 10:06:00
TX004578,CUST00863,6771.95,Net Banking,insufficient_funds,0,0,486,4,0,1,0.55,1,2026-08-26 15:28:00
TX004579,CUST02849,622.41,UPI,suspicious_transaction,2,3,899,10,0,0,0.02,0,2026-08-02 20:23:00
TX004580,CUST01144,2519.0,Credit Card,authentication_failed,0,0,216,10,0,0,0.4,0,2026-08-07 00:28:00
TX004581,CUST00727,1352.18,Wallet,issuer_declined,2,1,1145,12,1,0,0.2,0,2026-08-10 16:33:00
TX004582,CUST01739,409.72,Net Banking,issuer_declined,0,1,811,15,0,0,0.42,0,2026-08-15 18:58:00
TX004583,CUST00308,1090.12,Debit Card,issuer_declined,1,1,583,6,0,0,0.36,1,2026-08-05 18:18:00
TX004584,CUST00700,2401.87,UPI,insufficient_funds,0,0,425,15,0,0,0.63,1,2026-08-12 08:03:00
TX004585,CUST02597,908.45,Credit Card,network_error,0,0,491,8,0,0,0.75,1,2026-08-28 04:23:00
TX004586,CUST02808,3615.96,Wallet,bank_timeout,1,1,1443,16,0,0,0.66,1,2026-08-19 05:30:00
TX004587,CUST01633,3045.79,UPI,insufficient_funds,1,1,534,9,0,0,0.49,1,2026-08-27 20:24:00
TX004588,CUST01184,2748.79,Net Banking,network_error,0,0,257,22,0,0,0.7,0,2026-08-21 04:52:00
TX004589,CUST00542,692.52,Net Banking,bank_timeout,0,0,347,23,0,0,0.75,1,2026-08-30 13:38:00
TX004590,CUST01239,372.47,Net Banking,issuer_declined,0,0,187,22,0,0,0.45,0,2026-08-19 05:40:00
TX004591,CUST01025,593.72,Wallet,insufficient_funds,0,0,1370,18,0,0,0.63,1,2026-08-28 14:26:00
TX004592,CUST00260,1334.41,Wallet,bank_timeout,0,1,1140,14,0,0,0.72,1,2026-08-12 14:32:00
TX004593,CUST00917,1892.75,Credit Card,expired_card,2,1,774,20,0,0,0.4,0,2026-08-24 07:20:00
TX004594,CUST01349,125.01,Net Banking,issuer_declined,2,3,1235,9,0,0,0.14,1,2026-08-10 21:54:00
TX004595,CUST02679,1087.77,Debit Card,bank_timeout,1,0,325,9,0,0,0.69,1,2026-08-16 13:26:00
TX004596,CUST00644,1284.45,Credit Card,issuer_declined,2,0,650,2,0,0,0.38,1,2026-08-20 09:51:00
TX004597,CUST02015,830.86,Net Banking,network_error,2,3,91,2,1,0,0.24,0,2026-08-15 10:37:00
TX004598,CUST02072,3988.91,Wallet,insufficient_funds,1,2,636,4,0,0,0.41,1,2026-08-06 22:51:00
TX004599,CUST02362,1672.01,Credit Card,insufficient_funds,0,0,1287,21,0,0,0.63,1,2026-08-11 14:01:00
TX004600,CUST02353,4065.09,Wallet,issuer_declined,1,0,520,12,0,0,0.44,0,2026-08-02 00:45:00
TX004601,CUST02143,883.63,UPI,suspicious_transaction,0,1,90,4,0,0,0.07,0,2026-08-11 05:54:00
TX004602,CUST00751,2800.29,Wallet,network_error,0,0,706,21,0,1,0.67,1,2026-08-28 08:22:00
TX004603,CUST00428,5625.51,Wallet,bank_timeout,0,1,1058,13,0,1,0.64,1,2026-08-30 00:04:00
TX004604,CUST00926,4071.2,Credit Card,suspicious_transaction,0,1,145,5,0,0,0.07,0,2026-08-12 10:40:00
TX004605,CUST01422,367.92,Debit Card,network_error,1,0,1017,17,0,0,0.69,1,2026-08-14 23:56:00
TX004606,CUST00593,850.92,Debit Card,bank_timeout,2,2,456,16,0,1,0.44,1,2026-08-17 04:21:00
TX004607,CUST02758,776.53,UPI,expired_card,2,3,1042,13,0,0,0.24,0,2026-08-02 13:45:00
TX004608,CUST01315,1788.72,Credit Card,suspicious_transaction,0,1,1461,1,0,0,0.12,0,2026-08-10 21:19:00
TX004609,CUST01594,2178.42,UPI,issuer_declined,5,3,576,2,0,0,0.02,0,2026-08-20 18:38:00
TX004610,CUST00918,473.95,Credit Card,expired_card,0,0,1314,8,0,0,0.6,0,2026-08-08 02:40:00
TX004611,CUST02865,1173.61,Debit Card,expired_card,0,1,154,14,0,0,0.47,0,2026-08-23 13:10:00
TX004612,CUST01942,145.48,Credit Card,bank_timeout,0,1,801,0,1,0,0.62,0,2026-08-28 02:24:00
TX004613,CUST01548,4637.57,Debit Card,bank_timeout,2,0,1492,18,0,0,0.68,1,2026-08-10 04:55:00
TX004614,CUST02773,656.96,Debit Card,suspicious_transaction,1,1,259,14,0,0,0.02,0,2026-08-22 13:35:00
TX004615,CUST01957,1159.64,Net Banking,issuer_declined,0,0,460,9,0,0,0.5,1,2026-08-16 16:20:00
TX004616,CUST00469,804.6,Credit Card,insufficient_funds,1,0,262,17,0,0,0.52,0,2026-08-30 08:22:00
TX004617,CUST01768,3449.65,Debit Card,bank_timeout,0,1,981,11,0,0,0.72,0,2026-08-16 12:31:00
TX004618,CUST02762,100.0,Debit Card,bank_timeout,2,1,1240,14,0,0,0.6,1,2026-08-30 21:17:00
TX004619,CUST01223,1078.57,Credit Card,bank_timeout,0,1,898,1,0,0,0.72,1,2026-08-19 02:24:00
TX004620,CUST01467,986.52,Wallet,authentication_failed,1,2,1355,22,0,1,0.15,0,2026-08-30 19:29:00
TX004621,CUST01919,696.71,Net Banking,network_error,3,1,914,1,0,0,0.49,0,2026-08-07 16:17:00
TX004622,CUST02128,6162.43,Net Banking,bank_timeout,3,1,556,20,0,0,0.54,1,2026-08-06 23:34:00
TX004623,CUST02388,451.54,Wallet,expired_card,1,2,492,17,0,0,0.38,0,2026-08-13 18:09:00
TX004624,CUST00249,2372.73,Credit Card,expired_card,5,2,1097,0,0,0,0.14,0,2026-08-29 13:45:00
TX004625,CUST02540,1565.96,Wallet,expired_card,0,1,821,6,0,0,0.52,0,2026-08-08 22:09:00
TX004626,CUST01998,3871.97,Credit Card,issuer_declined,2,0,229,11,0,0,0.33,0,2026-08-25 10:33:00
TX004627,CUST00349,562.74,Debit Card,authentication_failed,0,1,322,2,0,0,0.32,0,2026-08-04 21:43:00
TX004628,CUST00961,526.91,Wallet,network_error,0,1,42,22,0,0,0.62,1,2026-08-06 08:11:00
TX004629,CUST01630,3281.55,Net Banking,insufficient_funds,2,0,869,5,0,0,0.51,1,2026-08-25 19:52:00
TX004630,CUST02142,1677.94,Wallet,expired_card,0,1,353,23,1,0,0.37,1,2026-08-26 22:02:00
TX004631,CUST02578,233.94,Credit Card,bank_timeout,1,2,1131,13,0,0,0.58,1,2026-08-18 20:37:00
TX004632,CUST01816,639.51,UPI,expired_card,1,2,736,14,0,0,0.38,0,2026-08-08 20:27:00
TX004633,CUST00788,1613.86,Debit Card,suspicious_transaction,1,0,54,19,0,0,0.09,0,2026-08-21 02:12:00
TX004634,CUST00980,2534.53,Debit Card,issuer_declined,0,1,980,3,0,0,0.42,1,2026-08-09 10:49:00
TX004635,CUST00741,556.0,UPI,insufficient_funds,2,2,173,14,1,0,0.2,1,2026-08-02 04:24:00
TX004636,CUST01781,100.0,Net Banking,insufficient_funds,0,0,240,6,1,0,0.48,0,2026-08-14 13:12:00
TX004637,CUST01281,1850.52,Credit Card,insufficient_funds,0,1,331,11,0,1,0.42,1,2026-08-17 10:01:00
TX004638,CUST01003,323.66,Credit Card,expired_card,2,1,182,1,1,0,0.25,0,2026-08-19 08:43:00
TX004639,CUST01848,145.86,Debit Card,network_error,1,1,1187,18,0,0,0.61,1,2026-08-21 10:25:00
TX004640,CUST01931,100.0,UPI,issuer_declined,2,3,4,11,0,0,0.09,0,2026-08-26 02:46:00
TX004641,CUST00804,2474.96,Credit Card,bank_timeout,3,1,676,9,0,0,0.54,0,2026-08-19 00:35:00
TX004642,CUST01929,1247.15,Wallet,insufficient_funds,1,0,895,16,0,0,0.57,0,2026-08-14 16:00:00
TX004643,CUST02741,875.1,Debit Card,network_error,3,0,63,21,0,0,0.52,0,2026-08-19 18:34:00
TX004644,CUST01837,4398.52,Credit Card,insufficient_funds,1,1,1454,0,0,0,0.49,0,2026-08-07 16:22:00
TX004645,CUST02524,2074.19,Wallet,authentication_failed,2,0,1258,5,0,0,0.33,1,2026-08-29 16:53:00
TX004646,CUST01398,5520.92,UPI,insufficient_funds,1,2,348,1,0,0,0.36,0,2026-08-07 02:47:00
TX004647,CUST00487,272.4,UPI,bank_timeout,0,0,1482,18,0,0,0.8,1,2026-08-28 02:47:00
TX004648,CUST00168,1059.39,UPI,issuer_declined,0,1,1274,11,0,0,0.42,0,2026-08-20 18:40:00
TX004649,CUST02289,217.74,UPI,network_error,5,0,487,1,0,0,0.45,1,2026-08-15 20:52:00
TX004650,CUST02795,871.85,Debit Card,authentication_failed,1,0,1436,6,1,0,0.29,1,2026-08-11 22:24:00
TX004651,CUST01706,855.24,UPI,authentication_failed,1,0,381,3,0,0,0.39,0,2026-08-16 15:46:00
TX004652,CUST01090,2052.09,Wallet,issuer_declined,1,2,1325,19,0,1,0.2,0,2026-08-28 02:09:00
TX004653,CUST00442,1147.76,Wallet,issuer_declined,5,0,1234,2,0,0,0.2,0,2026-08-19 22:42:00
TX004654,CUST01299,2045.52,Wallet,bank_timeout,3,2,1176,9,0,0,0.46,1,2026-08-26 22:36:00
TX004655,CUST00112,2215.96,UPI,insufficient_funds,1,0,169,10,0,0,0.52,1,2026-08-19 22:46:00
TX004656,CUST00074,9460.96,Wallet,issuer_declined,0,1,746,20,0,0,0.42,1,2026-08-28 15:50:00
TX004657,CUST02019,800.07,Credit Card,bank_timeout,0,1,69,3,0,0,0.67,0,2026-08-02 07:38:00
TX004658,CUST01470,427.94,Credit Card,bank_timeout,2,3,354,9,0,0,0.39,0,2026-08-26 13:26:00
TX004659,CUST02650,1402.6,Wallet,bank_timeout,2,3,89,8,0,0,0.39,0,2026-08-15 16:28:00
TX004660,CUST01460,491.63,UPI,expired_card,1,0,334,22,0,0,0.49,0,2026-08-30 01:32:00
TX004661,CUST01846,4826.91,Debit Card,bank_timeout,3,1,757,6,0,0,0.54,1,2026-08-30 07:21:00
TX004662,CUST02373,826.15,UPI,expired_card,2,3,1020,14,0,0,0.24,0,2026-08-17 09:30:00
TX004663,CUST00636,622.92,UPI,suspicious_transaction,3,2,1386,16,0,0,0.02,0,2026-08-02 22:47:00
TX004664,CUST01070,684.5,Credit Card,expired_card,0,0,67,16,0,0,0.55,0,2026-08-15 20:41:00
TX004665,CUST02212,2249.4,Debit Card,insufficient_funds,2,0,393,15,1,0,0.41,1,2026-08-04 18:09:00
TX004666,CUST00629,936.6,UPI,issuer_declined,1,2,839,18,0,0,0.28,0,2026-08-03 19:13:00
TX004667,CUST01872,577.28,Debit Card,insufficient_funds,4,0,387,8,0,0,0.39,1,2026-08-30 18:09:00
TX004668,CUST00482,5798.48,Debit Card,bank_timeout,0,0,1134,3,0,0,0.8,1,2026-08-23 11:52:00
TX004669,CUST00138,465.83,UPI,bank_timeout,0,1,624,23,0,0,0.72,0,2026-08-07 03:38:00
TX004670,CUST02794,1136.34,Credit Card,expired_card,1,0,18,23,0,0,0.49,1,2026-08-15 20:59:00
TX004671,CUST01020,2105.5,Wallet,issuer_declined,0,1,884,2,0,0,0.42,1,2026-08-26 16:01:00
TX004672,CUST02221,214.58,Net Banking,bank_timeout,3,0,1254,6,0,0,0.62,1,2026-08-12 15:20:00
TX004673,CUST00442,1772.7,Net Banking,network_error,0,0,631,16,0,0,0.75,0,2026-08-02 17:16:00
TX004674,CUST02454,381.8,Net Banking,network_error,4,1,1387,13,0,0,0.43,1,2026-08-19 19:01:00
TX004675,CUST02926,2496.84,Wallet,issuer_declined,0,0,4,2,1,0,0.35,1,2026-08-02 01:02:00
TX004676,CUST00503,418.78,Net Banking,insufficient_funds,2,2,756,20,0,0,0.35,0,2026-08-09 11:59:00
TX004677,CUST00907,2192.44,Wallet,network_error,2,1,796,16,0,0,0.55,1,2026-08-18 21:20:00
TX004678,CUST00696,3313.74,Credit Card,network_error,0,1,541,21,0,1,0.59,0,2026-08-24 07:43:00
TX004679,CUST02761,2595.25,Wallet,network_error,0,1,16,19,0,0,0.62,0,2026-08-08 08:44:00
TX004680,CUST02150,1409.96,UPI,insufficient_funds,0,0,679,14,0,1,0.55,0,2026-08-23 07:42:00
TX004681,CUST00758,870.18,Net Banking,issuer_declined,4,0,764,18,1,0,0.16,0,2026-08-21 23:03:00
TX004682,CUST02346,616.21,Wallet,network_error,2,0,765,10,0,0,0.63,1,2026-08-17 18:00:00
TX004683,CUST00686,4774.45,Wallet,insufficient_funds,0,1,288,4,1,0,0.4,0,2026-08-07 10:36:00
TX004684,CUST01084,544.85,Wallet,insufficient_funds,1,0,1161,17,1,0,0.47,0,2026-08-29 02:10:00
TX004685,CUST00312,388.75,Net Banking,suspicious_transaction,0,0,1339,20,0,0,0.2,1,2026-08-29 10:47:00
TX004686,CUST01375,2133.18,Net Banking,insufficient_funds,0,0,219,9,0,0,0.58,1,2026-08-17 23:16:00
TX004687,CUST00931,494.66,UPI,bank_timeout,3,2,134,7,1,0,0.31,1,2026-08-13 19:40:00
TX004688,CUST01738,424.09,Debit Card,authentication_failed,0,1,509,14,0,0,0.37,0,2026-08-02 06:21:00
TX004689,CUST01521,258.89,Debit Card,expired_card,1,2,273,15,0,1,0.25,0,2026-08-20 10:51:00
TX004690,CUST00218,676.61,Debit Card,insufficient_funds,0,1,1255,18,0,0,0.55,1,2026-08-09 08:47:00
TX004691,CUST01440,1009.58,Net Banking,expired_card,0,1,160,2,0,1,0.39,0,2026-08-20 18:32:00
TX004692,CUST01188,1398.41,Wallet,expired_card,1,2,916,22,0,0,0.38,0,2026-08-02 04:42:00
TX004693,CUST00165,2839.28,Net Banking,bank_timeout,0,1,1023,10,1,0,0.62,1,2026-08-09 08:59:00
TX004694,CUST00525,1857.33,UPI,bank_timeout,0,1,17,23,0,0,0.67,0,2026-08-26 22:30:00
TX004695,CUST02970,906.08,Credit Card,issuer_declined,2,1,431,17,1,0,0.2,0,2026-08-19 11:46:00
TX004696,CUST00305,899.47,Net Banking,suspicious_transaction,2,3,630,21,0,0,0.02,0,2026-08-02 19:19:00
TX004697,CUST01998,1826.5,UPI,bank_timeout,5,2,140,3,1,0,0.19,0,2026-08-06 20:13:00
TX004698,CUST00983,3915.0,Wallet,bank_timeout,0,0,660,20,0,0,0.8,1,2026-08-09 06:32:00
TX004699,CUST01648,1244.28,Debit Card,bank_timeout,0,0,1483,9,0,0,0.8,1,2026-08-13 23:57:00
TX004700,CUST02914,685.99,Net Banking,network_error,3,3,142,8,0,0,0.28,0,2026-08-02 04:11:00
TX004701,CUST02127,406.32,UPI,issuer_declined,1,2,135,2,0,0,0.23,0,2026-08-12 17:59:00
TX004702,CUST02590,258.47,Debit Card,issuer_declined,0,1,534,16,0,0,0.42,1,2026-08-11 12:22:00
TX004703,CUST01809,2135.1,Wallet,authentication_failed,0,1,107,9,0,0,0.32,0,2026-08-21 20:50:00
TX004704,CUST00479,1954.67,UPI,insufficient_funds,0,0,1078,5,0,0,0.63,0,2026-08-14 11:08:00
TX004705,CUST01825,1953.47,Net Banking,issuer_declined,0,1,768,22,0,0,0.42,0,2026-08-12 00:42:00
TX004706,CUST02631,964.24,UPI,expired_card,2,0,651,13,0,0,0.48,1,2026-08-10 17:19:00
TX004707,CUST01373,4478.01,Debit Card,expired_card,3,2,704,21,0,0,0.26,0,2026-08-21 22:45:00
TX004708,CUST02463,675.79,UPI,insufficient_funds,0,0,633,20,0,0,0.63,1,2026-08-01 21:31:00
TX004709,CUST00292,2850.56,Net Banking,bank_timeout,2,2,214,4,0,0,0.47,0,2026-08-05 22:26:00
TX004710,CUST02615,1054.96,Credit Card,insufficient_funds,1,1,918,22,0,1,0.41,1,2026-08-30 09:18:00
TX004711,CUST02567,596.84,Credit Card,issuer_declined,2,3,961,9,0,0,0.14,0,2026-08-30 14:03:00
TX004712,CUST01653,1983.33,Debit Card,authentication_failed,2,2,443,14,0,0,0.17,1,2026-08-08 00:07:00
TX004713,CUST00097,1651.83,Credit Card,bank_timeout,0,0,857,9,0,0,0.8,1,2026-08-18 02:40:00
TX004714,CUST01395,1567.09,Credit Card,network_error,4,0,1484,8,0,0,0.51,0,2026-08-21 13:03:00
TX004715,CUST00950,1189.49,Net Banking,bank_timeout,0,0,330,3,0,0,0.75,1,2026-08-29 07:31:00
TX004716,CUST00800,1055.86,Credit Card,bank_timeout,2,3,1492,11,1,0,0.34,0,2026-08-29 14:20:00
TX004717,CUST00465,11948.63,Debit Card,authentication_failed,1,1,1372,11,0,0,0.31,0,2026-08-13 00:46:00
TX004718,CUST00296,3584.08,UPI,authentication_failed,0,0,1388,5,1,0,0.35,0,2026-08-02 13:14:00
TX004719,CUST01219,2259.34,UPI,suspicious_transaction,0,0,382,3,0,0,0.2,0,2026-08-22 05:16:00
TX004720,CUST01291,1226.35,UPI,expired_card,1,0,1181,13,1,0,0.44,1,2026-08-04 16:03:00
TX004721,CUST01109,3002.37,Credit Card,issuer_declined,0,0,1015,1,0,0,0.5,0,2026-08-03 01:25:00
TX004722,CUST01866,1840.87,Net Banking,bank_timeout,0,1,520,19,0,0,0.72,1,2026-08-24 01:24:00
TX004723,CUST02321,1125.75,Credit Card,network_error,1,1,337,17,0,1,0.48,0,2026-08-18 20:02:00
TX004724,CUST02831,809.52,Net Banking,expired_card,1,0,1030,16,1,0,0.44,0,2026-08-02 12:08:00
TX004725,CUST02675,1011.39,Debit Card,bank_timeout,4,1,426,16,0,0,0.48,1,2026-08-10 13:47:00
TX004726,CUST01907,100.0,Net Banking,issuer_declined,0,0,815,20,0,0,0.5,1,2026-08-28 17:41:00
TX004727,CUST01635,1353.71,Wallet,issuer_declined,0,0,1461,5,0,0,0.5,0,2026-08-15 18:51:00
TX004728,CUST02585,672.85,Debit Card,bank_timeout,1,0,1349,18,0,1,0.66,1,2026-08-14 13:18:00
TX004729,CUST02746,5391.99,Net Banking,bank_timeout,0,0,639,15,0,1,0.72,1,2026-08-28 19:03:00
TX004730,CUST01751,1118.05,Debit Card,issuer_declined,0,0,544,6,0,0,0.5,1,2026-08-19 20:40:00
TX004731,CUST01878,333.97,UPI,issuer_declined,0,1,345,7,0,0,0.37,0,2026-08-13 11:31:00
TX004732,CUST01627,1043.27,Debit Card,network_error,5,3,20,9,0,0,0.16,0,2026-08-04 22:23:00
TX004733,CUST00349,385.24,Wallet,insufficient_funds,3,2,805,23,0,0,0.29,0,2026-08-23 01:59:00
TX004734,CUST02479,1760.6,UPI,network_error,0,1,1042,10,1,0,0.57,0,2026-08-21 16:00:00
TX004735,CUST00732,1466.96,Wallet,bank_timeout,1,0,299,4,0,0,0.69,0,2026-08-12 05:31:00
TX004736,CUST02238,2857.89,Debit Card,bank_timeout,0,1,800,2,0,0,0.72,1,2026-08-08 06:37:00
TX004737,CUST02744,497.26,Debit Card,authentication_failed,4,1,893,13,1,0,0.03,0,2026-08-13 20:42:00
TX004738,CUST00196,1134.57,Wallet,bank_timeout,2,1,967,16,0,0,0.6,1,2026-08-29 21:03:00
TX004739,CUST02361,280.05,Credit Card,authentication_failed,0,1,784,20,0,0,0.37,1,2026-08-27 19:10:00
TX004740,CUST01513,2211.65,Net Banking,issuer_declined,0,0,382,4,0,0,0.5,0,2026-08-19 14:55:00
TX004741,CUST02700,1842.49,UPI,issuer_declined,3,1,1148,1,0,0,0.24,0,2026-08-13 01:18:00
TX004742,CUST00582,1800.47,UPI,bank_timeout,1,1,362,15,0,0,0.61,1,2026-08-07 13:09:00
TX004743,CUST02807,1098.41,Net Banking,suspicious_transaction,2,2,1169,10,0,0,0.02,0,2026-08-06 17:35:00
TX004744,CUST02502,1660.33,Credit Card,network_error,2,3,1498,18,0,0,0.39,1,2026-08-15 01:55:00
TX004745,CUST00122,5455.28,Net Banking,bank_timeout,3,0,1264,11,0,0,0.62,0,2026-08-19 22:52:00
TX004746,CUST00309,824.61,Wallet,bank_timeout,2,0,1229,17,0,1,0.6,1,2026-08-10 11:02:00
TX004747,CUST00947,1259.72,Net Banking,network_error,0,1,619,10,0,0,0.67,1,2026-08-12 18:53:00
TX004748,CUST00558,370.14,Net Banking,insufficient_funds,2,3,368,5,0,0,0.27,0,2026-08-16 20:26:00
TX004749,CUST00976,460.24,Credit Card,issuer_declined,2,3,1267,18,0,0,0.14,0,2026-08-21 03:25:00
TX004750,CUST01039,1209.32,Debit Card,bank_timeout,2,3,693,22,0,0,0.44,1,2026-08-25 21:04:00
TX004751,CUST01635,3307.45,Credit Card,network_error,0,1,218,7,0,0,0.62,0,2026-08-01 05:04:00
TX004752,CUST01397,848.71,Net Banking,issuer_declined,0,1,810,23,0,0,0.42,1,2026-08-05 06:07:00
TX004753,CUST02098,866.17,UPI,bank_timeout,3,0,929,4,0,0,0.62,1,2026-08-04 23:19:00
TX004754,CUST02201,730.05,Debit Card,suspicious_transaction,0,1,112,13,0,0,0.07,0,2026-08-24 03:30:00
TX004755,CUST01394,642.42,UPI,suspicious_transaction,1,2,862,20,0,0,0.02,0,2026-08-27 10:01:00
TX004756,CUST00309,1472.87,Wallet,issuer_declined,2,3,832,1,0,0,0.14,0,2026-08-14 22:36:00
TX004757,CUST02344,245.36,Wallet,network_error,0,0,593,7,0,1,0.67,1,2026-08-12 11:11:00
TX004758,CUST00636,3947.9,Debit Card,expired_card,3,1,881,6,1,0,0.24,0,2026-08-13 10:38:00
TX004759,CUST00606,563.73,Credit Card,bank_timeout,3,2,269,20,1,0,0.31,0,2026-08-22 19:49:00
TX004760,CUST00786,2257.25,Wallet,bank_timeout,2,0,477,8,0,0,0.68,1,2026-08-02 10:08:00
TX004761,CUST02711,307.97,Credit Card,insufficient_funds,0,0,1493,17,0,0,0.63,1,2026-08-08 15:49:00
TX004762,CUST01942,2140.6,UPI,bank_timeout,0,1,180,6,0,0,0.67,1,2026-08-14 09:57:00
TX004763,CUST00923,2147.25,UPI,expired_card,4,0,780,7,0,0,0.36,1,2026-08-21 07:24:00
TX004764,CUST02574,1610.34,UPI,network_error,3,1,498,20,0,0,0.49,1,2026-08-14 18:37:00
TX004765,CUST00442,405.68,Net Banking,network_error,1,0,1412,21,0,0,0.69,1,2026-08-26 22:10:00
TX004766,CUST02642,1407.47,Wallet,authentication_failed,0,0,356,16,0,0,0.4,1,2026-08-26 08:01:00
TX004767,CUST01711,335.94,Wallet,suspicious_transaction,5,0,875,23,0,0,0.02,0,2026-08-09 21:30:00
TX004768,CUST00438,851.7,Debit Card,issuer_declined,2,2,205,6,0,0,0.17,0,2026-08-11 03:36:00
TX004769,CUST01697,3069.94,Net Banking,expired_card,3,0,883,3,0,1,0.34,1,2026-08-11 07:25:00
TX004770,CUST01855,2432.57,UPI,insufficient_funds,1,2,486,12,0,0,0.41,0,2026-08-23 00:31:00
TX004771,CUST00017,1113.41,Net Banking,expired_card,3,2,491,2,0,0,0.26,0,2026-08-28 01:41:00
TX004772,CUST01240,413.72,UPI,expired_card,0,1,288,19,0,0,0.47,0,2026-08-13 10:01:00
TX004773,CUST00365,2091.4,Wallet,insufficient_funds,1,0,1262,3,0,0,0.57,1,2026-08-29 19:11:00
TX004774,CUST01853,1118.09,Debit Card,network_error,4,3,1414,8,0,0,0.27,0,2026-08-06 07:49:00
TX004775,CUST02489,107.74,Credit Card,expired_card,0,0,928,10,0,1,0.52,1,2026-08-05 16:17:00
TX004776,CUST01780,2398.57,UPI,issuer_declined,0,1,101,7,0,0,0.37,0,2026-08-22 16:45:00
TX004777,CUST01378,1070.38,Debit Card,issuer_declined,0,0,1192,9,1,0,0.4,0,2026-08-03 19:30:00
TX004778,CUST02526,3649.89,Debit Card,issuer_declined,0,0,447,16,0,0,0.5,0,2026-08-24 19:05:00
TX004779,CUST00763,366.77,Credit Card,bank_timeout,0,1,996,16,0,0,0.72,1,2026-08-17 08:03:00
TX004780,CUST02195,100.0,Debit Card,expired_card,0,1,955,13,0,0,0.52,0,2026-08-30 22:11:00
TX004781,CUST02358,1449.66,Credit Card,bank_timeout,2,2,465,15,0,0,0.52,1,2026-08-23 20:57:00
TX004782,CUST02038,1467.86,UPI,bank_timeout,2,3,760,6,0,0,0.44,0,2026-08-16 19:07:00
TX004783,CUST00800,202.21,Wallet,issuer_declined,0,0,871,21,0,0,0.5,0,2026-08-30 21:58:00
TX004784,CUST00527,412.2,Wallet,issuer_declined,0,0,1243,18,0,0,0.5,0,2026-08-15 19:16:00
TX004785,CUST02845,17243.97,Debit Card,bank_timeout,1,2,1263,9,0,1,0.5,0,2026-08-06 09:39:00
TX004786,CUST01079,807.86,Credit Card,authentication_failed,0,1,1480,1,0,0,0.37,0,2026-08-15 04:00:00
TX004787,CUST00585,2277.79,Wallet,suspicious_transaction,0,1,68,9,1,0,0.02,0,2026-08-23 01:37:00
TX004788,CUST02608,572.12,Net Banking,suspicious_transaction,2,1,755,8,0,0,0.02,0,2026-08-11 12:49:00
TX004789,CUST00205,135.6,Net Banking,network_error,1,1,1169,19,0,1,0.53,0,2026-08-27 12:32:00
TX004790,CUST00116,924.95,Net Banking,network_error,0,0,1273,9,1,0,0.65,0,2026-08-11 09:32:00
TX004791,CUST01149,840.83,Net Banking,bank_timeout,2,2,243,22,0,0,0.47,0,2026-08-26 15:35:00
TX004792,CUST00621,735.18,Credit Card,bank_timeout,0,1,181,22,0,1,0.59,1,2026-08-17 04:44:00
TX004793,CUST00184,977.85,UPI,network_error,0,1,526,21,0,0,0.67,1,2026-08-03 11:52:00
TX004794,CUST02902,1428.34,Debit Card,suspicious_transaction,0,0,987,16,0,0,0.2,0,2026-08-23 12:09:00
TX004795,CUST01413,943.77,Net Banking,network_error,0,1,1115,9,0,0,0.67,1,2026-08-10 14:10:00
TX004796,CUST01007,309.82,Wallet,insufficient_funds,0,1,702,2,0,1,0.47,0,2026-08-26 13:15:00
TX004797,CUST00819,1783.24,UPI,insufficient_funds,0,0,85,3,0,1,0.5,0,2026-08-12 14:10:00
TX004798,CUST02710,156.12,Debit Card,network_error,0,1,1309,23,0,0,0.67,1,2026-08-06 09:42:00
TX004799,CUST01988,141.12,Net Banking,network_error,1,0,418,9,0,0,0.69,0,2026-08-29 16:39:00
TX004800,CUST00174,2296.59,Net Banking,bank_timeout,2,1,205,20,0,0,0.55,0,2026-08-01 18:25:00
TX004801,CUST01777,1820.78,Credit Card,insufficient_funds,4,0,1082,12,0,0,0.39,0,2026-08-04 20:47:00
TX004802,CUST02710,1035.46,UPI,insufficient_funds,4,0,316,7,0,0,0.34,0,2026-08-27 06:26:00
TX004803,CUST02785,271.66,Net Banking,authentication_failed,2,1,1373,11,0,0,0.25,1,2026-08-17 06:42:00
TX004804,CUST01733,540.28,Debit Card,issuer_declined,0,0,1241,20,0,0,0.5,0,2026-08-21 13:00:00
TX004805,CUST02843,843.24,Credit Card,insufficient_funds,0,1,333,9,0,0,0.5,1,2026-08-12 22:38:00
TX004806,CUST02552,222.32,Credit Card,bank_timeout,0,1,1276,2,0,1,0.64,1,2026-08-30 06:00:00
TX004807,CUST00097,523.73,Credit Card,expired_card,0,1,284,16,0,0,0.47,0,2026-08-11 17:17:00
TX004808,CUST02361,2105.55,UPI,bank_timeout,3,3,464,7,0,0,0.38,0,2026-08-15 13:28:00
TX004809,CUST00887,4570.17,Debit Card,insufficient_funds,0,0,1418,9,0,0,0.63,1,2026-08-08 19:04:00
TX004810,CUST00965,720.95,Wallet,issuer_declined,0,1,374,0,1,0,0.32,1,2026-08-29 21:00:00
TX004811,CUST02865,2336.68,Debit Card,expired_card,0,1,1128,9,0,0,0.52,1,2026-08-03 14:11:00
TX004812,CUST01501,161.73,UPI,network_error,2,3,29,6,0,0,0.34,0,2026-08-21 13:46:00
TX004813,CUST01869,2120.59,Debit Card,expired_card,0,1,515,23,0,0,0.52,0,2026-08-11 23:20:00
TX004814,CUST02352,490.81,UPI,bank_timeout,5,1,13,22,0,0,0.37,1,2026-08-23 03:41:00
TX004815,CUST00538,1491.21,Wallet,network_error,0,0,1224,14,0,0,0.75,0,2026-08-15 20:52:00
TX004816,CUST01464,855.98,UPI,bank_timeout,0,0,1319,1,0,0,0.8,1,2026-08-30 19:41:00
TX004817,CUST00867,4106.86,Credit Card,network_error,2,1,715,3,0,0,0.55,0,2026-08-29 08:28:00
TX004818,CUST02504,457.4,Credit Card,bank_timeout,0,1,856,5,1,0,0.62,1,2026-08-27 06:21:00
TX004819,CUST02937,2054.13,Debit Card,insufficient_funds,1,1,815,11,0,1,0.41,0,2026-08-28 05:05:00
TX004820,CUST02972,829.23,Debit Card,authentication_failed,0,1,609,2,0,0,0.37,0,2026-08-20 23:29:00
TX004821,CUST01752,936.07,Credit Card,network_error,2,1,715,13,0,0,0.55,1,2026-08-20 11:56:00
TX004822,CUST01277,912.46,Net Banking,insufficient_funds,1,2,663,21,0,0,0.41,1,2026-08-26 12:28:00
TX004823,CUST01667,470.75,Debit Card,suspicious_transaction,0,1,1227,23,0,0,0.12,0,2026-08-16 08:12:00
TX004824,CUST00273,1081.28,UPI,issuer_declined,1,1,1263,4,0,0,0.36,0,2026-08-21 18:28:00
TX004825,CUST00012,1030.04,Debit Card,authentication_failed,0,1,1251,15,0,1,0.29,0,2026-08-03 03:27:00
TX004826,CUST01227,1395.82,Net Banking,insufficient_funds,0,1,452,16,0,0,0.55,1,2026-08-17 21:32:00
TX004827,CUST00130,1193.33,Debit Card,bank_timeout,0,1,677,0,0,0,0.72,1,2026-08-30 02:23:00
TX004828,CUST02518,2435.71,Credit Card,bank_timeout,0,0,460,17,1,0,0.7,1,2026-08-13 19:41:00
TX004829,CUST01088,2761.44,Net Banking,suspicious_transaction,3,1,1009,12,0,0,0.02,0,2026-08-14 08:44:00
TX004830,CUST02096,383.51,Net Banking,issuer_declined,3,0,646,21,1,0,0.22,0,2026-08-13 13:14:00
TX004831,CUST01515,2614.35,Wallet,insufficient_funds,2,2,458,20,0,0,0.35,0,2026-08-14 08:21:00
TX004832,CUST02337,334.84,Wallet,expired_card,1,2,137,13,0,0,0.33,0,2026-08-30 08:39:00
TX004833,CUST02654,1974.08,Wallet,network_error,0,1,1336,21,0,0,0.67,1,2026-08-03 00:14:00
TX004834,CUST00270,2038.03,Wallet,bank_timeout,1,2,937,7,0,0,0.58,1,2026-08-28 15:15:00
TX004835,CUST01734,162.18,Credit Card,bank_timeout,3,0,111,10,0,0,0.57,0,2026-08-15 15:57:00
TX004836,CUST02479,1203.49,Net Banking,expired_card,0,1,1329,8,1,0,0.42,1,2026-08-23 08:01:00
TX004837,CUST01504,686.43,Wallet,bank_timeout,3,2,733,19,0,0,0.46,1,2026-08-14 15:20:00
TX004838,CUST00668,513.49,UPI,expired_card,3,0,1053,5,0,0,0.42,1,2026-08-13 08:28:00
TX004839,CUST02336,4233.79,UPI,authentication_failed,1,0,665,10,1,0,0.29,1,2026-08-06 11:56:00
TX004840,CUST02484,570.39,UPI,insufficient_funds,1,1,955,0,0,0,0.49,0,2026-08-27 08:42:00
TX004841,CUST01553,489.62,UPI,suspicious_transaction,1,0,1374,13,0,0,0.14,0,2026-08-05 13:51:00
TX004842,CUST00704,1182.87,Wallet,issuer_declined,3,1,778,19,0,0,0.24,0,2026-08-17 14:07:00
TX004843,CUST02205,2176.75,Credit Card,insufficient_funds,2,3,1195,19,0,0,0.27,0,2026-08-30 20:50:00
TX004844,CUST00453,951.8,Debit Card,issuer_declined,1,1,1225,0,0,1,0.28,0,2026-08-09 02:31:00
TX004845,CUST02038,3520.54,Net Banking,bank_timeout,0,0,726,2,0,1,0.72,1,2026-08-12 18:42:00
TX004846,CUST01497,1864.92,Wallet,network_error,0,0,685,15,0,0,0.75,1,2026-08-09 20:38:00
TX004847,CUST02304,124.19,Debit Card,suspicious_transaction,1,0,419,15,0,0,0.14,0,2026-08-13 05:21:00
TX004848,CUST02426,645.83,UPI,issuer_declined,1,1,1448,16,0,1,0.28,0,2026-08-05 00:44:00
TX004849,CUST02580,625.25,UPI,bank_timeout,0,1,1250,10,0,0,0.72,1,2026-08-05 06:24:00
TX004850,CUST01090,1771.11,Credit Card,bank_timeout,0,1,26,21,0,0,0.67,1,2026-08-23 06:51:00
TX004851,CUST02062,100.0,Net Banking,network_error,0,0,1045,15,0,0,0.75,1,2026-08-24 07:58:00
TX004852,CUST02969,14030.79,UPI,bank_timeout,4,1,104,16,0,0,0.43,1,2026-08-13 19:56:00
TX004853,CUST02127,1865.02,Debit Card,expired_card,2,2,230,19,0,0,0.27,0,2026-08-05 11:08:00
TX004854,CUST01702,1272.68,Debit Card,insufficient_funds,1,0,596,4,0,0,0.57,0,2026-08-01 18:37:00
TX004855,CUST00061,3574.45,Credit Card,insufficient_funds,0,1,200,15,1,0,0.4,0,2026-08-30 17:46:00
TX004856,CUST00915,11426.08,UPI,issuer_declined,1,1,430,8,1,0,0.26,0,2026-08-16 12:53:00
TX004857,CUST02735,2619.52,Net Banking,insufficient_funds,0,0,1020,7,0,0,0.63,1,2026-08-11 14:06:00
TX004858,CUST01674,2832.21,Wallet,bank_timeout,0,0,1287,10,0,0,0.8,0,2026-08-23 03:23:00
TX004859,CUST02525,1249.74,Net Banking,insufficient_funds,5,3,360,2,1,0,0.02,1,2026-08-03 10:28:00
TX004860,CUST01709,951.91,Credit Card,bank_timeout,0,0,272,8,1,0,0.65,0,2026-08-20 16:37:00
TX004861,CUST01166,681.44,Debit Card,expired_card,0,0,1178,4,1,0,0.5,0,2026-08-16 03:23:00
TX004862,CUST00180,480.05,UPI,bank_timeout,0,1,1110,22,0,0,0.72,1,2026-08-02 05:33:00
TX004863,CUST02417,551.69,Credit Card,network_error,0,1,1042,18,0,0,0.67,1,2026-08-27 13:49:00
TX004864,CUST01139,284.13,Wallet,insufficient_funds,0,1,301,21,0,1,0.42,0,2026-08-14 22:55:00
TX004865,CUST00515,1016.51,UPI,insufficient_funds,0,0,1166,8,0,0,0.63,0,2026-08-15 19:36:00
TX004866,CUST00414,203.43,Debit Card,issuer_declined,0,1,994,9,0,0,0.42,0,2026-08-08 06:49:00
TX004867,CUST01299,1327.32,Credit Card,network_error,1,2,1094,21,0,0,0.53,1,2026-08-01 18:45:00
TX004868,CUST02295,1057.51,Wallet,issuer_declined,0,0,169,15,0,0,0.45,1,2026-08-28 02:56:00
TX004869,CUST00402,1270.21,Credit Card,network_error,2,3,697,8,0,0,0.39,0,2026-08-23 00:20:00
TX004870,CUST00543,650.58,Net Banking,network_error,5,2,311,5,0,0,0.24,0,2026-08-01 01:38:00
TX004871,CUST02936,23786.19,Credit Card,authentication_failed,1,1,201,5,0,0,0.26,1,2026-08-21 17:19:00
TX004872,CUST00599,4273.19,UPI,insufficient_funds,3,3,708,6,0,1,0.13,0,2026-08-20 13:14:00
TX004873,CUST00968,315.91,Credit Card,issuer_declined,3,3,934,6,0,0,0.08,0,2026-08-01 00:42:00
TX004874,CUST02175,1384.19,Debit Card,authentication_failed,0,1,749,11,0,0,0.37,0,2026-08-09 03:45:00
TX004875,CUST01701,597.05,Credit Card,bank_timeout,0,1,757,3,0,0,0.72,1,2026-08-24 02:12:00
TX004876,CUST02310,397.63,Wallet,insufficient_funds,2,0,1081,3,0,0,0.51,0,2026-08-13 07:12:00
TX004877,CUST00743,287.13,Wallet,bank_timeout,2,1,585,4,0,1,0.52,1,2026-08-10 02:58:00
TX004878,CUST02696,1689.55,Wallet,network_error,3,2,696,6,0,0,0.41,1,2026-08-21 15:36:00
TX004879,CUST02918,554.81,UPI,network_error,0,0,554,1,0,0,0.75,1,2026-08-10 19:36:00
TX004880,CUST00759,2886.58,Debit Card,bank_timeout,2,0,51,19,0,0,0.63,0,2026-08-21 21:56:00
TX004881,CUST00922,2962.48,UPI,issuer_declined,0,1,1327,7,1,0,0.32,0,2026-08-23 15:53:00
TX004882,CUST00700,4332.56,Debit Card,issuer_declined,1,2,59,15,1,0,0.13,0,2026-08-08 14:25:00
TX004883,CUST01499,467.6,Net Banking,expired_card,1,2,885,19,0,1,0.3,0,2026-08-06 01:46:00
TX004884,CUST02331,1764.05,Wallet,authentication_failed,1,1,334,8,0,0,0.26,1,2026-08-02 16:45:00
TX004885,CUST01805,2064.11,Net Banking,insufficient_funds,1,0,729,4,0,0,0.57,1,2026-08-26 17:38:00
TX004886,CUST01899,682.54,Net Banking,insufficient_funds,0,1,831,11,0,1,0.47,1,2026-08-25 08:12:00
TX004887,CUST00198,506.86,UPI,issuer_declined,0,0,295,14,0,1,0.37,0,2026-08-06 18:07:00
TX004888,CUST00911,5483.62,UPI,issuer_declined,0,1,754,2,1,1,0.24,1,2026-08-19 16:55:00
TX004889,CUST02202,1376.77,Debit Card,insufficient_funds,0,1,1317,7,0,0,0.55,1,2026-08-30 01:50:00
TX004890,CUST00374,2071.37,Wallet,issuer_declined,3,0,796,7,0,0,0.32,1,2026-08-27 22:53:00
TX004891,CUST00319,481.99,Wallet,bank_timeout,0,1,275,10,0,1,0.59,0,2026-08-24 17:23:00
TX004892,CUST00129,323.99,Credit Card,suspicious_transaction,2,0,316,12,0,0,0.03,0,2026-08-18 10:59:00
TX004893,CUST01862,620.52,Debit Card,insufficient_funds,4,2,328,4,0,0,0.18,0,2026-08-18 21:36:00
TX004894,CUST01379,968.72,Debit Card,insufficient_funds,0,0,886,19,1,0,0.53,0,2026-08-03 10:29:00
TX004895,CUST00846,378.33,Net Banking,issuer_declined,0,1,325,6,0,0,0.37,1,2026-08-20 07:16:00
TX004896,CUST01851,1085.89,Net Banking,network_error,0,1,1430,15,0,0,0.67,1,2026-08-27 18:17:00
TX004897,CUST00049,202.65,Debit Card,network_error,5,2,341,4,0,0,0.24,0,2026-08-17 09:14:00
TX004898,CUST02447,357.79,Net Banking,issuer_declined,5,2,592,19,0,1,0.02,0,2026-08-22 22:47:00
TX004899,CUST00341,2145.04,Wallet,authentication_failed,4,3,82,22,0,0,0.02,0,2026-08-24 06:46:00
TX004900,CUST02550,2005.78,Net Banking,authentication_failed,0,0,877,1,0,0,0.45,1,2026-08-26 18:23:00
TX004901,CUST02470,741.09,Debit Card,bank_timeout,0,1,574,5,0,1,0.64,1,2026-08-12 21:12:00
TX004902,CUST00876,396.33,Net Banking,expired_card,2,3,1123,0,0,0,0.24,0,2026-08-17 19:17:00
TX004903,CUST01443,392.52,Wallet,expired_card,4,3,535,10,0,0,0.12,0,2026-08-28 21:28:00
TX004904,CUST01839,755.01,Wallet,insufficient_funds,2,3,533,4,0,0,0.27,1,2026-08-27 10:30:00
TX004905,CUST02655,2089.16,UPI,network_error,3,1,788,16,0,0,0.49,1,2026-08-12 15:25:00
TX004906,CUST02397,2774.56,Net Banking,authentication_failed,1,0,1419,14,0,0,0.39,0,2026-08-22 21:36:00
TX004907,CUST00743,667.45,Debit Card,issuer_declined,2,0,684,16,1,0,0.28,0,2026-08-24 18:38:00
TX004908,CUST02764,346.02,Wallet,issuer_declined,0,0,1392,5,0,0,0.5,1,2026-08-30 05:47:00
TX004909,CUST02305,1433.46,Wallet,insufficient_funds,1,0,444,14,0,1,0.49,1,2026-08-07 16:26:00
TX004910,CUST02983,481.29,Wallet,suspicious_transaction,0,1,391,10,1,0,0.02,0,2026-08-16 23:14:00
TX004911,CUST01854,653.11,UPI,issuer_declined,2,0,1153,22,0,1,0.3,0,2026-08-01 21:59:00
TX004912,CUST00267,4126.88,Debit Card,issuer_declined,0,0,1274,15,0,0,0.5,0,2026-08-14 03:38:00
TX004913,CUST00291,2507.69,UPI,bank_timeout,1,2,30,12,0,0,0.53,1,2026-08-24 20:41:00
TX004914,CUST02423,1284.31,Debit Card,bank_timeout,4,3,159,6,0,0,0.27,0,2026-08-23 01:14:00
TX004915,CUST00115,307.38,Wallet,insufficient_funds,1,1,940,18,1,0,0.39,0,2026-08-11 15:43:00
TX004916,CUST01949,1354.78,Credit Card,suspicious_transaction,0,1,1170,4,0,0,0.12,0,2026-08-19 19:57:00
TX004917,CUST00194,3173.71,UPI,bank_timeout,4,3,964,9,1,0,0.22,0,2026-08-03 20:48:00
TX004918,CUST02104,753.23,Credit Card,bank_timeout,1,2,816,12,0,1,0.5,1,2026-08-05 06:24:00
TX004919,CUST00014,4234.9,Wallet,authentication_failed,2,3,84,0,0,0,0.04,0,2026-08-07 19:28:00
TX004920,CUST00576,3994.79,Credit Card,network_error,0,1,1147,6,0,0,0.67,1,2026-08-05 08:38:00
TX004921,CUST00147,5789.1,UPI,suspicious_transaction,2,0,776,18,0,0,0.08,0,2026-08-01 05:40:00
TX004922,CUST01565,1488.08,Net Banking,insufficient_funds,1,1,133,1,0,0,0.44,0,2026-08-04 14:40:00
TX004923,CUST00335,1973.16,Net Banking,issuer_declined,0,0,311,11,1,0,0.35,0,2026-08-27 20:31:00
TX004924,CUST01350,4510.61,Wallet,expired_card,0,1,299,3,1,0,0.37,1,2026-08-08 02:19:00
TX004925,CUST01339,1715.39,Debit Card,authentication_failed,2,3,648,10,1,0,0.02,0,2026-08-08 03:08:00
TX004926,CUST02933,664.32,UPI,authentication_failed,1,0,667,8,0,1,0.31,0,2026-08-16 17:08:00
TX004927,CUST02531,700.26,Debit Card,bank_timeout,3,2,291,8,0,0,0.41,1,2026-08-18 01:22:00
TX004928,CUST00735,1392.08,Credit Card,bank_timeout,1,1,589,16,0,0,0.66,0,2026-08-09 20:13:00
TX004929,CUST00630,301.7,UPI,bank_timeout,0,0,1261,20,0,0,0.8,1,2026-08-19 21:38:00
TX004930,CUST01842,950.27,Net Banking,authentication_failed,2,3,574,9,0,0,0.09,0,2026-08-23 06:19:00
TX004931,CUST02272,3283.11,UPI,insufficient_funds,0,0,90,9,0,0,0.58,0,2026-08-18 14:22:00
TX004932,CUST01710,122.58,Net Banking,authentication_failed,2,3,358,18,0,0,0.04,0,2026-08-28 16:50:00
TX004933,CUST01779,5087.2,Debit Card,authentication_failed,1,2,86,8,0,0,0.18,0,2026-08-14 13:16:00
TX004934,CUST02439,3369.01,Debit Card,authentication_failed,5,2,1307,16,0,0,0.02,0,2026-08-16 15:55:00
TX004935,CUST01917,692.45,Net Banking,network_error,0,1,228,11,0,0,0.62,1,2026-08-27 11:42:00
TX004936,CUST00868,1888.22,Credit Card,insufficient_funds,3,1,300,5,0,0,0.32,0,2026-08-15 13:58:00
TX004937,CUST01053,1100.09,Wallet,expired_card,0,1,1217,9,0,0,0.52,1,2026-08-13 12:31:00
TX004938,CUST02653,3751.8,UPI,bank_timeout,2,0,319,20,1,0,0.53,1,2026-08-15 20:28:00
TX004939,CUST02308,2929.78,Debit Card,issuer_declined,3,1,441,4,0,0,0.24,0,2026-08-12 03:16:00
TX004940,CUST00895,270.41,Debit Card,issuer_declined,1,0,272,16,0,0,0.39,0,2026-08-17 14:30:00
TX004941,CUST01984,1972.91,Debit Card,issuer_declined,3,1,1361,0,0,0,0.24,0,2026-08-28 23:28:00
TX004942,CUST02242,892.81,UPI,bank_timeout,0,1,1309,12,1,0,0.62,0,2026-08-21 19:05:00
TX004943,CUST01974,1191.34,UPI,bank_timeout,0,0,236,2,0,0,0.75,1,2026-08-18 07:33:00
TX004944,CUST00630,529.44,Credit Card,bank_timeout,0,1,329,17,1,0,0.57,1,2026-08-19 10:22:00
TX004945,CUST01384,6298.94,UPI,insufficient_funds,0,0,1230,14,0,0,0.63,1,2026-08-20 23:41:00
TX004946,CUST02481,3102.8,Credit Card,bank_timeout,2,0,79,20,0,0,0.63,1,2026-08-02 09:14:00
TX004947,CUST02640,523.34,Wallet,authentication_failed,0,0,73,4,0,0,0.4,0,2026-08-18 01:40:00
TX004948,CUST01376,288.7,Net Banking,insufficient_funds,0,1,1288,6,0,0,0.55,1,2026-08-18 09:57:00
TX004949,CUST00810,745.7,Credit Card,authentication_failed,2,3,464,22,0,1,0.02,0,2026-08-03 19:04:00
TX004950,CUST01880,1693.42,Debit Card,issuer_declined,1,1,161,8,1,0,0.21,0,2026-08-20 15:43:00
TX004951,CUST02955,1394.38,Debit Card,bank_timeout,0,1,1373,8,0,0,0.72,1,2026-08-10 01:05:00
TX004952,CUST02074,3839.64,Credit Card,authentication_failed,2,0,846,15,0,0,0.33,0,2026-08-28 01:58:00
TX004953,CUST01282,2416.12,Debit Card,authentication_failed,0,1,1345,15,0,0,0.37,0,2026-08-23 05:38:00
TX004954,CUST01377,2891.61,Credit Card,network_error,4,3,332,20,0,0,0.22,0,2026-08-26 15:57:00
TX004955,CUST02277,1520.59,Wallet,insufficient_funds,0,1,697,11,0,1,0.47,0,2026-08-13 17:21:00
TX004956,CUST00621,273.34,UPI,bank_timeout,0,1,243,3,0,0,0.67,1,2026-08-15 15:24:00
TX004957,CUST01146,901.72,Debit Card,bank_timeout,2,0,1478,11,0,0,0.68,1,2026-08-06 19:52:00
TX004958,CUST01766,3165.57,Wallet,bank_timeout,2,1,1161,10,0,0,0.6,0,2026-08-01 09:10:00
TX004959,CUST00134,1041.56,Credit Card,expired_card,2,1,1219,10,0,0,0.4,0,2026-08-19 05:14:00
TX004960,CUST02840,1813.64,Credit Card,insufficient_funds,2,1,217,5,0,0,0.38,1,2026-08-23 06:39:00
TX004961,CUST00131,797.32,UPI,issuer_declined,0,0,129,14,0,0,0.45,0,2026-08-17 14:30:00
TX004962,CUST02283,391.58,Credit Card,insufficient_funds,3,1,255,10,1,0,0.22,0,2026-08-11 00:36:00
TX004963,CUST02266,969.38,Net Banking,authentication_failed,1,1,141,7,0,0,0.26,0,2026-08-16 20:41:00
TX004964,CUST02853,1493.75,Wallet,expired_card,0,0,717,8,0,0,0.6,0,2026-08-16 01:19:00
TX004965,CUST01775,569.25,Credit Card,network_error,1,2,870,8,0,0,0.53,0,2026-08-20 14:10:00
TX004966,CUST00338,866.35,Credit Card,bank_timeout,1,0,1126,13,0,0,0.74,1,2026-08-26 09:52:00
TX004967,CUST01202,428.61,Credit Card,expired_card,1,1,211,10,0,0,0.41,0,2026-08-03 03:29:00
TX004968,CUST02839,3358.48,Wallet,insufficient_funds,4,2,74,12,0,0,0.18,0,2026-08-30 04:51:00
TX004969,CUST00527,816.92,Wallet,issuer_declined,3,3,1061,10,0,0,0.08,1,2026-08-13 23:59:00
TX004970,CUST02343,4687.97,Credit Card,bank_timeout,2,0,179,10,0,0,0.63,1,2026-08-15 04:58:00
TX004971,CUST00117,5058.11,Credit Card,issuer_declined,3,0,1061,1,0,0,0.32,0,2026-08-12 04:10:00
TX004972,CUST01675,1011.26,Credit Card,bank_timeout,1,2,251,17,0,0,0.53,0,2026-08-05 01:10:00
TX004973,CUST01752,400.03,Debit Card,issuer_declined,0,0,902,23,0,0,0.5,0,2026-08-20 22:10:00
TX004974,CUST00322,136.2,Debit Card,insufficient_funds,1,1,631,6,1,0,0.39,1,2026-08-16 08:00:00
TX004975,CUST02767,251.63,Net Banking,network_error,1,1,249,20,0,0,0.56,0,2026-08-16 18:17:00
TX004976,CUST00411,277.6,Wallet,bank_timeout,0,0,359,11,0,0,0.75,0,2026-08-20 17:33:00
TX004977,CUST00807,4352.34,UPI,issuer_declined,2,3,1409,16,0,0,0.14,1,2026-08-03 15:44:00
TX004978,CUST00766,1231.3,Debit Card,bank_timeout,2,3,876,13,1,0,0.34,0,2026-08-17 06:04:00
TX004979,CUST00079,1619.07,Wallet,suspicious_transaction,2,3,168,1,0,0,0.02,0,2026-08-10 12:29:00
TX004980,CUST00557,119.05,Net Banking,network_error,0,1,220,20,0,1,0.54,0,2026-08-01 15:17:00
TX004981,CUST02763,330.97,Debit Card,bank_timeout,0,1,1055,6,0,0,0.72,1,2026-08-01 07:46:00
TX004982,CUST00022,2662.66,UPI,insufficient_funds,1,0,1052,15,1,0,0.47,0,2026-08-26 02:16:00
TX004983,CUST00499,1460.85,Wallet,bank_timeout,1,2,1313,4,0,0,0.58,1,2026-08-27 04:49:00
TX004984,CUST00903,946.52,Wallet,authentication_failed,0,1,1237,4,1,0,0.27,1,2026-08-24 21:08:00
TX004985,CUST00304,1929.16,Net Banking,network_error,1,2,17,3,0,0,0.48,1,2026-08-21 00:05:00
TX004986,CUST02801,5629.62,Debit Card,network_error,0,0,628,19,0,0,0.75,1,2026-08-28 23:23:00
TX004987,CUST00921,879.15,Credit Card,insufficient_funds,3,3,894,10,0,1,0.13,0,2026-08-10 03:27:00
TX004988,CUST00319,1175.41,Credit Card,bank_timeout,1,1,594,18,0,0,0.66,1,2026-08-23 06:01:00
TX004989,CUST02771,1329.55,Net Banking,network_error,2,2,702,19,0,0,0.47,0,2026-08-03 20:23:00
TX004990,CUST00381,11993.37,Wallet,authentication_failed,0,1,1283,10,1,0,0.27,1,2026-08-08 17:08:00
TX004991,CUST01921,134.38,UPI,network_error,0,0,847,5,0,0,0.75,0,2026-08-09 21:14:00
TX004992,CUST01177,2171.61,UPI,issuer_declined,0,0,414,9,0,0,0.5,1,2026-08-27 23:26:00
TX004993,CUST01704,977.69,Wallet,insufficient_funds,0,1,877,22,0,0,0.55,1,2026-08-06 05:30:00
TX004994,CUST02111,1932.89,Net Banking,bank_timeout,5,1,217,4,0,0,0.37,0,2026-08-23 06:46:00
TX004995,CUST01930,568.29,Debit Card,authentication_failed,3,2,119,6,0,0,0.06,0,2026-08-18 06:14:00
TX004996,CUST01530,1044.23,UPI,insufficient_funds,1,1,1420,13,0,0,0.49,0,2026-08-10 23:21:00
TX004997,CUST02235,2233.69,Net Banking,network_error,0,1,161,7,0,0,0.62,0,2026-08-30 04:22:00
TX004998,CUST02125,24659.32,Credit Card,issuer_declined,2,0,869,11,0,0,0.38,1,2026-08-29 06:02:00
TX004999,CUST01825,2460.29,Net Banking,authentication_failed,0,0,1461,1,0,0,0.45,0,2026-08-11 18:06:00
TX005000,CUST02486,469.62,Credit Card,bank_timeout,0,1,931,8,0,1,0.64,0,2026-08-26 10:13:00
TX005001,CUST01032,717.84,Credit Card,insufficient_funds,3,0,1065,5,0,1,0.37,1,2026-08-13 12:46:00
TX005002,CUST00145,696.86,Wallet,network_error,0,0,978,23,0,0,0.75,1,2026-08-07 03:41:00
TX005003,CUST00218,182.06,Credit Card,bank_timeout,0,1,809,9,0,0,0.72,1,2026-08-23 19:50:00
TX005004,CUST01093,788.32,Net Banking,insufficient_funds,1,2,1316,19,0,0,0.41,0,2026-08-16 21:55:00
TX005005,CUST02051,2282.05,Net Banking,expired_card,3,3,1435,18,0,1,0.1,0,2026-08-04 22:35:00
TX005006,CUST01877,306.67,Wallet,authentication_failed,0,0,770,18,0,0,0.45,0,2026-08-30 01:32:00
TX005007,CUST02940,3129.04,Wallet,network_error,0,0,273,15,0,0,0.7,1,2026-08-20 08:55:00
TX005008,CUST02221,1786.07,Wallet,insufficient_funds,0,0,43,7,0,0,0.58,0,2026-08-03 18:02:00
TX005009,CUST02628,526.24,Credit Card,suspicious_transaction,3,1,536,3,1,0,0.02,0,2026-08-21 03:51:00
TX005010,CUST01668,951.91,Debit Card,authentication_failed,5,1,443,10,0,0,0.07,0,2026-08-22 16:20:00
TX005011,CUST01791,5422.55,UPI,issuer_declined,5,3,1412,2,0,0,0.02,0,2026-08-29 18:58:00
TX005012,CUST02785,2283.69,Wallet,bank_timeout,2,3,111,9,0,0,0.39,0,2026-08-25 16:49:00
TX005013,CUST01820,1106.31,Net Banking,bank_timeout,1,2,919,13,0,0,0.58,0,2026-08-09 22:15:00
TX005014,CUST01374,864.64,Debit Card,expired_card,0,0,575,23,0,0,0.6,1,2026-08-09 23:35:00
TX005015,CUST02725,1183.95,Wallet,expired_card,1,1,1144,20,0,0,0.46,0,2026-08-12 03:37:00
TX005016,CUST00272,657.36,Credit Card,authentication_failed,3,0,1065,10,0,1,0.19,1,2026-08-02 08:15:00
TX005017,CUST00719,133.65,Debit Card,bank_timeout,1,0,441,12,0,0,0.74,1,2026-08-23 08:13:00
TX005018,CUST02961,8452.17,Credit Card,bank_timeout,0,0,638,2,0,0,0.8,1,2026-08-24 07:52:00
TX005019,CUST02345,1280.91,Net Banking,authentication_failed,0,0,984,15,0,0,0.45,0,2026-08-14 09:29:00
TX005020,CUST02981,1632.96,Credit Card,suspicious_transaction,1,0,202,1,0,0,0.09,0,2026-08-13 04:15:00
TX005021,CUST02220,1034.93,Credit Card,bank_timeout,0,0,984,10,0,0,0.8,1,2026-08-26 19:47:00
TX005022,CUST01728,525.78,Credit Card,bank_timeout,0,0,1357,23,0,0,0.8,0,2026-08-29 07:44:00
TX005023,CUST01720,910.57,Debit Card,bank_timeout,0,0,986,2,0,0,0.8,0,2026-08-15 09:36:00
TX005024,CUST02827,221.54,Wallet,authentication_failed,0,1,334,6,0,0,0.32,0,2026-08-22 01:09:00
TX005025,CUST00396,10690.24,Net Banking,bank_timeout,0,0,1422,20,0,0,0.8,1,2026-08-22 18:24:00
TX005026,CUST00005,319.09,Net Banking,expired_card,0,0,1325,14,0,0,0.6,1,2026-08-13 14:10:00
TX005027,CUST01254,390.74,Debit Card,bank_timeout,1,1,402,0,0,1,0.58,0,2026-08-23 14:49:00
TX005028,CUST02051,706.09,UPI,insufficient_funds,2,2,868,10,0,0,0.35,0,2026-08-30 23:27:00
TX005029,CUST02214,3976.18,Net Banking,insufficient_funds,2,2,1231,20,0,0,0.35,0,2026-08-09 19:15:00
TX005030,CUST02863,1112.66,Credit Card,bank_timeout,2,1,342,12,0,0,0.55,1,2026-08-02 03:59:00
TX005031,CUST02655,318.58,Credit Card,insufficient_funds,0,1,1089,11,0,0,0.55,1,2026-08-18 14:11:00
TX005032,CUST01329,3844.27,Credit Card,bank_timeout,0,1,590,6,1,0,0.62,1,2026-08-07 19:56:00
TX005033,CUST00710,2277.88,Debit Card,suspicious_transaction,0,1,156,4,0,0,0.07,0,2026-08-17 23:54:00
TX005034,CUST02994,1878.89,UPI,insufficient_funds,2,2,758,23,0,0,0.35,1,2026-08-26 22:42:00
TX005035,CUST00618,2243.37,Net Banking,insufficient_funds,0,1,1007,14,0,0,0.55,0,2026-08-23 20:39:00
TX005036,CUST00244,12020.42,Net Banking,suspicious_transaction,0,0,523,10,0,0,0.2,0,2026-08-20 12:07:00
TX005037,CUST01118,9750.71,UPI,expired_card,1,0,1225,19,0,0,0.54,0,2026-08-30 22:45:00
TX005038,CUST02621,551.85,Credit Card,network_error,1,0,504,16,0,0,0.69,1,2026-08-20 13:12:00
TX005039,CUST02269,5562.96,Wallet,bank_timeout,2,3,1070,18,0,0,0.44,0,2026-08-21 08:41:00
TX005040,CUST00862,1608.68,Wallet,authentication_failed,0,0,776,11,0,0,0.45,1,2026-08-23 08:28:00
TX005041,CUST02601,1806.41,Wallet,authentication_failed,1,0,983,17,0,0,0.39,0,2026-08-07 01:20:00
TX005042,CUST00467,201.89,Wallet,expired_card,0,1,1223,12,1,0,0.42,1,2026-08-14 04:00:00
TX005043,CUST00723,924.83,Wallet,authentication_failed,2,2,118,17,0,0,0.12,0,2026-08-19 14:00:00
TX005044,CUST02715,486.47,Net Banking,bank_timeout,0,0,921,12,0,0,0.8,1,2026-08-25 11:57:00
TX005045,CUST01693,2510.05,Net Banking,expired_card,0,1,155,17,0,0,0.47,1,2026-08-30 16:13:00
TX005046,CUST02361,3200.56,Net Banking,issuer_declined,0,0,445,1,0,0,0.5,1,2026-08-20 07:37:00
TX005047,CUST00647,137.76,Debit Card,bank_timeout,0,0,495,4,0,0,0.8,1,2026-08-09 13:08:00
TX005048,CUST01596,1072.73,Debit Card,bank_timeout,1,2,228,19,0,0,0.53,1,2026-08-10 14:59:00
TX005049,CUST00579,3367.28,Wallet,issuer_declined,0,1,968,5,0,0,0.42,1,2026-08-26 01:32:00
TX005050,CUST01427,909.89,Net Banking,network_error,2,2,71,0,0,0,0.42,0,2026-08-14 14:39:00
TX005051,CUST00929,2273.47,Wallet,expired_card,1,2,17,0,0,0,0.33,0,2026-08-20 12:17:00
TX005052,CUST01777,1558.01,Wallet,bank_timeout,1,1,1321,10,0,0,0.66,1,2026-08-13 03:56:00
TX005053,CUST02525,1543.27,UPI,issuer_declined,2,1,707,23,0,0,0.3,1,2026-08-14 01:35:00
TX005054,CUST01318,836.05,Credit Card,suspicious_transaction,3,3,206,22,1,0,0.02,0,2026-08-28 13:02:00
TX005055,CUST02606,324.87,Net Banking,insufficient_funds,0,0,1429,13,0,0,0.63,0,2026-08-04 20:22:00
TX005056,CUST01327,357.26,Credit Card,issuer_declined,0,0,1018,0,0,0,0.5,0,2026-08-22 16:11:00
TX005057,CUST01719,2229.1,Wallet,insufficient_funds,3,3,1421,18,0,0,0.21,1,2026-08-15 12:37:00
TX005058,CUST00444,1118.18,Debit Card,issuer_declined,3,3,1330,19,0,0,0.08,0,2026-08-04 04:51:00
TX005059,CUST00635,954.79,UPI,insufficient_funds,3,0,52,12,0,0,0.4,0,2026-08-04 16:20:00
TX005060,CUST01426,717.74,Debit Card,insufficient_funds,4,1,1199,21,0,0,0.31,1,2026-08-15 12:14:00
TX005061,CUST01458,808.2,Net Banking,issuer_declined,0,0,197,9,0,0,0.45,0,2026-08-13 17:26:00
TX005062,CUST00344,3124.13,Credit Card,expired_card,2,2,1344,2,0,0,0.32,0,2026-08-10 11:51:00
TX005063,CUST00213,784.27,Credit Card,insufficient_funds,0,1,1203,1,0,0,0.55,0,2026-08-20 19:31:00
TX005064,CUST02449,286.84,Debit Card,network_error,0,1,428,13,0,0,0.67,1,2026-08-07 09:06:00
TX005065,CUST02126,2306.88,Net Banking,issuer_declined,2,0,131,14,0,0,0.33,0,2026-08-27 07:13:00
TX005066,CUST02463,893.48,Credit Card,authentication_failed,0,1,644,4,0,0,0.37,0,2026-08-27 12:47:00
TX005067,CUST02468,1131.61,Wallet,authentication_failed,0,0,16,20,0,0,0.4,1,2026-08-04 09:36:00
TX005068,CUST02059,5472.98,Debit Card,bank_timeout,0,0,1147,6,0,0,0.8,1,2026-08-19 14:04:00
TX005069,CUST00219,1074.32,Debit Card,network_error,1,2,1082,18,0,0,0.53,0,2026-08-04 02:13:00
TX005070,CUST02245,1464.37,Debit Card,issuer_declined,0,0,1114,13,0,0,0.5,1,2026-08-09 11:58:00
TX005071,CUST02047,337.34,UPI,expired_card,0,1,627,16,0,0,0.52,1,2026-08-11 05:48:00
TX005072,CUST00113,880.36,UPI,authentication_failed,0,0,1197,20,0,0,0.45,1,2026-08-05 22:02:00
TX005073,CUST01478,2017.32,UPI,authentication_failed,0,0,686,1,0,0,0.45,0,2026-08-20 16:41:00
TX005074,CUST00227,231.51,Debit Card,bank_timeout,0,0,1048,11,0,0,0.8,1,2026-08-23 01:25:00
TX005075,CUST02203,1340.56,Wallet,bank_timeout,2,1,1196,3,0,0,0.6,1,2026-08-22 00:15:00
TX005076,CUST00623,1212.93,Wallet,authentication_failed,0,0,667,4,1,0,0.35,0,2026-08-18 15:22:00
TX005077,CUST00075,1142.86,Wallet,bank_timeout,0,1,558,15,1,0,0.62,0,2026-08-09 12:34:00
TX005078,CUST01029,3093.81,Credit Card,bank_timeout,0,0,268,13,0,0,0.75,1,2026-08-23 01:42:00
TX005079,CUST01844,1532.17,Credit Card,suspicious_transaction,4,0,449,7,1,0,0.02,0,2026-08-05 10:45:00
TX005080,CUST01078,4808.17,Debit Card,suspicious_transaction,0,0,425,9,0,0,0.2,0,2026-08-09 05:20:00
TX005081,CUST02110,406.02,Net Banking,issuer_declined,0,1,854,10,0,0,0.42,0,2026-08-19 20:07:00
TX005082,CUST02177,1256.3,UPI,network_error,4,0,65,1,0,0,0.46,0,2026-08-16 21:56:00
TX005083,CUST02866,1193.29,Credit Card,insufficient_funds,0,1,109,2,0,0,0.5,0,2026-08-16 03:44:00
TX005084,CUST01860,376.44,Wallet,bank_timeout,1,1,930,19,0,0,0.66,1,2026-08-05 20:27:00
TX005085,CUST01156,2853.48,Wallet,suspicious_transaction,3,0,712,21,0,0,0.02,0,2026-08-06 04:40:00
TX005086,CUST01209,11211.25,Debit Card,insufficient_funds,0,1,518,3,0,1,0.47,0,2026-08-19 12:11:00
TX005087,CUST01489,1078.14,Net Banking,authentication_failed,3,3,877,17,0,0,0.03,0,2026-08-16 03:12:00
TX005088,CUST00963,1817.14,Net Banking,bank_timeout,4,3,872,13,0,0,0.32,0,2026-08-28 06:50:00
TX005089,CUST00187,1193.35,Credit Card,expired_card,0,0,478,17,1,0,0.5,1,2026-08-20 12:37:00
TX005090,CUST01104,537.22,Wallet,authentication_failed,1,0,1079,20,0,0,0.39,0,2026-08-25 23:17:00
TX005091,CUST02117,177.55,Credit Card,insufficient_funds,2,0,1351,11,0,0,0.51,0,2026-08-04 17:38:00
TX005092,CUST02581,541.44,Credit Card,bank_timeout,5,2,883,3,0,0,0.34,0,2026-08-08 10:58:00
TX005093,CUST01988,272.61,Wallet,issuer_declined,0,1,935,18,0,0,0.42,0,2026-08-11 07:34:00
TX005094,CUST02542,6027.59,UPI,insufficient_funds,0,1,1142,5,0,0,0.55,1,2026-08-24 18:53:00
TX005095,CUST01120,977.39,Credit Card,bank_timeout,1,1,1426,21,0,0,0.66,1,2026-08-14 23:48:00
TX005096,CUST01831,775.94,Debit Card,bank_timeout,1,2,977,4,0,0,0.58,0,2026-08-16 19:14:00
TX005097,CUST01669,2668.19,Debit Card,insufficient_funds,1,0,789,3,0,0,0.57,1,2026-08-07 19:06:00
TX005098,CUST01347,357.18,UPI,bank_timeout,0,1,534,10,0,0,0.72,0,2026-08-06 17:40:00
TX005099,CUST01186,509.35,UPI,issuer_declined,0,1,486,9,0,1,0.34,0,2026-08-04 23:10:00
TX005100,CUST02748,1173.88,Net Banking,bank_timeout,2,3,516,19,0,0,0.44,1,2026-08-12 04:05:00
TX005101,CUST02017,3067.96,Debit Card,authentication_failed,0,1,781,19,1,0,0.27,0,2026-08-18 06:37:00
TX005102,CUST02806,1811.09,Debit Card,suspicious_transaction,0,1,467,6,0,0,0.12,0,2026-08-01 07:52:00
TX005103,CUST02965,1405.75,Wallet,bank_timeout,0,1,1038,2,1,1,0.54,1,2026-08-18 00:52:00
TX005104,CUST01974,1185.73,UPI,expired_card,0,1,209,9,0,1,0.39,0,2026-08-30 15:37:00
TX005105,CUST01472,1636.37,Debit Card,insufficient_funds,0,1,436,12,0,0,0.55,1,2026-08-28 01:38:00
TX005106,CUST01615,1341.65,Net Banking,network_error,3,0,1096,8,0,0,0.57,0,2026-08-18 09:55:00
TX005107,CUST02216,391.52,Debit Card,insufficient_funds,3,1,401,20,0,0,0.37,0,2026-08-21 17:43:00
TX005108,CUST00072,1148.35,Debit Card,network_error,0,1,698,0,0,0,0.67,1,2026-08-01 02:49:00
TX005109,CUST01072,374.77,Debit Card,network_error,0,0,1048,2,0,0,0.75,1,2026-08-02 07:09:00
TX005110,CUST00727,1189.26,Net Banking,expired_card,0,0,936,5,0,0,0.6,1,2026-08-20 10:05:00
TX005111,CUST02512,678.14,Debit Card,bank_timeout,2,1,1330,12,0,0,0.6,1,2026-08-22 03:10:00
TX005112,CUST00958,13896.35,Debit Card,bank_timeout,3,1,857,21,0,0,0.54,1,2026-08-16 15:42:00
TX005113,CUST00857,1053.74,Wallet,insufficient_funds,0,1,757,3,0,0,0.55,0,2026-08-27 17:36:00
TX005114,CUST01780,269.28,Debit Card,bank_timeout,0,1,127,22,1,0,0.57,0,2026-08-08 02:45:00
TX005115,CUST01914,958.93,Debit Card,authentication_failed,2,0,530,20,0,0,0.33,0,2026-08-14 05:48:00
TX005116,CUST00374,1843.38,UPI,expired_card,3,1,890,11,0,0,0.34,0,2026-08-08 02:49:00
TX005117,CUST02860,5845.13,Debit Card,suspicious_transaction,3,1,877,1,1,0,0.02,0,2026-08-27 04:14:00
TX005118,CUST02699,608.23,Credit Card,bank_timeout,1,0,738,14,0,0,0.74,1,2026-08-28 03:58:00
TX005119,CUST01308,225.33,Wallet,issuer_declined,3,1,319,10,1,0,0.09,0,2026-08-15 15:47:00
TX005120,CUST00721,2482.04,Wallet,issuer_declined,0,1,816,11,0,0,0.42,0,2026-08-24 08:25:00
TX005121,CUST02758,275.72,Wallet,expired_card,5,1,1098,6,0,0,0.22,0,2026-08-21 15:57:00
TX005122,CUST00239,708.99,Credit Card,bank_timeout,0,0,262,20,1,0,0.65,0,2026-08-24 11:25:00
TX005123,CUST02020,847.58,Debit Card,network_error,1,2,537,5,1,0,0.43,0,2026-08-16 06:46:00
TX005124,CUST01182,1022.87,Debit Card,network_error,1,2,1038,16,0,0,0.53,1,2026-08-24 16:21:00
TX005125,CUST00821,2184.55,Wallet,expired_card,0,1,587,6,1,0,0.42,0,2026-08-12 07:51:00
TX005126,CUST01392,553.56,Credit Card,suspicious_transaction,0,1,401,21,0,0,0.12,0,2026-08-01 23:12:00
TX005127,CUST01772,834.03,Wallet,network_error,1,2,311,23,0,0,0.48,1,2026-08-15 14:29:00
TX005128,CUST01701,1081.09,UPI,bank_timeout,0,0,80,6,0,0,0.75,0,2026-08-07 08:47:00
TX005129,CUST00859,1273.59,Wallet,issuer_declined,0,0,198,13,0,0,0.45,1,2026-08-26 06:44:00
TX005130,CUST01455,1209.34,Debit Card,bank_timeout,5,1,839,7,0,0,0.42,0,2026-08-06 19:23:00
TX005131,CUST00467,1695.96,Debit Card,issuer_declined,0,1,218,10,0,0,0.37,1,2026-08-29 02:52:00
TX005132,CUST01609,2549.98,Net Banking,insufficient_funds,0,0,161,21,0,0,0.58,0,2026-08-10 11:15:00
TX005133,CUST00732,1623.98,Net Banking,insufficient_funds,0,0,1447,21,0,0,0.63,0,2026-08-19 20:46:00
TX005134,CUST02502,1726.04,UPI,bank_timeout,2,1,178,1,0,0,0.55,1,2026-08-26 19:56:00
TX005135,CUST01864,225.38,Credit Card,bank_timeout,2,0,726,9,0,0,0.68,0,2026-08-26 10:46:00
TX005136,CUST02989,1153.12,Net Banking,insufficient_funds,2,3,14,5,0,0,0.22,0,2026-08-27 13:05:00
TX005137,CUST00954,1771.37,UPI,expired_card,2,3,1043,19,0,0,0.24,0,2026-08-22 22:08:00
TX005138,CUST02851,2273.19,Wallet,insufficient_funds,4,3,1167,18,0,0,0.15,0,2026-08-05 22:13:00
TX005139,CUST02333,548.75,UPI,authentication_failed,1,1,1151,21,0,0,0.31,1,2026-08-04 19:10:00
TX005140,CUST02452,567.34,UPI,bank_timeout,0,1,690,3,0,0,0.72,1,2026-08-19 01:01:00
TX005141,CUST00892,617.64,Net Banking,bank_timeout,0,0,970,1,0,0,0.8,1,2026-08-19 06:54:00
TX005142,CUST01673,1875.09,Net Banking,insufficient_funds,2,2,1105,23,0,1,0.27,0,2026-08-04 01:12:00
TX005143,CUST00244,3083.69,Net Banking,issuer_declined,3,0,625,22,0,0,0.32,1,2026-08-28 22:15:00
TX005144,CUST01649,729.63,Debit Card,expired_card,0,0,161,0,0,0,0.55,1,2026-08-03 01:21:00
TX005145,CUST00840,2718.84,UPI,suspicious_transaction,2,3,677,18,0,0,0.02,0,2026-08-27 07:33:00
TX005146,CUST01355,1240.76,Wallet,issuer_declined,1,0,680,16,0,0,0.44,1,2026-08-05 13:02:00
TX005147,CUST01073,968.47,Wallet,issuer_declined,0,0,346,11,0,0,0.45,0,2026-08-03 01:33:00
TX005148,CUST01738,887.68,Credit Card,expired_card,2,0,1130,1,0,1,0.4,0,2026-08-29 03:55:00
TX005149,CUST02396,2313.72,UPI,issuer_declined,2,2,213,9,1,0,0.07,0,2026-08-01 15:34:00
TX005150,CUST02725,1518.65,UPI,network_error,1,1,1289,8,0,0,0.61,0,2026-08-10 23:23:00
TX005151,CUST01699,10676.77,Debit Card,bank_timeout,0,1,621,14,0,0,0.72,1,2026-08-27 03:56:00
TX005152,CUST00731,467.68,Debit Card,issuer_declined,1,2,815,0,0,0,0.28,1,2026-08-04 19:22:00
TX005153,CUST01858,1841.07,Debit Card,network_error,0,1,1378,7,0,0,0.67,0,2026-08-19 05:05:00
TX005154,CUST02163,646.0,Debit Card,network_error,0,1,1031,5,1,1,0.49,0,2026-08-05 15:31:00
TX005155,CUST00678,459.76,Credit Card,issuer_declined,5,3,799,3,0,0,0.02,0,2026-08-25 10:26:00
TX005156,CUST00161,1084.78,Wallet,network_error,0,0,1246,14,0,1,0.67,1,2026-08-12 05:36:00
TX005157,CUST01467,1258.09,UPI,authentication_failed,1,2,159,2,0,0,0.18,0,2026-08-21 00:26:00
TX005158,CUST00225,20295.89,Credit Card,expired_card,0,0,490,15,0,1,0.52,1,2026-08-15 00:49:00
TX005159,CUST02651,912.2,Credit Card,insufficient_funds,1,1,1128,14,0,0,0.49,1,2026-08-23 09:46:00
TX005160,CUST00567,354.19,UPI,expired_card,0,0,466,0,1,0,0.5,1,2026-08-18 10:07:00
TX005161,CUST02357,1440.88,Net Banking,issuer_declined,2,0,391,7,1,0,0.28,1,2026-08-19 20:48:00
TX005162,CUST02061,137.74,Credit Card,expired_card,5,2,324,4,0,0,0.09,1,2026-08-14 18:33:00
TX005163,CUST00870,1000.29,UPI,insufficient_funds,2,0,423,20,0,0,0.51,0,2026-08-06 08:20:00
TX005164,CUST01011,1114.35,UPI,issuer_declined,0,1,402,22,0,0,0.42,1,2026-08-14 22:22:00
TX005165,CUST01716,2427.46,Credit Card,issuer_declined,2,2,666,5,0,0,0.22,1,2026-08-07 08:02:00
TX005166,CUST01332,2903.36,Credit Card,authentication_failed,1,1,1486,5,0,0,0.31,0,2026-08-26 20:32:00
TX005167,CUST00868,662.77,Debit Card,insufficient_funds,0,1,935,10,0,0,0.55,1,2026-08-09 00:32:00
TX005168,CUST00489,943.3,Wallet,insufficient_funds,5,3,603,0,0,0,0.09,0,2026-08-30 03:46:00
TX005169,CUST00313,509.73,Debit Card,issuer_declined,0,1,943,16,0,0,0.42,0,2026-08-16 04:50:00
TX005170,CUST00060,354.94,UPI,issuer_declined,0,0,389,20,0,0,0.5,1,2026-08-01 18:02:00
TX005171,CUST02768,1495.02,Debit Card,bank_timeout,4,3,412,13,0,0,0.32,0,2026-08-04 08:58:00
TX005172,CUST00768,306.87,Net Banking,suspicious_transaction,0,1,584,6,0,0,0.12,0,2026-08-22 21:26:00
TX005173,CUST02504,724.42,Net Banking,insufficient_funds,0,1,1290,5,0,0,0.55,0,2026-08-01 05:12:00
TX005174,CUST00365,405.38,Credit Card,bank_timeout,0,0,194,14,1,0,0.65,1,2026-08-23 00:36:00
TX005175,CUST00495,1900.14,Wallet,insufficient_funds,0,1,1277,3,0,0,0.55,1,2026-08-21 22:04:00
TX005176,CUST01453,6643.74,Net Banking,suspicious_transaction,5,0,428,17,0,0,0.02,0,2026-08-07 20:05:00
TX005177,CUST01632,298.39,UPI,network_error,1,0,323,16,0,0,0.64,1,2026-08-14 23:09:00
TX005178,CUST00347,171.91,UPI,insufficient_funds,0,0,1378,11,0,0,0.63,1,2026-08-16 08:28:00
TX005179,CUST01851,967.88,Wallet,insufficient_funds,3,2,89,13,0,0,0.24,0,2026-08-11 03:06:00
TX005180,CUST01170,1113.98,Net Banking,network_error,2,0,161,5,1,0,0.48,1,2026-08-30 13:56:00
TX005181,CUST00570,1364.66,Credit Card,authentication_failed,1,1,1308,18,0,0,0.31,0,2026-08-07 08:08:00
TX005182,CUST02428,701.82,Credit Card,suspicious_transaction,0,0,302,6,1,0,0.05,0,2026-08-26 04:30:00
TX005183,CUST00615,897.27,Credit Card,issuer_declined,1,2,736,2,1,0,0.18,0,2026-08-29 05:15:00
TX005184,CUST02387,1583.69,Net Banking,network_error,1,0,1109,21,0,0,0.69,1,2026-08-22 06:56:00
TX005185,CUST01598,3103.95,Net Banking,suspicious_transaction,2,1,802,0,0,0,0.02,0,2026-08-27 23:53:00
TX005186,CUST01570,155.24,Net Banking,issuer_declined,0,1,1043,12,0,0,0.42,1,2026-08-19 08:06:00
TX005187,CUST00636,758.29,UPI,issuer_declined,0,1,1160,19,0,0,0.42,0,2026-08-07 10:15:00
TX005188,CUST00207,1358.05,Credit Card,authentication_failed,1,0,427,0,0,0,0.39,1,2026-08-30 10:33:00
TX005189,CUST00895,437.91,Wallet,bank_timeout,0,0,1187,22,0,0,0.8,1,2026-08-29 19:22:00
TX005190,CUST01795,6192.97,Wallet,insufficient_funds,3,0,1282,10,0,0,0.45,0,2026-08-13 17:21:00
TX005191,CUST02341,580.91,Debit Card,bank_timeout,0,0,350,14,1,0,0.65,1,2026-08-26 09:58:00
TX005192,CUST02663,1052.27,UPI,bank_timeout,1,2,541,3,0,0,0.58,0,2026-08-27 22:30:00
TX005193,CUST00873,1912.22,Net Banking,network_error,0,0,1065,23,0,0,0.75,0,2026-08-30 19:11:00
TX005194,CUST02670,607.11,Net Banking,issuer_declined,0,0,402,15,1,0,0.4,1,2026-08-14 09:24:00
TX005195,CUST00314,173.02,UPI,issuer_declined,0,0,359,13,0,0,0.45,1,2026-08-15 20:24:00
TX005196,CUST00527,714.33,Debit Card,suspicious_transaction,2,1,1079,11,1,0,0.02,0,2026-08-24 12:43:00
TX005197,CUST00301,3070.02,UPI,insufficient_funds,2,2,1464,13,0,0,0.35,0,2026-08-05 20:12:00
TX005198,CUST00779,782.98,Credit Card,expired_card,1,0,121,5,0,0,0.49,0,2026-08-24 17:31:00
TX005199,CUST02762,470.39,Debit Card,expired_card,2,2,1077,2,0,0,0.32,1,2026-08-13 23:33:00
TX005200,CUST01573,2767.42,UPI,bank_timeout,2,2,512,10,0,0,0.52,1,2026-08-08 10:02:00
TX005201,CUST02090,787.78,Wallet,bank_timeout,2,0,1102,3,0,0,0.68,1,2026-08-11 08:49:00
TX005202,CUST00335,658.42,Net Banking,insufficient_funds,0,0,293,14,1,0,0.48,1,2026-08-25 01:27:00
TX005203,CUST02593,1273.41,Wallet,insufficient_funds,3,3,184,17,1,0,0.06,0,2026-08-25 04:51:00
TX005204,CUST00941,2370.25,Debit Card,insufficient_funds,3,0,713,2,1,0,0.35,0,2026-08-12 15:05:00
TX005205,CUST01943,11869.34,Credit Card,suspicious_transaction,5,0,379,16,0,1,0.02,0,2026-08-04 13:52:00
TX005206,CUST02856,2507.99,Debit Card,authentication_failed,0,0,617,23,0,0,0.45,1,2026-08-18 09:01:00
TX005207,CUST02323,3497.63,Net Banking,insufficient_funds,1,0,672,18,0,0,0.57,0,2026-08-01 17:08:00
TX005208,CUST00088,661.19,UPI,insufficient_funds,0,0,506,8,0,1,0.55,1,2026-08-17 13:37:00
TX005209,CUST00366,393.13,UPI,bank_timeout,0,0,908,12,0,1,0.72,1,2026-08-05 20:04:00
TX005210,CUST01589,1167.16,Net Banking,insufficient_funds,0,1,637,22,0,0,0.55,0,2026-08-02 09:48:00
TX005211,CUST02455,1220.69,Wallet,insufficient_funds,1,2,146,16,1,0,0.26,0,2026-08-07 08:34:00
TX005212,CUST00928,372.97,Debit Card,issuer_declined,0,1,758,14,0,0,0.42,0,2026-08-21 23:45:00
TX005213,CUST00701,920.31,UPI,network_error,2,3,402,20,0,0,0.39,0,2026-08-27 12:41:00
TX005214,CUST00305,1634.87,Net Banking,bank_timeout,1,1,1197,21,0,0,0.66,1,2026-08-08 04:06:00
TX005215,CUST00794,1572.46,UPI,authentication_failed,0,1,115,22,0,0,0.32,0,2026-08-18 02:34:00
TX005216,CUST00995,1815.81,Net Banking,bank_timeout,1,1,1137,18,0,0,0.66,0,2026-08-30 19:40:00
TX005217,CUST00209,1466.99,Debit Card,insufficient_funds,2,2,1421,14,1,0,0.25,1,2026-08-19 22:57:00
TX005218,CUST01302,660.5,Net Banking,suspicious_transaction,0,1,207,21,0,0,0.07,0,2026-08-05 07:54:00
TX005219,CUST01373,655.96,Net Banking,network_error,4,0,244,4,1,0,0.36,1,2026-08-30 21:46:00
TX005220,CUST00073,330.65,Debit Card,expired_card,2,1,753,18,0,0,0.4,0,2026-08-19 15:02:00
TX005221,CUST00748,6534.0,Debit Card,network_error,0,1,943,13,1,1,0.49,0,2026-08-11 19:34:00
TX005222,CUST00769,1111.48,Debit Card,authentication_failed,1,2,1052,20,0,1,0.15,0,2026-08-03 23:37:00
TX005223,CUST02065,875.81,Net Banking,expired_card,1,2,1058,23,0,0,0.38,0,2026-08-10 06:59:00
TX005224,CUST01148,433.2,Credit Card,bank_timeout,1,2,1016,17,0,0,0.58,0,2026-08-01 03:39:00
TX005225,CUST00265,20653.87,Credit Card,bank_timeout,1,2,445,0,0,0,0.58,1,2026-08-23 07:11:00
TX005226,CUST01722,374.9,Debit Card,insufficient_funds,2,0,218,9,1,0,0.36,1,2026-08-01 00:26:00
TX005227,CUST00607,714.19,Debit Card,insufficient_funds,1,2,1225,1,0,0,0.41,1,2026-08-21 23:28:00
TX005228,CUST02466,1662.1,Wallet,bank_timeout,0,1,1239,2,0,0,0.72,0,2026-08-24 11:58:00
TX005229,CUST00791,1998.62,Wallet,insufficient_funds,0,0,780,4,0,0,0.63,1,2026-08-19 19:07:00
TX005230,CUST02870,2858.16,Credit Card,issuer_declined,0,1,137,14,0,0,0.37,1,2026-08-19 16:58:00
TX005231,CUST02933,6684.91,Wallet,network_error,4,1,1411,12,0,0,0.43,1,2026-08-25 14:06:00
TX005232,CUST02591,1819.21,Wallet,insufficient_funds,1,2,181,21,0,1,0.28,1,2026-08-15 22:08:00
TX005233,CUST00672,381.45,Net Banking,network_error,1,1,79,17,0,0,0.56,0,2026-08-02 20:43:00
TX005234,CUST01320,848.15,Net Banking,bank_timeout,0,0,1114,23,0,0,0.8,0,2026-08-25 10:10:00
TX005235,CUST02183,1491.94,Net Banking,insufficient_funds,4,2,52,3,0,0,0.18,0,2026-08-10 03:26:00
TX005236,CUST02153,8675.22,Net Banking,bank_timeout,4,0,612,5,1,0,0.46,0,2026-08-30 20:51:00
TX005237,CUST02204,271.02,Debit Card,bank_timeout,5,1,1118,21,0,1,0.34,0,2026-08-01 18:11:00
TX005238,CUST01200,3650.34,Net Banking,bank_timeout,1,1,1408,23,0,0,0.66,1,2026-08-09 10:01:00
TX005239,CUST00884,1312.8,Net Banking,expired_card,1,0,477,1,0,0,0.54,1,2026-08-15 11:53:00
TX005240,CUST01216,2534.7,Debit Card,issuer_declined,1,0,366,2,0,0,0.44,1,2026-08-28 00:39:00
TX005241,CUST01319,990.3,Debit Card,suspicious_transaction,0,1,209,15,0,0,0.07,0,2026-08-22 11:49:00
TX005242,CUST02320,472.28,UPI,insufficient_funds,0,1,813,14,0,0,0.55,0,2026-08-17 22:34:00
TX005243,CUST00484,2323.6,UPI,network_error,0,1,828,23,0,0,0.67,0,2026-08-07 01:15:00
TX005244,CUST00283,2109.97,UPI,suspicious_transaction,2,0,292,16,1,0,0.02,0,2026-08-27 20:48:00
TX005245,CUST02880,2898.81,Debit Card,issuer_declined,0,0,526,9,0,0,0.5,0,2026-08-18 09:30:00
TX005246,CUST02785,1082.14,Credit Card,bank_timeout,3,3,321,15,0,0,0.33,0,2026-08-09 12:40:00
TX005247,CUST00090,601.95,Credit Card,bank_timeout,0,0,1150,6,0,1,0.72,1,2026-08-02 07:56:00
TX005248,CUST00482,230.72,Credit Card,expired_card,2,0,1363,14,0,0,0.48,1,2026-08-13 16:59:00
TX005249,CUST02128,2488.35,Wallet,bank_timeout,2,1,1328,14,0,0,0.6,1,2026-08-23 08:53:00
TX005250,CUST01950,1675.54,Wallet,suspicious_transaction,4,3,1117,10,0,0,0.02,0,2026-08-14 08:37:00
TX005251,CUST02070,417.47,Debit Card,bank_timeout,1,2,1238,16,0,0,0.58,0,2026-08-21 02:01:00
TX005252,CUST01471,639.97,Net Banking,authentication_failed,4,3,706,16,0,0,0.02,0,2026-08-18 22:52:00
TX005253,CUST01226,687.62,Debit Card,bank_timeout,1,0,568,4,0,0,0.74,1,2026-08-06 19:11:00
TX005254,CUST02673,248.89,Wallet,expired_card,4,0,817,11,0,0,0.36,0,2026-08-10 10:58:00
TX005255,CUST01337,484.11,UPI,bank_timeout,1,2,806,7,0,0,0.58,1,2026-08-26 11:26:00
TX005256,CUST01960,352.89,Net Banking,insufficient_funds,0,1,404,18,0,0,0.55,0,2026-08-01 19:54:00
TX005257,CUST00792,725.98,UPI,insufficient_funds,0,0,1019,15,0,0,0.63,0,2026-08-19 15:37:00
TX005258,CUST02734,523.9,Wallet,insufficient_funds,1,1,898,21,0,0,0.49,0,2026-08-01 10:00:00
TX005259,CUST01354,215.51,UPI,expired_card,3,3,1096,9,0,0,0.18,1,2026-08-10 12:32:00
TX005260,CUST01073,8288.22,Net Banking,issuer_declined,1,1,652,3,0,1,0.28,1,2026-08-04 06:21:00
TX005261,CUST02772,3837.36,Credit Card,network_error,0,1,1277,1,0,0,0.67,1,2026-08-24 03:58:00
TX005262,CUST01750,503.2,Debit Card,network_error,4,2,895,13,0,0,0.35,1,2026-08-01 15:22:00
TX005263,CUST01434,1440.03,Wallet,issuer_declined,0,0,220,22,0,0,0.45,1,2026-08-18 15:25:00
TX005264,CUST01263,1664.81,UPI,network_error,0,1,767,10,0,0,0.67,0,2026-08-17 10:37:00
TX005265,CUST02943,3608.64,Net Banking,insufficient_funds,4,1,650,3,0,0,0.31,1,2026-08-09 04:30:00
TX005266,CUST00652,483.67,Net Banking,network_error,0,0,1025,1,1,1,0.57,1,2026-08-24 14:42:00
TX005267,CUST00211,3268.57,UPI,network_error,5,2,907,21,0,0,0.29,0,2026-08-23 02:43:00
TX005268,CUST01011,634.03,Debit Card,expired_card,0,0,469,19,1,0,0.5,0,2026-08-04 00:24:00
TX005269,CUST02252,288.34,Credit Card,insufficient_funds,1,2,538,19,0,0,0.41,0,2026-08-01 10:50:00
TX005270,CUST02148,2262.3,Debit Card,issuer_declined,1,1,423,4,0,0,0.36,0,2026-08-24 05:34:00
TX005271,CUST01118,3986.86,Debit Card,insufficient_funds,1,2,389,14,1,0,0.31,0,2026-08-18 20:34:00
TX005272,CUST02500,14587.34,Wallet,issuer_declined,1,2,1488,0,0,0,0.28,0,2026-08-02 06:41:00
TX005273,CUST02350,330.39,Debit Card,insufficient_funds,0,0,854,4,0,0,0.63,1,2026-08-16 02:11:00
TX005274,CUST02057,2205.96,Wallet,suspicious_transaction,1,1,364,8,0,0,0.02,0,2026-08-12 00:53:00
TX005275,CUST00337,727.93,Credit Card,network_error,1,0,1408,1,0,0,0.69,1,2026-08-12 04:20:00
TX005276,CUST02808,2400.32,Wallet,authentication_failed,1,0,1404,2,0,1,0.31,0,2026-08-04 08:48:00
TX005277,CUST01398,252.02,UPI,suspicious_transaction,1,2,725,2,0,0,0.02,0,2026-08-14 05:28:00
TX005278,CUST00444,310.2,Net Banking,expired_card,0,0,1001,0,1,0,0.5,0,2026-08-23 16:07:00
TX005279,CUST01951,504.78,Debit Card,bank_timeout,0,0,422,5,0,0,0.8,1,2026-08-12 00:14:00
TX005280,CUST01176,1186.74,Net Banking,insufficient_funds,0,0,873,14,0,0,0.63,1,2026-08-13 09:16:00
TX005281,CUST02605,577.62,Credit Card,bank_timeout,0,0,288,6,0,0,0.75,1,2026-08-17 02:38:00
TX005282,CUST01055,2119.75,Credit Card,insufficient_funds,0,1,484,1,0,0,0.55,1,2026-08-04 12:16:00
TX005283,CUST02544,3062.22,Net Banking,authentication_failed,0,1,1234,19,0,0,0.37,1,2026-08-05 05:46:00
TX005284,CUST00558,1997.35,UPI,bank_timeout,4,2,1027,16,0,0,0.4,0,2026-08-10 09:00:00
TX005285,CUST00086,5534.67,Net Banking,insufficient_funds,0,0,676,14,1,0,0.53,0,2026-08-21 19:27:00
TX005286,CUST02041,1662.08,Wallet,network_error,2,1,615,8,0,0,0.55,1,2026-08-22 08:09:00
TX005287,CUST01335,324.77,Wallet,suspicious_transaction,0,0,226,11,0,0,0.15,0,2026-08-24 22:59:00
TX005288,CUST01993,4287.15,Credit Card,bank_timeout,0,1,323,12,0,0,0.67,0,2026-08-20 12:51:00
TX005289,CUST00946,598.75,Wallet,suspicious_transaction,4,2,761,16,0,1,0.02,1,2026-08-27 01:21:00
TX005290,CUST00060,2725.53,Credit Card,authentication_failed,1,1,1032,22,0,0,0.31,0,2026-08-22 13:14:00
TX005291,CUST01434,5290.85,UPI,authentication_failed,1,0,1241,4,0,0,0.39,0,2026-08-08 20:57:00
TX005292,CUST00964,1731.4,Wallet,network_error,2,0,1001,7,0,0,0.63,0,2026-08-30 00:19:00
TX005293,CUST01260,245.63,Wallet,suspicious_transaction,0,1,1186,22,0,0,0.12,0,2026-08-06 07:47:00
TX005294,CUST02307,437.81,Net Banking,expired_card,2,1,1356,22,0,0,0.4,1,2026-08-16 04:03:00
TX005295,CUST00110,4116.44,Credit Card,bank_timeout,0,0,1042,15,1,1,0.62,1,2026-08-25 11:10:00
TX005296,CUST00574,926.0,Credit Card,bank_timeout,0,0,269,23,0,0,0.75,1,2026-08-17 08:31:00
TX005297,CUST01571,1187.46,UPI,insufficient_funds,1,1,870,12,1,0,0.39,0,2026-08-01 16:56:00
TX005298,CUST00378,2342.15,Debit Card,insufficient_funds,1,1,954,11,0,0,0.49,1,2026-08-06 13:00:00
TX005299,CUST01996,2200.24,Credit Card,insufficient_funds,2,3,664,1,0,0,0.27,0,2026-08-23 21:02:00
TX005300,CUST01496,1449.25,Net Banking,network_error,2,1,953,6,0,1,0.47,0,2026-08-16 20:31:00
TX005301,CUST00218,890.1,Credit Card,expired_card,3,2,32,12,0,0,0.21,1,2026-08-22 01:44:00
TX005302,CUST00250,802.18,Debit Card,bank_timeout,3,0,1354,13,0,0,0.62,0,2026-08-15 06:55:00
TX005303,CUST01767,2586.08,Debit Card,issuer_declined,0,1,813,20,0,0,0.42,1,2026-08-28 22:40:00
TX005304,CUST00492,1907.54,Debit Card,bank_timeout,1,0,36,0,0,0,0.69,0,2026-08-05 23:51:00
TX005305,CUST00868,847.85,Net Banking,issuer_declined,0,1,1002,23,1,0,0.32,1,2026-08-09 02:44:00
TX005306,CUST00781,3236.06,Credit Card,bank_timeout,3,1,458,15,0,0,0.54,1,2026-08-07 10:19:00
TX005307,CUST00857,963.88,Credit Card,issuer_declined,0,1,566,3,0,0,0.42,0,2026-08-20 04:26:00
TX005308,CUST01791,467.94,UPI,bank_timeout,1,0,39,11,0,0,0.69,1,2026-08-18 08:23:00
TX005309,CUST00667,513.39,Debit Card,insufficient_funds,2,1,1282,6,0,0,0.43,0,2026-08-13 23:29:00
TX005310,CUST00230,412.1,Credit Card,issuer_declined,1,2,797,7,1,0,0.18,0,2026-08-29 19:47:00
TX005311,CUST01438,835.13,Wallet,bank_timeout,0,1,759,15,0,0,0.72,1,2026-08-10 15:32:00
TX005312,CUST00450,3765.83,Wallet,suspicious_transaction,0,0,395,15,1,0,0.1,0,2026-08-12 15:45:00
TX005313,CUST01590,490.24,Wallet,suspicious_transaction,0,0,1368,6,0,1,0.12,0,2026-08-14 13:51:00
TX005314,CUST00448,1324.08,Wallet,suspicious_transaction,0,0,330,12,0,0,0.15,0,2026-08-03 23:47:00
TX005315,CUST01925,568.68,Net Banking,issuer_declined,3,3,1354,1,1,0,0.02,0,2026-08-03 00:18:00
TX005316,CUST01418,845.3,Debit Card,network_error,2,3,170,5,0,0,0.34,0,2026-08-25 07:16:00
TX005317,CUST00639,242.25,Net Banking,bank_timeout,1,1,643,13,0,0,0.66,1,2026-08-28 22:48:00
TX005318,CUST00002,879.6,Net Banking,expired_card,0,1,1263,12,1,0,0.42,1,2026-08-05 13:35:00
TX005319,CUST00348,903.52,Wallet,bank_timeout,1,0,1447,0,0,0,0.74,1,2026-08-10 23:36:00
TX005320,CUST01479,1882.37,Wallet,network_error,0,1,659,7,0,0,0.67,1,2026-08-12 22:00:00
TX005321,CUST02369,1370.98,Credit Card,insufficient_funds,1,2,194,16,0,0,0.36,0,2026-08-30 10:27:00
TX005322,CUST01617,330.83,Wallet,insufficient_funds,0,1,1351,8,0,0,0.55,0,2026-08-08 17:13:00
TX005323,CUST00707,3242.82,UPI,insufficient_funds,2,1,693,10,0,0,0.43,1,2026-08-16 21:57:00
TX005324,CUST02191,1353.3,UPI,expired_card,2,3,755,12,0,0,0.24,0,2026-08-14 04:35:00
TX005325,CUST02528,1337.28,UPI,network_error,3,2,477,9,0,0,0.41,1,2026-08-04 21:19:00
TX005326,CUST02491,1086.61,Credit Card,insufficient_funds,5,3,907,16,0,0,0.09,0,2026-08-29 12:05:00
TX005327,CUST00770,653.43,Credit Card,suspicious_transaction,1,2,183,12,0,1,0.02,0,2026-08-21 13:36:00
TX005328,CUST02726,1363.49,UPI,bank_timeout,0,0,358,1,0,0,0.75,1,2026-08-04 00:08:00
TX005329,CUST02041,1764.44,Debit Card,issuer_declined,2,2,217,15,0,1,0.09,0,2026-08-25 01:13:00
TX005330,CUST00024,191.16,UPI,network_error,0,0,185,7,0,0,0.7,1,2026-08-08 16:03:00
TX005331,CUST02956,639.85,UPI,issuer_declined,1,0,523,0,1,0,0.34,0,2026-08-30 05:49:00
TX005332,CUST02338,849.84,Credit Card,bank_timeout,1,2,1488,2,0,0,0.58,1,2026-08-07 16:50:00
TX005333,CUST01092,1416.82,Debit Card,issuer_declined,0,1,592,10,0,0,0.42,0,2026-08-15 02:52:00
TX005334,CUST01747,3616.68,Wallet,insufficient_funds,0,0,423,12,0,0,0.63,1,2026-08-23 04:21:00
TX005335,CUST00183,506.87,Wallet,bank_timeout,1,2,1409,3,0,0,0.58,0,2026-08-01 16:18:00
TX005336,CUST02093,666.5,Credit Card,issuer_declined,1,0,770,11,0,0,0.44,0,2026-08-27 10:13:00
TX005337,CUST01551,656.86,Wallet,authentication_failed,0,1,843,21,0,0,0.37,0,2026-08-27 03:01:00
TX005338,CUST02321,492.0,Credit Card,network_error,5,3,1381,0,0,0,0.21,0,2026-08-18 03:35:00
TX005339,CUST01455,774.96,Net Banking,suspicious_transaction,2,3,761,19,0,0,0.02,0,2026-08-22 02:47:00
TX005340,CUST02009,2370.37,Net Banking,insufficient_funds,1,2,1039,0,1,0,0.31,1,2026-08-19 17:26:00
TX005341,CUST02149,382.28,Credit Card,bank_timeout,2,3,482,7,0,0,0.44,0,2026-08-05 05:56:00
TX005342,CUST02721,1682.13,Credit Card,insufficient_funds,1,1,692,14,1,0,0.39,0,2026-08-17 18:02:00
TX005343,CUST01072,199.96,Net Banking,bank_timeout,2,2,319,2,0,0,0.47,0,2026-08-07 03:46:00
TX005344,CUST00274,625.57,Credit Card,bank_timeout,1,2,899,21,0,0,0.58,0,2026-08-24 21:45:00
TX005345,CUST00062,788.8,Credit Card,suspicious_transaction,2,1,1206,21,0,0,0.02,0,2026-08-23 18:03:00
TX005346,CUST01632,5853.88,Wallet,network_error,0,0,1021,21,1,0,0.65,1,2026-08-04 02:44:00
TX005347,CUST02847,833.14,Wallet,network_error,0,0,386,21,0,1,0.67,0,2026-08-11 05:35:00
TX005348,CUST01256,121.36,Debit Card,expired_card,1,1,636,14,1,0,0.36,0,2026-08-25 15:10:00
TX005349,CUST01627,148.58,Net Banking,bank_timeout,2,1,601,19,0,0,0.6,1,2026-08-11 21:42:00
TX005350,CUST01049,1134.59,Credit Card,insufficient_funds,2,0,1264,8,1,0,0.41,0,2026-08-18 19:56:00
TX005351,CUST01865,2025.9,Credit Card,issuer_declined,1,1,336,17,0,1,0.23,0,2026-08-12 05:20:00
TX005352,CUST00585,1596.32,UPI,issuer_declined,3,3,920,1,1,0,0.02,0,2026-08-22 04:00:00
TX005353,CUST00487,1296.69,Net Banking,bank_timeout,0,1,1466,19,0,0,0.72,1,2026-08-03 01:13:00
TX005354,CUST01952,3506.1,UPI,authentication_failed,3,0,307,5,1,0,0.12,0,2026-08-30 11:37:00
TX005355,CUST01629,639.32,UPI,issuer_declined,0,1,789,3,0,0,0.42,0,2026-08-14 10:36:00
TX005356,CUST00369,2683.59,Net Banking,authentication_failed,0,0,572,13,0,0,0.45,1,2026-08-04 21:48:00
TX005357,CUST00751,214.43,Credit Card,authentication_failed,4,2,746,18,1,0,0.02,0,2026-08-29 04:52:00
TX005358,CUST00357,443.66,Debit Card,expired_card,0,0,1414,6,0,0,0.6,1,2026-08-15 00:07:00
TX005359,CUST02085,180.0,Net Banking,issuer_declined,0,1,537,6,0,0,0.42,1,2026-08-30 15:34:00
TX005360,CUST00006,833.1,UPI,suspicious_transaction,0,1,474,12,0,1,0.04,0,2026-08-20 19:18:00
TX005361,CUST02513,1047.06,Net Banking,authentication_failed,1,2,983,15,0,1,0.15,0,2026-08-13 01:10:00
TX005362,CUST00265,1229.18,Debit Card,network_error,0,1,1122,13,0,0,0.67,0,2026-08-15 09:32:00
TX005363,CUST00886,1166.64,Debit Card,authentication_failed,1,2,544,6,0,0,0.23,1,2026-08-24 16:46:00
TX005364,CUST01136,433.74,UPI,suspicious_transaction,0,0,1226,4,0,0,0.2,0,2026-08-17 13:34:00
TX005365,CUST00403,906.65,Credit Card,bank_timeout,1,0,71,9,0,0,0.69,0,2026-08-20 12:52:00
TX005366,CUST01148,245.32,Credit Card,suspicious_transaction,0,1,1457,0,0,0,0.12,0,2026-08-08 04:49:00
TX005367,CUST02651,4286.51,UPI,issuer_declined,4,0,785,6,0,0,0.26,0,2026-08-30 23:36:00
TX005368,CUST00999,809.47,Net Banking,bank_timeout,1,0,275,17,0,0,0.69,0,2026-08-06 01:22:00
TX005369,CUST02845,672.58,Wallet,bank_timeout,0,0,287,16,0,0,0.75,1,2026-08-02 05:02:00
TX005370,CUST01752,5371.92,Credit Card,authentication_failed,2,0,1050,6,0,0,0.33,0,2026-08-13 05:00:00
TX005371,CUST01492,316.64,UPI,insufficient_funds,1,1,922,12,0,0,0.49,1,2026-08-23 08:47:00
TX005372,CUST02541,355.82,UPI,bank_timeout,0,0,486,7,0,0,0.8,1,2026-08-12 07:52:00
TX005373,CUST02997,366.42,Credit Card,issuer_declined,0,1,507,11,0,0,0.42,0,2026-08-21 22:53:00
TX005374,CUST02948,1024.67,Credit Card,network_error,5,0,559,22,0,0,0.45,1,2026-08-12 13:05:00
TX005375,CUST00425,1688.56,Debit Card,network_error,1,0,879,17,0,0,0.69,1,2026-08-04 12:40:00
TX005376,CUST02197,2297.73,Credit Card,issuer_declined,0,0,199,12,0,0,0.45,0,2026-08-10 15:29:00
TX005377,CUST02143,14357.03,Net Banking,authentication_failed,0,1,473,4,0,0,0.37,0,2026-08-07 06:55:00
TX005378,CUST01034,115.65,Credit Card,authentication_failed,0,0,805,16,0,0,0.45,1,2026-08-14 08:41:00
TX005379,CUST01403,2015.73,Credit Card,suspicious_transaction,2,2,977,11,0,0,0.02,0,2026-08-05 02:36:00
TX005380,CUST01814,628.21,Net Banking,issuer_declined,0,0,8,11,0,0,0.45,0,2026-08-18 14:23:00
TX005381,CUST02832,610.08,Debit Card,bank_timeout,0,0,1186,7,0,0,0.8,0,2026-08-25 11:12:00
TX005382,CUST00951,590.06,Debit Card,network_error,0,1,654,0,0,0,0.67,1,2026-08-22 23:22:00
TX005383,CUST01304,441.96,Debit Card,insufficient_funds,2,0,660,21,0,0,0.51,1,2026-08-16 18:13:00
TX005384,CUST02922,5910.73,UPI,bank_timeout,0,0,384,0,0,0,0.8,1,2026-08-06 16:26:00
TX005385,CUST01062,2546.05,Wallet,authentication_failed,1,1,338,9,0,0,0.26,1,2026-08-06 07:57:00
TX005386,CUST01428,1122.37,Credit Card,suspicious_transaction,3,1,12,10,0,0,0.02,0,2026-08-26 11:18:00
TX005387,CUST00193,4234.48,Wallet,bank_timeout,2,0,1217,16,0,0,0.68,0,2026-08-27 09:48:00
TX005388,CUST00530,241.65,Debit Card,bank_timeout,0,1,296,6,0,0,0.67,1,2026-08-04 17:33:00
TX005389,CUST00867,289.83,UPI,network_error,1,2,268,18,0,0,0.48,1,2026-08-04 22:55:00
TX005390,CUST00094,124.22,UPI,network_error,3,1,982,19,0,0,0.49,0,2026-08-22 02:23:00
TX005391,CUST02344,544.89,Wallet,authentication_failed,3,1,682,19,0,0,0.19,0,2026-08-10 15:12:00
TX005392,CUST00692,1289.1,Net Banking,network_error,0,0,614,1,0,0,0.75,1,2026-08-30 05:03:00
TX005393,CUST00132,1215.44,UPI,issuer_declined,2,0,1005,3,0,1,0.3,0,2026-08-15 22:00:00
TX005394,CUST00608,1273.27,Debit Card,issuer_declined,1,2,1200,11,0,0,0.28,0,2026-08-25 15:18:00
TX005395,CUST01338,267.45,UPI,suspicious_transaction,0,0,288,20,0,0,0.15,0,2026-08-03 01:37:00
TX005396,CUST00089,2448.31,Wallet,insufficient_funds,2,2,1184,8,0,0,0.35,0,2026-08-17 23:43:00
TX005397,CUST02387,1393.57,UPI,issuer_declined,0,1,509,15,0,0,0.42,0,2026-08-01 23:21:00
TX005398,CUST00433,2282.56,Credit Card,issuer_declined,1,2,572,16,0,0,0.28,1,2026-08-07 03:47:00
TX005399,CUST02312,165.21,Net Banking,insufficient_funds,1,2,1005,2,0,0,0.41,0,2026-08-09 09:07:00
TX005400,CUST02999,1497.41,Wallet,expired_card,3,2,994,2,0,0,0.26,0,2026-08-30 19:27:00
TX005401,CUST02035,334.37,UPI,bank_timeout,5,0,1320,22,0,1,0.42,1,2026-08-10 23:08:00
TX005402,CUST01646,737.07,Credit Card,authentication_failed,1,0,1282,15,0,0,0.39,0,2026-08-29 17:35:00
TX005403,CUST00355,1871.26,Debit Card,issuer_declined,4,3,862,7,0,0,0.02,0,2026-08-13 09:11:00
TX005404,CUST02731,1201.22,Credit Card,insufficient_funds,0,0,132,10,0,0,0.58,0,2026-08-06 02:47:00
TX005405,CUST02855,468.0,Wallet,network_error,1,1,1254,8,0,0,0.61,0,2026-08-18 14:03:00
TX005406,CUST01333,1103.53,Wallet,issuer_declined,1,0,807,20,0,0,0.44,1,2026-08-11 03:36:00
TX005407,CUST00362,237.1,Credit Card,network_error,3,0,2,22,1,0,0.42,0,2026-08-05 21:26:00
TX005408,CUST00020,3464.31,Net Banking,issuer_declined,0,1,556,7,0,0,0.42,1,2026-08-26 21:01:00
TX005409,CUST01288,893.12,UPI,expired_card,1,2,1027,3,0,0,0.38,0,2026-08-16 00:49:00
TX005410,CUST01335,3356.15,UPI,suspicious_transaction,1,1,584,7,0,0,0.06,0,2026-08-30 04:38:00
TX005411,CUST00875,647.73,Debit Card,issuer_declined,2,1,59,9,0,1,0.17,1,2026-08-04 03:52:00
TX005412,CUST00138,649.64,UPI,insufficient_funds,0,0,1235,17,0,0,0.63,0,2026-08-09 16:15:00
TX005413,CUST00352,510.72,Net Banking,insufficient_funds,4,1,798,12,0,0,0.31,0,2026-08-11 19:34:00
TX005414,CUST02899,2633.78,UPI,insufficient_funds,0,0,1343,13,0,0,0.63,1,2026-08-21 08:41:00
TX005415,CUST00452,539.46,UPI,insufficient_funds,0,1,757,3,1,0,0.45,1,2026-08-08 09:11:00
TX005416,CUST00105,2089.32,Wallet,issuer_declined,0,1,593,18,0,0,0.42,0,2026-08-09 21:45:00
TX005417,CUST02433,748.11,Credit Card,bank_timeout,0,1,789,23,0,0,0.72,1,2026-08-12 04:26:00
TX005418,CUST01048,152.02,Net Banking,suspicious_transaction,0,0,841,16,0,0,0.2,1,2026-08-29 13:38:00
TX005419,CUST02582,619.98,Wallet,authentication_failed,5,1,361,1,1,0,0.02,0,2026-08-10 22:02:00
TX005420,CUST00094,337.27,Net Banking,expired_card,1,1,868,4,0,0,0.46,1,2026-08-25 04:05:00
TX005421,CUST02230,1134.45,UPI,bank_timeout,2,0,339,23,0,0,0.63,0,2026-08-05 08:10:00
TX005422,CUST02235,333.48,UPI,insufficient_funds,1,1,638,4,0,0,0.49,0,2026-08-01 21:13:00
TX005423,CUST00251,2768.26,Debit Card,authentication_failed,4,2,1246,14,0,0,0.05,0,2026-08-16 09:51:00
TX005424,CUST01052,1001.17,Debit Card,authentication_failed,1,1,1164,21,0,0,0.31,0,2026-08-03 21:38:00
TX005425,CUST01042,918.19,Wallet,authentication_failed,1,0,1351,22,0,0,0.39,0,2026-08-01 23:26:00
TX005426,CUST01372,2113.06,Debit Card,suspicious_transaction,0,1,349,20,0,0,0.07,0,2026-08-20 03:50:00
TX005427,CUST01431,2875.28,Credit Card,insufficient_funds,2,3,445,18,0,0,0.27,0,2026-08-21 19:41:00
TX005428,CUST01654,1074.81,Net Banking,network_error,1,2,311,8,0,0,0.48,0,2026-08-11 22:48:00
TX005429,CUST00426,507.15,Debit Card,insufficient_funds,1,0,829,11,0,1,0.49,0,2026-08-13 15:03:00
TX005430,CUST01511,186.05,UPI,network_error,0,0,893,7,0,0,0.75,1,2026-08-24 06:46:00
TX005431,CUST00200,552.22,UPI,insufficient_funds,5,3,246,13,0,0,0.04,0,2026-08-30 09:45:00
TX005432,CUST00938,591.57,Debit Card,bank_timeout,0,0,945,20,0,0,0.8,1,2026-08-16 06:45:00
TX005433,CUST02069,1220.55,UPI,authentication_failed,0,1,202,6,0,0,0.32,0,2026-08-21 14:08:00
TX005434,CUST00023,776.54,UPI,expired_card,5,1,438,6,0,0,0.22,0,2026-08-03 14:45:00
TX005435,CUST00212,2181.86,Credit Card,issuer_declined,3,1,89,8,0,0,0.19,0,2026-08-15 01:22:00
TX005436,CUST00070,594.08,Net Banking,bank_timeout,4,2,451,7,1,1,0.22,0,2026-08-24 01:52:00
TX005437,CUST00901,1035.83,Debit Card,authentication_failed,0,1,696,6,0,0,0.37,1,2026-08-11 18:38:00
TX005438,CUST00974,3583.11,Net Banking,issuer_declined,0,1,308,22,0,0,0.37,1,2026-08-24 16:58:00
TX005439,CUST01913,1543.53,UPI,issuer_declined,0,0,1472,1,0,0,0.5,1,2026-08-26 03:01:00
TX005440,CUST02921,1032.73,Wallet,bank_timeout,0,0,172,22,0,0,0.75,1,2026-08-23 06:30:00
TX005441,CUST01077,600.68,UPI,authentication_failed,4,2,206,5,1,0,0.02,0,2026-08-09 21:01:00
TX005442,CUST01190,582.17,UPI,authentication_failed,0,0,1215,9,0,0,0.45,1,2026-08-17 15:26:00
TX005443,CUST01940,468.43,Net Banking,network_error,4,3,309,11,0,0,0.22,1,2026-08-23 02:18:00
TX005444,CUST00504,638.42,Credit Card,bank_timeout,0,1,1414,15,0,0,0.72,0,2026-08-21 05:21:00
TX005445,CUST01396,2334.76,Net Banking,issuer_declined,3,1,427,0,1,0,0.14,0,2026-08-09 02:42:00
TX005446,CUST00529,878.41,Credit Card,suspicious_transaction,1,1,789,9,0,0,0.06,0,2026-08-17 04:24:00
TX005447,CUST00347,284.36,Wallet,expired_card,1,2,328,2,1,0,0.23,0,2026-08-28 22:13:00
TX005448,CUST00663,6426.4,Net Banking,network_error,0,0,1486,1,0,0,0.75,1,2026-08-06 17:16:00
TX005449,CUST00195,1510.15,UPI,network_error,0,0,154,1,1,0,0.6,1,2026-08-12 22:37:00
TX005450,CUST01608,268.56,UPI,bank_timeout,0,0,638,18,0,0,0.8,1,2026-08-19 05:27:00
TX005451,CUST02909,704.97,Debit Card,bank_timeout,0,1,432,15,0,0,0.72,1,2026-08-25 02:08:00
TX005452,CUST00943,1225.23,Wallet,authentication_failed,2,0,342,10,0,0,0.28,1,2026-08-25 17:58:00
TX005453,CUST02230,6030.54,UPI,insufficient_funds,5,3,731,14,0,0,0.09,0,2026-08-27 00:32:00
TX005454,CUST01444,362.09,Wallet,suspicious_transaction,1,0,525,13,0,1,0.06,0,2026-08-14 10:42:00
TX005455,CUST01403,2910.39,Credit Card,issuer_declined,0,0,157,12,1,0,0.35,0,2026-08-22 04:26:00
TX005456,CUST02229,4444.78,UPI,insufficient_funds,0,0,1317,22,0,0,0.63,1,2026-08-14 04:17:00
TX005457,CUST01141,584.84,Net Banking,network_error,1,1,1098,9,0,0,0.61,1,2026-08-29 04:25:00
TX005458,CUST01272,830.88,Debit Card,suspicious_transaction,0,1,363,3,0,0,0.07,0,2026-08-27 16:31:00
TX005459,CUST00382,389.04,Debit Card,bank_timeout,2,3,132,7,0,0,0.39,1,2026-08-25 08:26:00
TX005460,CUST00532,894.75,Net Banking,insufficient_funds,0,1,237,4,0,0,0.5,1,2026-08-17 16:46:00
TX005461,CUST02612,1057.23,Credit Card,authentication_failed,2,0,426,14,0,0,0.33,0,2026-08-22 07:49:00
TX005462,CUST01808,2121.01,Credit Card,bank_timeout,1,2,944,17,1,0,0.48,0,2026-08-10 17:35:00
TX005463,CUST01046,3262.29,Net Banking,insufficient_funds,0,1,704,6,0,0,0.55,1,2026-08-30 03:40:00
TX005464,CUST02385,519.0,Credit Card,insufficient_funds,0,0,1045,23,0,0,0.63,1,2026-08-21 03:13:00
TX005465,CUST00968,153.34,Wallet,insufficient_funds,1,1,696,0,0,0,0.49,1,2026-08-05 06:35:00
TX005466,CUST02805,1073.58,UPI,issuer_declined,0,1,810,20,0,1,0.34,0,2026-08-18 20:54:00
TX005467,CUST00664,1470.76,Net Banking,authentication_failed,0,0,1036,3,0,0,0.45,0,2026-08-19 15:19:00
TX005468,CUST01438,1407.29,UPI,network_error,3,3,703,6,0,1,0.25,0,2026-08-10 16:01:00
TX005469,CUST01000,791.02,Wallet,issuer_declined,0,1,7,2,0,0,0.37,1,2026-08-29 02:00:00
TX005470,CUST02813,1242.34,Wallet,expired_card,1,2,206,6,1,0,0.23,0,2026-08-28 14:36:00
TX005471,CUST01004,4991.27,UPI,insufficient_funds,1,2,480,0,0,0,0.41,0,2026-08-09 10:25:00
TX005472,CUST00621,1606.37,UPI,bank_timeout,4,2,142,15,0,0,0.35,0,2026-08-03 01:50:00
TX005473,CUST02785,754.93,Net Banking,authentication_failed,0,0,1132,5,0,0,0.45,1,2026-08-01 20:05:00
TX005474,CUST02729,665.01,UPI,insufficient_funds,5,3,999,7,0,0,0.09,0,2026-08-19 15:17:00
TX005475,CUST00759,925.33,Debit Card,expired_card,1,2,38,23,1,1,0.15,0,2026-08-09 14:19:00
TX005476,CUST00213,5634.93,UPI,bank_timeout,0,0,885,23,0,0,0.8,1,2026-08-03 19:12:00
TX005477,CUST01746,912.97,Net Banking,expired_card,3,2,595,0,0,1,0.18,0,2026-08-09 08:24:00
TX005478,CUST00490,1075.14,UPI,expired_card,0,1,1430,15,0,0,0.52,1,2026-08-15 13:49:00
TX005479,CUST00931,677.01,Credit Card,bank_timeout,2,2,721,10,1,0,0.42,0,2026-08-13 23:27:00
TX005480,CUST01505,3291.12,UPI,issuer_declined,1,0,1490,12,1,0,0.34,0,2026-08-23 21:17:00
TX005481,CUST01155,7784.09,Wallet,insufficient_funds,4,1,1493,17,0,0,0.31,0,2026-08-19 11:48:00
TX005482,CUST01590,1720.92,Wallet,insufficient_funds,0,0,820,20,0,0,0.63,0,2026-08-09 04:38:00
TX005483,CUST02172,1191.27,Debit Card,issuer_declined,0,0,66,10,0,0,0.45,0,2026-08-05 16:44:00
TX005484,CUST01043,1137.72,UPI,insufficient_funds,2,1,1337,14,1,0,0.33,0,2026-08-12 20:45:00
TX005485,CUST02890,101.06,Credit Card,authentication_failed,0,1,109,5,0,0,0.32,0,2026-08-21 03:22:00
TX005486,CUST02336,2310.34,Wallet,suspicious_transaction,1,1,971,23,0,0,0.06,1,2026-08-12 22:48:00
TX005487,CUST02081,1254.09,Debit Card,insufficient_funds,4,0,735,8,0,0,0.39,0,2026-08-21 08:22:00
TX005488,CUST02142,1683.01,Debit Card,expired_card,0,1,1023,3,0,0,0.52,0,2026-08-24 14:00:00
TX005489,CUST01897,538.37,Net Banking,network_error,2,0,663,22,0,0,0.63,0,2026-08-07 02:08:00
TX005490,CUST02423,746.61,UPI,suspicious_transaction,0,0,1288,2,0,0,0.2,0,2026-08-15 00:35:00
TX005491,CUST02863,727.04,Net Banking,authentication_failed,1,0,24,19,0,0,0.34,1,2026-08-30 04:16:00
TX005492,CUST02443,3046.12,UPI,issuer_declined,3,1,1027,9,0,0,0.24,0,2026-08-23 07:34:00
TX005493,CUST01871,750.88,Debit Card,bank_timeout,0,1,574,13,0,0,0.72,1,2026-08-16 15:13:00
TX005494,CUST01717,8801.35,Credit Card,expired_card,0,1,485,12,1,0,0.42,1,2026-08-19 10:10:00
TX005495,CUST02122,1687.26,Debit Card,insufficient_funds,0,0,637,2,0,0,0.63,1,2026-08-14 16:33:00
TX005496,CUST02010,306.22,Wallet,bank_timeout,0,0,559,23,0,0,0.8,1,2026-08-06 13:52:00
TX005497,CUST00336,964.35,UPI,bank_timeout,4,1,1421,3,0,0,0.48,0,2026-08-13 06:45:00
TX005498,CUST00314,571.53,UPI,bank_timeout,2,0,168,20,0,0,0.63,1,2026-08-26 11:46:00
TX005499,CUST00382,122.19,Debit Card,expired_card,1,0,1205,8,0,0,0.54,1,2026-08-09 11:16:00
TX005500,CUST00278,5428.79,Credit Card,issuer_declined,2,1,538,15,0,0,0.3,1,2026-08-23 16:00:00
TX005501,CUST00177,2215.3,Wallet,bank_timeout,1,1,919,8,0,0,0.66,1,2026-08-16 00:31:00
TX005502,CUST01125,1869.09,Credit Card,expired_card,1,0,353,12,0,0,0.49,1,2026-08-14 07:11:00
TX005503,CUST01633,1293.88,Net Banking,insufficient_funds,1,0,991,22,0,0,0.57,1,2026-08-11 17:13:00
TX005504,CUST02871,275.33,UPI,network_error,1,1,53,16,0,0,0.56,1,2026-08-14 18:29:00
TX005505,CUST01134,676.13,Debit Card,issuer_declined,0,1,96,17,0,0,0.37,1,2026-08-10 03:41:00
TX005506,CUST02104,2544.73,Debit Card,issuer_declined,3,0,284,17,0,1,0.19,0,2026-08-21 12:19:00
TX005507,CUST02120,383.29,Credit Card,insufficient_funds,0,1,1131,22,0,0,0.55,1,2026-08-14 08:23:00
TX005508,CUST01876,100.0,Wallet,bank_timeout,0,1,168,11,0,0,0.67,1,2026-08-19 05:46:00
TX005509,CUST02614,873.84,UPI,authentication_failed,0,0,511,21,0,1,0.37,0,2026-08-01 15:03:00
TX005510,CUST02794,951.69,Credit Card,insufficient_funds,1,1,1307,15,0,0,0.49,0,2026-08-20 04:51:00
TX005511,CUST01287,1255.84,Debit Card,bank_timeout,1,0,371,5,0,0,0.74,1,2026-08-29 08:57:00
TX005512,CUST00086,2272.23,Credit Card,network_error,0,0,358,22,0,0,0.7,1,2026-08-11 06:18:00
TX005513,CUST01250,2074.77,Debit Card,bank_timeout,0,1,119,16,0,0,0.67,1,2026-08-04 16:59:00
TX005514,CUST01042,1420.51,Wallet,insufficient_funds,1,2,1371,5,0,0,0.41,0,2026-08-09 17:13:00
TX005515,CUST00520,3624.72,Credit Card,insufficient_funds,2,3,810,3,0,0,0.27,1,2026-08-24 03:13:00
TX005516,CUST02897,240.09,UPI,network_error,0,0,228,7,0,0,0.7,0,2026-08-15 11:20:00
TX005517,CUST02932,1816.35,Credit Card,bank_timeout,0,1,619,8,0,0,0.72,1,2026-08-03 08:00:00
TX005518,CUST01082,2051.93,Wallet,authentication_failed,3,3,540,8,0,0,0.03,0,2026-08-21 14:11:00
TX005519,CUST00822,317.49,UPI,bank_timeout,0,1,1327,1,0,0,0.72,1,2026-08-13 05:37:00
TX005520,CUST00911,243.99,Credit Card,network_error,2,0,820,21,1,0,0.53,0,2026-08-01 02:09:00
TX005521,CUST02618,520.12,Net Banking,insufficient_funds,4,3,990,11,0,0,0.15,0,2026-08-23 03:24:00
TX005522,CUST00384,565.92,Debit Card,insufficient_funds,0,0,681,7,0,0,0.63,0,2026-08-02 16:42:00
TX005523,CUST00756,2329.52,Credit Card,insufficient_funds,4,2,1383,1,0,0,0.23,0,2026-08-21 20:48:00
TX005524,CUST01556,593.16,UPI,suspicious_transaction,0,0,315,23,0,1,0.07,0,2026-08-19 05:47:00
TX005525,CUST00634,465.75,Debit Card,insufficient_funds,3,2,325,5,0,0,0.24,0,2026-08-20 10:03:00
TX005526,CUST00475,594.88,Net Banking,network_error,3,3,310,1,1,0,0.18,0,2026-08-02 00:50:00
TX005527,CUST00261,3356.43,UPI,insufficient_funds,1,1,1421,12,0,0,0.49,1,2026-08-17 18:21:00
TX005528,CUST00459,1111.03,UPI,authentication_failed,1,1,609,8,0,0,0.31,0,2026-08-26 15:39:00
TX005529,CUST00174,916.67,Net Banking,suspicious_transaction,2,3,1286,15,0,0,0.02,0,2026-08-03 09:08:00
TX005530,CUST00963,982.4,UPI,network_error,5,1,449,21,0,1,0.29,0,2026-08-26 11:44:00
TX005531,CUST00879,3992.05,Credit Card,issuer_declined,3,3,247,10,0,0,0.03,1,2026-08-09 22:03:00
TX005532,CUST02528,518.44,Credit Card,bank_timeout,3,0,390,11,0,0,0.62,0,2026-08-21 01:42:00
TX005533,CUST00902,4086.76,UPI,bank_timeout,2,2,1423,0,0,0,0.52,0,2026-08-29 12:47:00
TX005534,CUST02235,1353.56,UPI,network_error,1,2,748,18,0,0,0.53,1,2026-08-09 01:47:00
TX005535,CUST02631,934.1,Wallet,bank_timeout,2,0,1274,18,0,0,0.68,0,2026-08-27 04:06:00
TX005536,CUST02210,13371.76,Net Banking,bank_timeout,1,2,80,13,0,0,0.53,1,2026-08-21 22:25:00
TX005537,CUST02302,381.6,Net Banking,authentication_failed,3,1,1112,2,0,0,0.19,0,2026-08-12 17:11:00
TX005538,CUST02234,769.94,Net Banking,insufficient_funds,1,1,1431,19,0,0,0.49,0,2026-08-12 16:03:00
TX005539,CUST01117,319.76,Debit Card,insufficient_funds,0,1,168,1,1,0,0.4,1,2026-08-08 23:27:00
TX005540,CUST01323,2842.56,Debit Card,authentication_failed,0,0,1033,23,1,0,0.35,1,2026-08-14 17:14:00
TX005541,CUST00719,5938.36,Credit Card,bank_timeout,0,1,369,15,0,0,0.72,1,2026-08-16 15:34:00
TX005542,CUST00689,5825.05,Net Banking,network_error,2,1,495,2,0,0,0.55,1,2026-08-04 02:02:00
TX005543,CUST02983,3729.2,Net Banking,issuer_declined,3,1,856,14,0,0,0.24,0,2026-08-07 00:01:00
TX005544,CUST01906,899.99,Net Banking,insufficient_funds,1,2,1435,8,0,0,0.41,0,2026-08-14 16:59:00
TX005545,CUST01615,761.1,Debit Card,expired_card,0,0,1257,12,0,0,0.6,0,2026-08-25 07:14:00
TX005546,CUST01789,206.2,Wallet,insufficient_funds,0,1,821,5,0,0,0.55,0,2026-08-22 20:36:00
TX005547,CUST00791,8399.05,Net Banking,network_error,0,0,1114,2,1,1,0.57,1,2026-08-22 10:20:00
TX005548,CUST02214,1752.81,Credit Card,suspicious_transaction,0,0,837,6,0,0,0.2,0,2026-08-23 01:23:00
TX005549,CUST02781,670.51,UPI,bank_timeout,0,1,116,23,0,0,0.67,1,2026-08-07 19:56:00
TX005550,CUST00660,4138.37,Net Banking,suspicious_transaction,0,1,757,8,0,0,0.12,0,2026-08-13 21:19:00
TX005551,CUST01976,414.57,Credit Card,insufficient_funds,3,1,595,9,0,0,0.37,0,2026-08-21 22:07:00
TX005552,CUST00311,1646.85,Net Banking,issuer_declined,0,1,1143,12,0,0,0.42,0,2026-08-06 17:15:00
TX005553,CUST00024,922.76,Net Banking,bank_timeout,1,2,1090,5,0,0,0.58,0,2026-08-06 22:59:00
TX005554,CUST01300,2076.99,Wallet,authentication_failed,2,1,61,17,0,0,0.2,0,2026-08-02 07:45:00
TX005555,CUST02459,1029.09,UPI,bank_timeout,5,1,169,5,0,0,0.37,0,2026-08-26 06:37:00
TX005556,CUST00458,257.0,Debit Card,insufficient_funds,0,0,797,5,0,0,0.63,0,2026-08-05 15:35:00
TX005557,CUST02490,1182.72,Credit Card,bank_timeout,0,1,596,7,0,0,0.72,1,2026-08-23 18:11:00
TX005558,CUST01041,3130.24,UPI,network_error,0,0,727,22,0,1,0.67,1,2026-08-03 02:51:00
TX005559,CUST02305,1065.06,UPI,insufficient_funds,1,2,242,4,0,0,0.36,0,2026-08-20 01:33:00
TX005560,CUST01766,2380.62,Net Banking,insufficient_funds,0,0,1004,5,0,0,0.63,1,2026-08-10 19:59:00
TX005561,CUST01948,385.47,Debit Card,bank_timeout,1,2,1096,8,0,0,0.58,0,2026-08-28 02:24:00
TX005562,CUST01560,1068.21,Net Banking,insufficient_funds,3,0,1140,9,0,1,0.37,1,2026-08-24 03:41:00
TX005563,CUST02957,587.27,Debit Card,suspicious_transaction,2,2,512,16,0,0,0.02,0,2026-08-17 23:38:00
TX005564,CUST01652,2314.57,Wallet,issuer_declined,1,2,1192,6,0,1,0.2,0,2026-08-03 03:20:00
TX005565,CUST01892,1131.72,Debit Card,authentication_failed,1,2,1246,19,0,0,0.23,0,2026-08-16 11:01:00
TX005566,CUST01936,2186.54,Debit Card,bank_timeout,3,2,1264,7,0,0,0.46,0,2026-08-09 09:41:00
TX005567,CUST01946,3254.23,Credit Card,issuer_declined,3,2,645,20,1,0,0.06,0,2026-08-15 10:27:00
TX005568,CUST02236,2189.92,Credit Card,issuer_declined,2,3,902,4,0,0,0.14,0,2026-08-24 16:09:00
TX005569,CUST00784,1441.04,Wallet,bank_timeout,0,0,834,6,0,0,0.8,1,2026-08-22 23:22:00
TX005570,CUST02546,404.15,Debit Card,bank_timeout,1,0,941,6,0,0,0.74,1,2026-08-06 01:38:00
TX005571,CUST02047,1093.58,Net Banking,issuer_declined,0,1,142,9,0,0,0.37,1,2026-08-02 03:43:00
TX005572,CUST02781,643.49,Credit Card,insufficient_funds,3,2,784,10,1,0,0.19,0,2026-08-13 18:40:00
TX005573,CUST02296,777.39,Debit Card,bank_timeout,1,2,368,4,0,0,0.58,0,2026-08-02 13:04:00
TX005574,CUST02905,754.06,Credit Card,bank_timeout,1,1,132,2,0,0,0.61,0,2026-08-24 06:12:00
TX005575,CUST02600,411.61,Net Banking,bank_timeout,1,2,95,11,0,0,0.53,1,2026-08-01 06:31:00
TX005576,CUST02708,154.88,Debit Card,issuer_declined,1,0,998,11,0,1,0.36,1,2026-08-03 23:28:00
TX005577,CUST00137,562.2,Wallet,expired_card,0,1,412,20,1,0,0.42,0,2026-08-27 22:15:00
TX005578,CUST01627,1330.59,UPI,network_error,0,0,1081,17,0,0,0.75,1,2026-08-16 05:55:00
TX005579,CUST02072,284.81,Debit Card,bank_timeout,1,2,1366,15,0,0,0.58,0,2026-08-20 09:08:00
TX005580,CUST02914,1113.97,Net Banking,insufficient_funds,0,1,676,2,1,0,0.45,0,2026-08-24 02:11:00
TX005581,CUST02268,7333.94,Net Banking,issuer_declined,0,1,398,5,1,0,0.32,0,2026-08-15 16:44:00
TX005582,CUST01202,3050.49,Debit Card,insufficient_funds,3,3,48,12,1,0,0.06,0,2026-08-16 10:35:00
TX005583,CUST02262,5673.39,Wallet,expired_card,0,1,849,9,0,0,0.52,0,2026-08-22 05:26:00
TX005584,CUST02892,1621.53,Debit Card,issuer_declined,5,0,1487,10,0,0,0.2,0,2026-08-04 20:14:00
TX005585,CUST02632,3524.56,Debit Card,network_error,5,1,799,12,0,0,0.37,0,2026-08-25 13:38:00
TX005586,CUST00233,531.68,Debit Card,bank_timeout,5,1,55,1,0,0,0.37,1,2026-08-05 15:20:00
TX005587,CUST01731,575.74,Debit Card,suspicious_transaction,4,0,819,21,0,0,0.02,0,2026-08-08 07:28:00
TX005588,CUST00978,100.0,Net Banking,issuer_declined,1,2,432,16,0,0,0.28,1,2026-08-30 18:15:00
TX005589,CUST00365,3590.85,Debit Card,insufficient_funds,1,1,585,16,0,0,0.49,1,2026-08-29 16:19:00
TX005590,CUST00713,5117.0,UPI,suspicious_transaction,2,3,891,10,0,0,0.02,0,2026-08-04 23:45:00
TX005591,CUST00144,630.7,Wallet,bank_timeout,0,0,1,1,1,0,0.65,0,2026-08-19 04:01:00
TX005592,CUST01677,850.69,UPI,insufficient_funds,0,1,526,9,0,0,0.55,0,2026-08-04 03:54:00
TX005593,CUST01604,516.02,Credit Card,suspicious_transaction,1,1,708,0,0,0,0.06,0,2026-08-08 08:44:00
TX005594,CUST01452,1607.85,UPI,network_error,0,0,741,6,0,0,0.75,0,2026-08-08 02:41:00
TX005595,CUST01971,3377.64,UPI,suspicious_transaction,1,1,808,3,0,0,0.06,0,2026-08-09 15:27:00
TX005596,CUST00871,191.95,Wallet,bank_timeout,2,0,972,21,1,0,0.58,0,2026-08-14 08:46:00
TX005597,CUST01264,1651.5,Net Banking,bank_timeout,0,1,544,18,1,0,0.62,1,2026-08-25 22:07:00
TX005598,CUST00829,831.58,UPI,suspicious_transaction,4,1,237,10,0,0,0.02,0,2026-08-18 04:07:00
TX005599,CUST00709,1228.31,UPI,authentication_failed,0,0,1306,7,0,0,0.45,1,2026-08-13 18:02:00
TX005600,CUST02299,1735.4,Net Banking,expired_card,1,2,1147,5,0,0,0.38,0,2026-08-09 18:27:00
TX005601,CUST02654,908.5,Credit Card,insufficient_funds,0,0,1077,9,0,0,0.63,0,2026-08-19 19:14:00
TX005602,CUST00883,988.72,Debit Card,issuer_declined,0,0,140,4,1,0,0.35,0,2026-08-04 16:24:00
TX005603,CUST01076,885.48,Wallet,network_error,0,1,392,10,0,0,0.67,1,2026-08-27 01:10:00
TX005604,CUST01588,2893.77,Debit Card,issuer_declined,2,0,690,19,0,0,0.38,1,2026-08-27 17:36:00
TX005605,CUST02325,1666.97,UPI,issuer_declined,0,0,10,4,1,0,0.35,0,2026-08-22 16:16:00
TX005606,CUST00007,1367.29,Net Banking,bank_timeout,2,3,46,9,0,1,0.31,0,2026-08-05 12:29:00
TX005607,CUST00026,307.68,UPI,issuer_declined,1,2,966,11,0,1,0.2,1,2026-08-13 22:39:00
TX005608,CUST02258,751.01,Net Banking,issuer_declined,0,1,1450,13,0,0,0.42,0,2026-08-09 07:40:00
TX005609,CUST00678,2693.7,Wallet,bank_timeout,2,2,546,9,0,0,0.52,1,2026-08-18 10:04:00
TX005610,CUST02040,1138.76,Credit Card,expired_card,0,0,1430,20,0,0,0.6,1,2026-08-01 10:03:00
TX005611,CUST01557,2120.76,Debit Card,expired_card,1,0,1465,7,0,0,0.54,0,2026-08-09 13:14:00
TX005612,CUST02301,6415.75,Wallet,expired_card,1,1,170,14,0,0,0.41,1,2026-08-22 03:30:00
TX005613,CUST01979,3098.29,UPI,bank_timeout,1,2,15,21,0,0,0.53,1,2026-08-12 07:36:00
TX005614,CUST00697,1203.7,Debit Card,issuer_declined,1,1,1495,9,0,0,0.36,0,2026-08-18 23:04:00
TX005615,CUST00661,657.87,Credit Card,issuer_declined,0,0,623,16,0,0,0.5,0,2026-08-07 05:35:00
TX005616,CUST00950,100.0,UPI,bank_timeout,3,3,526,13,0,0,0.38,0,2026-08-12 07:56:00
TX005617,CUST02172,926.69,UPI,network_error,5,2,175,17,0,0,0.24,1,2026-08-23 12:39:00
TX005618,CUST00431,791.55,UPI,network_error,0,0,566,8,0,1,0.67,0,2026-08-27 13:47:00
TX005619,CUST02210,1620.3,UPI,network_error,1,0,521,1,0,0,0.69,0,2026-08-03 11:54:00
TX005620,CUST02987,940.2,Wallet,suspicious_transaction,3,3,1032,9,0,0,0.02,0,2026-08-14 19:09:00
TX005621,CUST00637,796.01,Credit Card,issuer_declined,3,3,800,16,0,0,0.08,0,2026-08-14 08:18:00
TX005622,CUST01277,185.05,Credit Card,insufficient_funds,1,1,48,2,0,0,0.44,1,2026-08-19 13:26:00
TX005623,CUST01808,428.39,Debit Card,expired_card,0,0,355,2,0,1,0.47,0,2026-08-17 04:04:00
TX005624,CUST00716,1766.32,Credit Card,insufficient_funds,0,1,1248,17,0,0,0.55,1,2026-08-01 23:45:00
TX005625,CUST02995,6099.17,Credit Card,expired_card,1,1,921,19,0,0,0.46,1,2026-08-27 19:59:00
TX005626,CUST01006,994.73,Wallet,issuer_declined,4,3,301,7,0,0,0.02,0,2026-08-16 23:37:00
TX005627,CUST00836,1522.05,Credit Card,network_error,0,1,990,14,0,0,0.67,0,2026-08-20 18:30:00
TX005628,CUST01312,2842.61,Wallet,issuer_declined,0,1,730,9,0,0,0.42,1,2026-08-29 07:24:00
TX005629,CUST02404,487.41,UPI,issuer_declined,1,2,1168,15,0,1,0.2,0,2026-08-23 08:58:00
TX005630,CUST02090,1582.58,Debit Card,suspicious_transaction,4,2,1371,21,0,0,0.02,0,2026-08-06 18:35:00
TX005631,CUST02322,522.96,Wallet,authentication_failed,0,1,840,3,0,0,0.37,1,2026-08-19 00:21:00
TX005632,CUST00322,2604.05,UPI,suspicious_transaction,0,1,746,3,1,0,0.02,0,2026-08-29 11:18:00
TX005633,CUST02233,1275.89,UPI,insufficient_funds,0,1,214,2,0,0,0.5,1,2026-08-23 05:01:00
TX005634,CUST00295,1478.01,Wallet,insufficient_funds,0,1,17,2,0,0,0.5,0,2026-08-30 04:56:00
TX005635,CUST00479,501.4,Debit Card,network_error,0,1,382,1,0,0,0.67,0,2026-08-04 03:32:00
TX005636,CUST00396,2223.93,Net Banking,expired_card,5,3,1250,0,0,0,0.06,0,2026-08-19 10:52:00
TX005637,CUST02260,8819.43,Credit Card,network_error,2,2,1455,14,1,0,0.37,0,2026-08-12 06:05:00
TX005638,CUST00710,400.25,Net Banking,network_error,0,1,505,4,0,0,0.67,1,2026-08-07 09:00:00
TX005639,CUST00494,780.74,Credit Card,issuer_declined,0,0,613,16,0,0,0.5,0,2026-08-15 18:34:00
TX005640,CUST01679,1382.44,Debit Card,suspicious_transaction,0,0,907,4,0,1,0.12,1,2026-08-30 18:23:00
TX005641,CUST01147,2407.65,Net Banking,bank_timeout,2,0,1076,22,0,0,0.68,1,2026-08-01 17:39:00
TX005642,CUST02671,626.69,UPI,insufficient_funds,1,0,717,0,0,0,0.57,1,2026-08-29 04:32:00
TX005643,CUST00777,100.0,UPI,insufficient_funds,0,0,305,11,0,0,0.58,0,2026-08-27 06:38:00
TX005644,CUST02377,4269.23,Net Banking,bank_timeout,2,1,733,20,0,1,0.52,1,2026-08-01 06:52:00
TX005645,CUST01842,2346.09,Net Banking,issuer_declined,3,0,1331,17,0,0,0.32,1,2026-08-27 17:29:00
TX005646,CUST01106,191.91,Credit Card,insufficient_funds,1,0,181,9,0,0,0.52,0,2026-08-29 00:27:00
TX005647,CUST01153,597.31,Wallet,expired_card,2,1,47,14,0,0,0.35,0,2026-08-16 18:43:00
TX005648,CUST02730,5261.56,Wallet,issuer_declined,1,0,363,4,0,0,0.39,0,2026-08-01 06:19:00
TX005649,CUST00531,4664.78,UPI,insufficient_funds,0,1,994,4,0,0,0.55,1,2026-08-13 21:54:00
TX005650,CUST01043,2803.55,Debit Card,issuer_declined,4,0,831,14,0,0,0.26,1,2026-08-01 08:29:00
TX005651,CUST02281,919.55,Credit Card,bank_timeout,0,1,605,6,0,0,0.72,1,2026-08-24 14:42:00
TX005652,CUST01050,1191.52,Credit Card,issuer_declined,3,2,553,5,0,0,0.16,0,2026-08-10 14:11:00
TX005653,CUST02820,962.06,Debit Card,insufficient_funds,1,1,1069,13,0,0,0.49,0,2026-08-30 14:44:00
TX005654,CUST02663,3388.83,Credit Card,bank_timeout,3,1,690,0,0,0,0.54,1,2026-08-21 07:05:00
TX005655,CUST01072,456.76,Net Banking,expired_card,0,0,1061,8,0,0,0.6,0,2026-08-01 10:23:00
TX005656,CUST01391,489.9,Wallet,authentication_failed,3,3,1492,10,0,0,0.03,0,2026-08-29 12:24:00
TX005657,CUST02736,3011.74,Credit Card,suspicious_transaction,3,0,626,0,0,0,0.02,0,2026-08-07 01:07:00
TX005658,CUST00194,1049.05,Credit Card,issuer_declined,2,3,1312,6,0,0,0.14,0,2026-08-10 13:35:00
TX005659,CUST01471,4352.33,UPI,network_error,0,1,1359,23,0,0,0.67,1,2026-08-19 21:50:00
TX005660,CUST02318,560.31,Debit Card,expired_card,0,1,1040,12,0,0,0.52,0,2026-08-28 13:38:00
TX005661,CUST02364,1038.18,Net Banking,insufficient_funds,3,0,451,22,0,0,0.45,0,2026-08-15 14:20:00
TX005662,CUST01015,435.98,Credit Card,insufficient_funds,1,0,1007,10,0,0,0.57,1,2026-08-10 12:16:00
TX005663,CUST00364,1104.74,Wallet,expired_card,1,1,223,12,0,0,0.41,1,2026-08-14 15:02:00
TX005664,CUST00757,250.0,Wallet,network_error,1,0,695,8,0,0,0.69,1,2026-08-28 13:28:00
TX005665,CUST01903,673.42,Net Banking,bank_timeout,0,1,1366,18,1,0,0.62,0,2026-08-12 20:42:00
TX005666,CUST00130,260.8,Net Banking,issuer_declined,0,1,813,11,1,0,0.32,0,2026-08-22 22:59:00
TX005667,CUST02803,2194.97,Debit Card,suspicious_transaction,3,3,731,7,0,0,0.02,0,2026-08-17 15:26:00
TX005668,CUST01693,2245.29,Credit Card,authentication_failed,0,1,1366,19,0,0,0.37,1,2026-08-25 04:58:00
TX005669,CUST00629,194.36,Credit Card,network_error,3,0,1217,9,0,1,0.49,0,2026-08-21 08:45:00
TX005670,CUST01673,4162.56,Debit Card,expired_card,0,0,560,18,0,0,0.6,1,2026-08-14 14:04:00
TX005671,CUST01058,13325.24,UPI,issuer_declined,1,2,788,18,0,0,0.28,0,2026-08-07 19:32:00
TX005672,CUST01523,1148.26,Credit Card,authentication_failed,0,1,1317,19,0,0,0.37,1,2026-08-16 10:06:00
TX005673,CUST02619,577.6,Credit Card,expired_card,1,0,173,23,1,0,0.39,0,2026-08-20 04:43:00
TX005674,CUST01834,18477.9,Debit Card,authentication_failed,0,1,1074,13,0,0,0.37,1,2026-08-01 03:32:00
TX005675,CUST01874,293.25,UPI,insufficient_funds,5,3,1264,8,0,0,0.09,0,2026-08-07 12:16:00
TX005676,CUST01614,1118.91,Wallet,insufficient_funds,4,0,1033,22,0,0,0.39,0,2026-08-16 14:27:00
TX005677,CUST00936,1312.41,Wallet,insufficient_funds,1,0,719,8,1,1,0.39,0,2026-08-27 15:51:00
TX005678,CUST02389,4209.7,Debit Card,network_error,1,2,1297,10,0,0,0.53,1,2026-08-22 21:25:00
TX005679,CUST01183,1571.43,Credit Card,issuer_declined,0,0,910,9,1,0,0.4,0,2026-08-08 13:47:00
TX005680,CUST02146,666.05,Debit Card,authentication_failed,3,1,1331,14,1,0,0.09,0,2026-08-16 17:33:00
TX005681,CUST01856,423.61,Debit Card,issuer_declined,0,0,76,0,0,0,0.45,0,2026-08-12 14:45:00
TX005682,CUST01647,779.13,UPI,authentication_failed,0,0,1111,20,0,0,0.45,0,2026-08-30 02:44:00
TX005683,CUST01875,400.64,Credit Card,insufficient_funds,3,0,1336,10,1,1,0.27,0,2026-08-20 21:48:00
TX005684,CUST01812,1150.35,UPI,issuer_declined,1,0,1185,11,0,0,0.44,1,2026-08-10 16:34:00
TX005685,CUST01320,623.78,Debit Card,expired_card,2,3,555,4,0,0,0.24,1,2026-08-17 09:06:00
TX005686,CUST02329,246.16,Wallet,issuer_declined,1,1,816,19,0,0,0.36,0,2026-08-13 20:39:00
TX005687,CUST02124,3847.37,Debit Card,bank_timeout,0,0,488,9,0,1,0.72,1,2026-08-30 06:31:00
TX005688,CUST00837,666.69,Net Banking,bank_timeout,0,1,294,7,0,0,0.67,0,2026-08-10 13:05:00
TX005689,CUST01563,308.54,UPI,bank_timeout,3,3,119,22,0,0,0.33,0,2026-08-08 08:37:00
TX005690,CUST02542,926.8,Wallet,issuer_declined,2,2,1032,15,0,0,0.22,1,2026-08-20 14:21:00
TX005691,CUST01045,1174.23,Net Banking,bank_timeout,0,1,1054,7,0,0,0.72,0,2026-08-29 16:16:00
TX005692,CUST01444,191.24,Net Banking,network_error,0,1,1031,10,0,0,0.67,1,2026-08-21 00:00:00
TX005693,CUST02158,1527.9,Wallet,issuer_declined,2,2,1266,14,0,0,0.22,0,2026-08-02 21:00:00
TX005694,CUST00930,384.85,Net Banking,suspicious_transaction,3,1,258,12,0,0,0.02,0,2026-08-19 01:42:00
TX005695,CUST00458,6069.48,Debit Card,network_error,3,2,272,23,0,0,0.36,1,2026-08-24 20:52:00
TX005696,CUST00036,1851.89,Credit Card,insufficient_funds,1,2,888,10,0,0,0.41,0,2026-08-19 08:27:00
TX005697,CUST00477,735.17,Credit Card,bank_timeout,2,2,620,10,0,0,0.52,1,2026-08-18 13:02:00
TX005698,CUST00860,520.52,Net Banking,bank_timeout,2,0,428,19,0,0,0.68,1,2026-08-09 00:13:00
TX005699,CUST00864,987.36,UPI,authentication_failed,4,1,199,1,0,0,0.08,0,2026-08-26 23:23:00
TX005700,CUST02249,2023.92,Credit Card,authentication_failed,0,1,1153,22,0,0,0.37,1,2026-08-05 05:03:00
TX005701,CUST00715,1069.03,Credit Card,bank_timeout,2,1,1013,20,0,0,0.6,1,2026-08-04 16:15:00
TX005702,CUST00733,882.57,Wallet,bank_timeout,2,1,1268,4,0,1,0.52,1,2026-08-01 15:49:00
TX005703,CUST01171,1162.55,Debit Card,authentication_failed,3,0,1356,17,0,1,0.19,0,2026-08-22 12:05:00
TX005704,CUST02892,599.53,Debit Card,expired_card,0,0,463,19,0,0,0.6,0,2026-08-19 17:27:00
TX005705,CUST02375,778.05,Net Banking,network_error,1,2,303,13,0,1,0.4,0,2026-08-01 21:03:00
TX005706,CUST02926,136.21,Credit Card,suspicious_transaction,1,0,889,23,0,0,0.14,0,2026-08-19 09:54:00
TX005707,CUST00288,2903.66,Debit Card,network_error,0,1,1379,13,1,0,0.57,1,2026-08-20 03:24:00
TX005708,CUST00358,1478.52,Debit Card,insufficient_funds,1,2,154,0,0,0,0.36,0,2026-08-07 21:04:00
TX005709,CUST02370,506.0,Credit Card,bank_timeout,0,1,1034,18,0,0,0.72,1,2026-08-24 18:50:00
TX005710,CUST02380,7322.7,Credit Card,expired_card,0,0,80,21,0,0,0.55,0,2026-08-01 07:50:00
TX005711,CUST01970,1196.33,Credit Card,issuer_declined,2,1,1340,21,0,0,0.3,0,2026-08-21 00:23:00
TX005712,CUST02126,389.11,Credit Card,network_error,0,1,548,3,1,0,0.57,1,2026-08-13 06:16:00
TX005713,CUST01026,2583.08,Credit Card,issuer_declined,1,0,547,19,0,1,0.36,0,2026-08-16 02:08:00
TX005714,CUST02249,1632.79,Debit Card,insufficient_funds,1,0,441,18,0,0,0.57,1,2026-08-03 12:23:00
TX005715,CUST02470,1627.14,UPI,issuer_declined,3,0,22,9,0,0,0.27,0,2026-08-27 07:26:00
TX005716,CUST02884,716.4,Credit Card,suspicious_transaction,0,1,186,0,0,0,0.07,0,2026-08-14 16:34:00
TX005717,CUST00592,1720.72,Debit Card,bank_timeout,1,1,417,3,1,0,0.56,1,2026-08-26 12:03:00
TX005718,CUST01202,844.08,Debit Card,authentication_failed,4,3,959,13,0,0,0.02,0,2026-08-04 23:28:00
TX005719,CUST02826,1912.07,Net Banking,suspicious_transaction,1,1,1438,5,0,0,0.06,0,2026-08-01 21:40:00
TX005720,CUST01235,163.21,Credit Card,network_error,1,2,1119,20,1,0,0.43,0,2026-08-15 01:04:00
TX005721,CUST00260,710.61,UPI,network_error,1,0,705,18,0,0,0.69,1,2026-08-05 09:36:00
TX005722,CUST00475,6137.39,Net Banking,insufficient_funds,0,1,244,10,0,0,0.5,0,2026-08-24 09:12:00
TX005723,CUST00108,509.25,UPI,issuer_declined,3,0,747,8,0,1,0.24,0,2026-08-24 00:40:00
TX005724,CUST01232,599.54,Wallet,network_error,1,0,973,23,0,0,0.69,1,2026-08-03 06:16:00
TX005725,CUST01159,700.67,Net Banking,bank_timeout,0,1,1145,17,0,0,0.72,1,2026-08-11 05:03:00
TX005726,CUST00660,325.45,Credit Card,authentication_failed,1,1,606,3,0,0,0.31,0,2026-08-30 16:16:00
TX005727,CUST00224,120.51,Credit Card,expired_card,0,0,984,23,0,1,0.52,1,2026-08-10 18:19:00
TX005728,CUST01302,870.8,Wallet,bank_timeout,0,0,895,5,0,0,0.8,1,2026-08-17 20:09:00
TX005729,CUST01939,1256.22,UPI,authentication_failed,4,1,343,16,0,0,0.08,0,2026-08-18 07:39:00
TX005730,CUST00410,1040.54,Debit Card,issuer_declined,2,1,1461,9,0,0,0.3,0,2026-08-23 21:24:00
TX005731,CUST02345,948.73,Credit Card,authentication_failed,2,2,927,23,0,0,0.17,0,2026-08-11 14:05:00
TX005732,CUST00803,1144.86,Credit Card,bank_timeout,2,1,91,21,0,0,0.55,1,2026-08-04 16:50:00
TX005733,CUST02052,3049.83,UPI,issuer_declined,1,1,484,10,1,0,0.26,1,2026-08-07 22:01:00
TX005734,CUST01478,906.47,Wallet,expired_card,2,2,1254,2,0,0,0.32,0,2026-08-11 22:22:00
TX005735,CUST01816,617.65,Credit Card,issuer_declined,0,0,1428,16,0,0,0.5,1,2026-08-19 08:09:00
TX005736,CUST02259,827.89,Debit Card,authentication_failed,0,0,281,0,0,1,0.32,1,2026-08-14 12:31:00
TX005737,CUST02032,1957.35,Wallet,authentication_failed,0,1,134,6,0,0,0.32,0,2026-08-19 00:45:00
TX005738,CUST01333,4500.87,UPI,insufficient_funds,1,2,204,8,0,0,0.36,1,2026-08-13 01:50:00
TX005739,CUST00167,585.14,Net Banking,insufficient_funds,1,0,563,0,1,0,0.47,0,2026-08-30 16:11:00
TX005740,CUST01726,1210.68,UPI,bank_timeout,0,0,225,14,0,0,0.75,1,2026-08-26 16:59:00
TX005741,CUST01763,1538.18,Credit Card,bank_timeout,0,0,1333,7,0,0,0.8,0,2026-08-15 14:01:00
TX005742,CUST00828,406.43,UPI,insufficient_funds,0,1,205,5,0,0,0.5,0,2026-08-30 04:11:00
TX005743,CUST02748,1119.25,UPI,bank_timeout,0,0,1012,22,0,0,0.8,1,2026-08-16 15:21:00
TX005744,CUST00157,253.24,UPI,bank_timeout,1,2,548,0,0,0,0.58,1,2026-08-30 08:35:00
TX005745,CUST02000,186.97,Wallet,network_error,3,1,710,2,0,0,0.49,1,2026-08-08 06:51:00
TX005746,CUST01777,1582.48,Debit Card,bank_timeout,1,2,286,17,0,0,0.53,1,2026-08-11 13:58:00
TX005747,CUST02906,747.04,Debit Card,authentication_failed,1,2,1212,5,0,0,0.23,0,2026-08-10 01:04:00
TX005748,CUST02530,1342.49,Credit Card,bank_timeout,0,0,752,23,0,1,0.72,1,2026-08-17 03:45:00
TX005749,CUST02934,1077.18,Credit Card,network_error,0,1,449,8,0,0,0.67,1,2026-08-26 19:27:00
TX005750,CUST02304,413.06,Wallet,authentication_failed,1,2,964,9,0,0,0.23,0,2026-08-10 09:18:00
TX005751,CUST00457,1048.11,Debit Card,expired_card,0,0,466,0,1,0,0.5,0,2026-08-01 08:06:00
TX005752,CUST00910,319.55,Wallet,bank_timeout,0,1,26,15,0,0,0.67,1,2026-08-20 21:15:00
TX005753,CUST00690,4407.1,UPI,authentication_failed,3,2,1037,9,0,0,0.11,0,2026-08-03 16:49:00
TX005754,CUST01367,282.6,Credit Card,issuer_declined,0,1,690,11,1,0,0.32,0,2026-08-26 05:46:00
TX005755,CUST00596,901.64,Wallet,expired_card,1,1,165,7,0,0,0.41,0,2026-08-15 21:16:00
TX005756,CUST02803,386.73,Wallet,insufficient_funds,2,3,463,4,0,0,0.27,0,2026-08-16 20:51:00
TX005757,CUST01406,1939.96,Debit Card,bank_timeout,0,1,440,20,0,0,0.72,1,2026-08-09 01:33:00
TX005758,CUST00216,787.27,Credit Card,suspicious_transaction,0,0,318,4,0,0,0.15,0,2026-08-07 09:34:00
TX005759,CUST01954,652.84,Debit Card,bank_timeout,0,1,1126,10,0,0,0.72,1,2026-08-03 06:57:00
TX005760,CUST00678,2573.96,Credit Card,network_error,0,0,1040,3,0,0,0.75,1,2026-08-02 02:04:00
TX005761,CUST01335,1129.39,UPI,issuer_declined,1,2,1455,5,0,0,0.28,0,2026-08-13 03:10:00
TX005762,CUST02369,1838.39,UPI,insufficient_funds,0,1,1019,2,0,0,0.55,0,2026-08-04 00:04:00
TX005763,CUST02958,411.03,Credit Card,authentication_failed,0,0,833,4,0,0,0.45,0,2026-08-05 07:41:00
TX005764,CUST00952,269.13,Credit Card,issuer_declined,0,0,967,1,0,0,0.5,1,2026-08-18 18:47:00
TX005765,CUST00783,1220.73,Debit Card,expired_card,0,1,235,20,0,0,0.47,0,2026-08-26 09:48:00
TX005766,CUST00232,797.24,Net Banking,authentication_failed,1,0,1356,20,0,0,0.39,0,2026-08-20 12:20:00
TX005767,CUST01697,2051.72,Debit Card,bank_timeout,1,2,216,20,0,0,0.53,1,2026-08-09 05:09:00
TX005768,CUST01835,1012.41,Debit Card,issuer_declined,1,1,843,11,0,0,0.36,0,2026-08-07 20:00:00
TX005769,CUST01522,1346.25,UPI,insufficient_funds,3,1,973,22,0,0,0.37,0,2026-08-10 03:45:00
TX005770,CUST01531,216.29,Credit Card,insufficient_funds,0,1,808,7,1,1,0.37,0,2026-08-28 15:50:00
TX005771,CUST01347,7247.68,Wallet,bank_timeout,0,0,1105,12,0,0,0.8,1,2026-08-19 08:49:00
TX005772,CUST01471,930.53,Debit Card,suspicious_transaction,1,1,542,21,0,0,0.06,0,2026-08-11 08:52:00
TX005773,CUST01335,2203.03,Credit Card,bank_timeout,0,0,611,1,0,0,0.8,1,2026-08-13 17:07:00
TX005774,CUST00016,475.28,Wallet,bank_timeout,2,1,546,19,0,0,0.6,1,2026-08-28 06:44:00
TX005775,CUST00805,1492.2,Debit Card,bank_timeout,2,2,798,5,0,0,0.52,1,2026-08-19 23:12:00
TX005776,CUST00547,298.02,Net Banking,insufficient_funds,0,0,839,23,0,1,0.55,1,2026-08-27 13:03:00
TX005777,CUST00378,1723.42,Net Banking,issuer_declined,0,0,247,22,0,0,0.45,0,2026-08-21 09:09:00
TX005778,CUST01429,768.18,Wallet,issuer_declined,0,1,997,15,0,1,0.34,1,2026-08-11 06:23:00
TX005779,CUST00917,1129.12,Net Banking,network_error,0,1,1226,3,0,0,0.67,1,2026-08-13 10:26:00
TX005780,CUST01003,2203.88,Wallet,insufficient_funds,3,3,453,1,1,0,0.11,0,2026-08-08 20:51:00
TX005781,CUST00852,319.72,Credit Card,expired_card,2,0,971,16,0,0,0.48,0,2026-08-20 01:22:00
TX005782,CUST00906,553.08,Wallet,bank_timeout,0,1,1135,3,0,0,0.72,1,2026-08-27 02:31:00
TX005783,CUST02155,1732.51,Net Banking,insufficient_funds,0,0,99,11,0,0,0.58,0,2026-08-22 00:54:00
TX005784,CUST00870,8939.38,Debit Card,issuer_declined,3,2,5,1,0,0,0.11,0,2026-08-21 18:45:00
TX005785,CUST02728,955.2,Wallet,bank_timeout,0,1,1334,3,0,0,0.72,1,2026-08-28 17:47:00
TX005786,CUST00167,1980.56,Wallet,insufficient_funds,3,1,1167,12,0,0,0.37,1,2026-08-20 10:15:00
TX005787,CUST03000,985.38,Net Banking,insufficient_funds,0,1,790,7,0,0,0.55,1,2026-08-01 12:31:00
TX005788,CUST00076,7648.35,Net Banking,issuer_declined,0,0,1334,17,0,0,0.5,0,2026-08-11 12:47:00
TX005789,CUST02051,191.1,Wallet,bank_timeout,0,1,306,17,0,1,0.59,0,2026-08-30 05:24:00
TX005790,CUST01922,1205.47,Wallet,bank_timeout,1,2,1190,21,0,0,0.58,0,2026-08-06 15:01:00
TX005791,CUST02116,215.82,Credit Card,issuer_declined,2,3,874,8,1,0,0.04,0,2026-08-06 23:12:00
TX005792,CUST02298,100.0,UPI,bank_timeout,3,1,1392,9,0,0,0.54,1,2026-08-19 19:21:00
TX005793,CUST01335,1476.55,UPI,insufficient_funds,2,3,816,13,0,0,0.27,0,2026-08-23 15:48:00
TX005794,CUST00215,1260.8,Debit Card,authentication_failed,1,2,412,6,0,0,0.23,0,2026-08-24 18:12:00
TX005795,CUST01086,824.82,UPI,expired_card,2,1,810,19,1,0,0.3,1,2026-08-26 09:16:00
TX005796,CUST01497,986.15,Net Banking,insufficient_funds,3,1,910,6,0,0,0.37,0,2026-08-03 12:22:00
TX005797,CUST02782,24301.65,Net Banking,bank_timeout,2,2,615,14,0,0,0.52,1,2026-08-13 04:35:00
TX005798,CUST01591,847.11,Debit Card,network_error,1,1,941,22,0,0,0.61,1,2026-08-23 19:14:00
TX005799,CUST02475,1826.44,UPI,network_error,0,0,1004,7,0,0,0.75,0,2026-08-02 07:23:00
TX005800,CUST00325,572.86,Net Banking,insufficient_funds,1,1,1370,1,1,0,0.39,1,2026-08-12 09:01:00
TX005801,CUST02822,1473.26,Net Banking,issuer_declined,0,0,280,7,0,0,0.45,1,2026-08-15 03:28:00
TX005802,CUST00416,864.17,Credit Card,suspicious_transaction,5,3,381,20,0,0,0.02,0,2026-08-02 01:19:00
TX005803,CUST00694,727.4,Debit Card,issuer_declined,2,0,1182,8,1,0,0.28,0,2026-08-19 07:52:00
TX005804,CUST01366,6760.81,Debit Card,issuer_declined,0,1,200,14,0,0,0.37,0,2026-08-26 12:12:00
TX005805,CUST00903,3558.82,Net Banking,issuer_declined,1,1,54,19,0,0,0.31,1,2026-08-29 00:45:00
TX005806,CUST01975,1257.33,Debit Card,expired_card,1,0,1494,21,0,0,0.54,1,2026-08-09 22:36:00
TX005807,CUST00042,109.49,Net Banking,bank_timeout,0,0,1045,16,0,0,0.8,1,2026-08-14 04:47:00
TX005808,CUST01855,764.32,UPI,insufficient_funds,1,0,849,19,0,0,0.57,1,2026-08-26 18:22:00
TX005809,CUST00527,16367.08,Credit Card,network_error,1,0,529,9,0,0,0.69,1,2026-08-11 04:11:00
TX005810,CUST02702,870.74,Net Banking,issuer_declined,1,2,111,12,0,0,0.23,0,2026-08-15 07:05:00
TX005811,CUST02208,3305.09,UPI,bank_timeout,0,1,992,19,0,0,0.72,0,2026-08-25 15:19:00
TX005812,CUST02047,4637.55,Debit Card,bank_timeout,1,2,1277,10,0,0,0.58,0,2026-08-27 06:46:00
TX005813,CUST01850,1365.07,UPI,issuer_declined,2,3,1500,15,0,0,0.14,1,2026-08-02 09:20:00
TX005814,CUST01036,472.57,UPI,issuer_declined,4,1,338,20,0,0,0.13,0,2026-08-30 08:32:00
TX005815,CUST02501,100.0,Debit Card,expired_card,0,0,541,4,0,0,0.6,0,2026-08-02 12:39:00
TX005816,CUST02853,2173.65,Wallet,suspicious_transaction,0,1,357,22,0,0,0.07,0,2026-08-26 13:38:00
TX005817,CUST01991,485.53,Wallet,bank_timeout,0,0,191,2,0,0,0.75,1,2026-08-22 07:57:00
TX005818,CUST01290,1307.86,Net Banking,bank_timeout,2,0,1451,20,0,0,0.68,1,2026-08-21 18:30:00
TX005819,CUST00778,314.25,UPI,bank_timeout,0,0,1494,18,0,0,0.8,1,2026-08-22 13:24:00
TX005820,CUST02850,841.14,Net Banking,suspicious_transaction,1,0,468,10,0,0,0.14,1,2026-08-16 02:49:00
TX005821,CUST01572,1134.24,Wallet,suspicious_transaction,0,1,320,15,0,1,0.02,0,2026-08-23 07:38:00
TX005822,CUST01351,1434.53,Debit Card,bank_timeout,5,1,787,6,0,1,0.34,0,2026-08-05 16:17:00
TX005823,CUST01311,359.67,UPI,authentication_failed,1,2,1186,4,0,0,0.23,1,2026-08-07 21:39:00
TX005824,CUST00593,3629.72,UPI,network_error,0,1,63,8,0,0,0.62,1,2026-08-30 12:07:00
TX005825,CUST02107,603.72,Net Banking,suspicious_transaction,1,2,612,6,1,0,0.02,0,2026-08-13 11:42:00
TX005826,CUST01373,205.52,UPI,bank_timeout,0,0,1260,14,0,0,0.8,1,2026-08-16 06:53:00
TX005827,CUST01365,983.36,Wallet,issuer_declined,1,0,245,12,0,1,0.31,0,2026-08-22 12:28:00
TX005828,CUST02102,1134.99,Net Banking,bank_timeout,2,2,1096,14,0,0,0.52,1,2026-08-18 20:11:00
TX005829,CUST00392,1287.67,Credit Card,insufficient_funds,0,1,1242,11,0,0,0.55,1,2026-08-06 16:30:00
TX005830,CUST00432,4281.82,UPI,expired_card,1,1,435,2,0,0,0.46,1,2026-08-18 18:40:00
TX005831,CUST01934,865.71,Wallet,expired_card,1,0,433,8,1,0,0.44,0,2026-08-28 15:38:00
TX005832,CUST00604,973.0,Wallet,expired_card,1,0,554,5,0,0,0.54,0,2026-08-29 12:28:00
TX005833,CUST00742,363.88,Debit Card,insufficient_funds,0,1,594,11,1,0,0.45,1,2026-08-25 14:37:00
TX005834,CUST02121,2491.28,Debit Card,expired_card,3,0,793,18,1,0,0.32,0,2026-08-22 14:53:00
TX005835,CUST02110,1318.58,Wallet,insufficient_funds,1,2,592,19,0,0,0.41,0,2026-08-13 17:47:00
TX005836,CUST00005,720.52,Net Banking,bank_timeout,2,0,1170,20,0,0,0.68,1,2026-08-30 07:09:00
TX005837,CUST00544,163.26,UPI,suspicious_transaction,1,2,38,5,0,0,0.02,0,2026-08-23 16:47:00
TX005838,CUST00795,4649.02,UPI,insufficient_funds,3,0,676,7,1,0,0.35,1,2026-08-10 05:33:00
TX005839,CUST01587,321.28,Net Banking,insufficient_funds,0,1,1185,4,0,0,0.55,1,2026-08-07 13:30:00
TX005840,CUST02852,607.12,Net Banking,insufficient_funds,0,0,294,11,0,0,0.58,0,2026-08-24 16:02:00
TX005841,CUST02297,1569.24,Wallet,network_error,2,0,623,2,0,0,0.63,1,2026-08-05 10:09:00
TX005842,CUST00528,331.44,UPI,bank_timeout,3,2,617,20,0,0,0.46,0,2026-08-16 22:51:00
TX005843,CUST00064,246.29,Credit Card,expired_card,2,0,38,21,0,0,0.43,0,2026-08-01 03:51:00
TX005844,CUST02027,131.11,UPI,issuer_declined,1,2,1189,23,0,1,0.2,0,2026-08-29 16:55:00
TX005845,CUST01372,2255.21,UPI,network_error,1,1,22,14,0,0,0.56,1,2026-08-02 19:23:00
TX005846,CUST00997,635.76,Credit Card,suspicious_transaction,2,0,582,9,0,0,0.08,1,2026-08-26 07:02:00
TX005847,CUST01403,20481.35,Net Banking,suspicious_transaction,5,1,1344,9,0,1,0.02,0,2026-08-02 11:38:00
TX005848,CUST00348,405.71,Credit Card,expired_card,0,0,327,16,0,0,0.55,1,2026-08-21 19:24:00
TX005849,CUST01797,436.4,Debit Card,issuer_declined,0,0,784,7,0,0,0.5,1,2026-08-13 20:16:00
TX005850,CUST02142,623.04,UPI,insufficient_funds,2,1,175,18,0,0,0.38,1,2026-08-24 21:35:00
TX005851,CUST01934,1398.47,UPI,bank_timeout,0,0,1056,15,0,1,0.72,1,2026-08-08 10:41:00
TX005852,CUST01952,685.26,Credit Card,authentication_failed,0,1,946,17,0,1,0.29,0,2026-08-18 15:55:00
TX005853,CUST01148,2022.99,Credit Card,issuer_declined,0,0,487,4,0,0,0.5,0,2026-08-26 23:58:00
TX005854,CUST01769,412.16,Debit Card,suspicious_transaction,1,2,1005,6,0,0,0.02,0,2026-08-27 21:56:00
TX005855,CUST02922,275.45,Credit Card,expired_card,1,0,473,4,0,1,0.46,1,2026-08-24 12:43:00
TX005856,CUST01651,181.6,Wallet,expired_card,0,1,812,18,0,0,0.52,1,2026-08-17 21:08:00
TX005857,CUST00111,118.68,Debit Card,network_error,0,1,1365,16,0,1,0.59,0,2026-08-20 13:06:00
TX005858,CUST02388,653.23,UPI,bank_timeout,4,0,320,10,0,1,0.43,1,2026-08-18 20:05:00
TX005859,CUST00694,811.61,UPI,insufficient_funds,0,1,98,9,0,1,0.42,1,2026-08-05 22:34:00
TX005860,CUST01183,583.22,Credit Card,expired_card,0,1,318,13,1,0,0.37,1,2026-08-14 12:17:00
TX005861,CUST01009,3802.47,UPI,authentication_failed,0,0,626,14,0,0,0.45,0,2026-08-01 11:09:00
TX005862,CUST01463,3744.45,Credit Card,bank_timeout,0,1,1084,6,0,0,0.72,1,2026-08-28 10:55:00
TX005863,CUST00919,784.62,Net Banking,insufficient_funds,1,0,625,23,0,0,0.57,1,2026-08-15 04:40:00
TX005864,CUST02834,182.38,UPI,bank_timeout,1,1,1312,13,0,0,0.66,1,2026-08-23 23:13:00
TX005865,CUST00593,622.22,Net Banking,suspicious_transaction,0,1,919,19,0,0,0.12,0,2026-08-23 23:36:00
TX005866,CUST00301,601.95,Wallet,issuer_declined,3,3,1448,17,0,0,0.08,0,2026-08-05 02:35:00
TX005867,CUST02963,568.42,UPI,issuer_declined,0,1,968,6,0,0,0.42,0,2026-08-23 21:45:00
TX005868,CUST01091,545.82,Wallet,bank_timeout,0,0,566,14,1,0,0.7,1,2026-08-18 19:46:00
TX005869,CUST02522,570.51,Credit Card,expired_card,2,3,650,2,0,1,0.16,0,2026-08-17 03:34:00
TX005870,CUST00528,745.06,Wallet,bank_timeout,1,1,614,14,0,1,0.58,1,2026-08-27 10:53:00
TX005871,CUST01538,580.83,Credit Card,authentication_failed,3,1,1359,7,0,0,0.19,0,2026-08-19 04:56:00
TX005872,CUST01521,1350.62,Credit Card,expired_card,0,1,1107,18,0,0,0.52,1,2026-08-10 04:16:00
TX005873,CUST01343,1572.42,Debit Card,authentication_failed,0,0,334,18,0,0,0.4,0,2026-08-26 18:05:00
TX005874,CUST01703,441.14,Credit Card,network_error,0,1,283,9,0,1,0.54,0,2026-08-03 14:26:00
TX005875,CUST01137,3909.11,Debit Card,network_error,2,0,818,20,0,0,0.63,1,2026-08-24 08:53:00
TX005876,CUST00182,411.55,Wallet,issuer_declined,0,1,433,18,0,0,0.42,1,2026-08-24 23:06:00
TX005877,CUST02565,217.5,Wallet,issuer_declined,0,1,1002,1,0,0,0.42,0,2026-08-18 18:30:00
TX005878,CUST01649,1604.84,UPI,bank_timeout,1,2,1435,5,0,0,0.58,1,2026-08-24 00:34:00
TX005879,CUST02483,484.25,Net Banking,authentication_failed,3,0,1462,15,0,0,0.27,0,2026-08-17 15:35:00
TX005880,CUST01058,1512.16,Wallet,expired_card,4,0,142,10,0,0,0.31,0,2026-08-18 16:28:00
TX005881,CUST02619,100.0,Debit Card,issuer_declined,0,1,1436,9,0,0,0.42,0,2026-08-20 13:54:00
TX005882,CUST01908,4413.64,Wallet,network_error,0,1,811,13,0,0,0.67,1,2026-08-15 23:27:00
TX005883,CUST01435,2148.0,Net Banking,insufficient_funds,0,1,7,19,0,0,0.5,1,2026-08-20 23:12:00
TX005884,CUST02095,244.58,Net Banking,authentication_failed,0,0,965,17,0,0,0.45,1,2026-08-05 08:46:00
TX005885,CUST01165,249.94,Net Banking,issuer_declined,1,2,1474,0,0,0,0.28,0,2026-08-07 02:11:00
TX005886,CUST02033,5838.71,Credit Card,bank_timeout,2,3,1280,18,0,0,0.44,0,2026-08-07 22:34:00
TX005887,CUST00433,524.59,Net Banking,issuer_declined,0,1,644,17,0,0,0.42,0,2026-08-09 21:21:00
TX005888,CUST02266,476.19,Net Banking,insufficient_funds,2,1,1411,17,1,0,0.33,0,2026-08-05 20:09:00
TX005889,CUST01244,113.74,Debit Card,insufficient_funds,1,1,1479,14,0,0,0.49,1,2026-08-20 07:16:00
TX005890,CUST02938,772.18,Net Banking,insufficient_funds,1,1,1318,4,0,0,0.49,1,2026-08-09 13:27:00
TX005891,CUST02658,873.3,UPI,bank_timeout,2,1,331,15,0,0,0.55,0,2026-08-05 02:36:00
TX005892,CUST01616,2242.83,Wallet,issuer_declined,1,0,1184,14,0,0,0.44,0,2026-08-17 16:17:00
TX005893,CUST02390,270.68,Net Banking,issuer_declined,3,0,1093,2,0,0,0.32,0,2026-08-13 02:46:00
TX005894,CUST00160,239.78,Wallet,insufficient_funds,5,3,1292,11,1,0,0.02,0,2026-08-10 22:16:00
TX005895,CUST01160,1721.52,Debit Card,bank_timeout,0,0,72,18,1,0,0.65,0,2026-08-09 07:26:00
TX005896,CUST01775,3001.09,Wallet,insufficient_funds,4,3,333,14,0,0,0.1,0,2026-08-11 20:56:00
TX005897,CUST00880,227.89,Credit Card,network_error,0,0,1008,6,1,0,0.65,1,2026-08-14 20:41:00
TX005898,CUST00793,3234.13,Net Banking,insufficient_funds,4,1,95,1,0,0,0.26,0,2026-08-08 04:31:00
TX005899,CUST01729,1138.59,Net Banking,bank_timeout,0,1,1198,2,0,0,0.72,1,2026-08-01 16:14:00
TX005900,CUST00299,3267.58,Credit Card,expired_card,4,1,1384,18,0,0,0.28,0,2026-08-04 13:50:00
TX005901,CUST01565,1022.27,Debit Card,issuer_declined,1,0,720,1,1,0,0.34,0,2026-08-16 19:17:00
TX005902,CUST00680,100.0,Wallet,issuer_declined,0,0,534,10,0,0,0.5,0,2026-08-19 04:59:00
TX005903,CUST02188,942.03,Debit Card,expired_card,0,0,108,0,0,0,0.55,1,2026-08-29 09:32:00
TX005904,CUST01960,3165.75,Net Banking,issuer_declined,0,1,278,20,1,0,0.27,0,2026-08-10 14:20:00
TX005905,CUST01169,448.65,Credit Card,bank_timeout,0,1,355,2,0,1,0.59,0,2026-08-20 12:38:00
TX005906,CUST01712,744.0,Wallet,suspicious_transaction,1,0,1356,22,0,0,0.14,0,2026-08-28 18:56:00
TX005907,CUST01589,919.53,Credit Card,bank_timeout,4,3,223,4,0,0,0.27,0,2026-08-24 02:15:00
TX005908,CUST00926,100.0,Net Banking,network_error,1,2,5,23,0,0,0.48,1,2026-08-19 21:25:00
TX005909,CUST01467,5833.35,Wallet,network_error,0,0,865,13,0,0,0.75,0,2026-08-02 18:04:00
TX005910,CUST02225,445.24,Net Banking,authentication_failed,1,0,206,7,0,0,0.34,0,2026-08-26 23:32:00
TX005911,CUST01561,1818.44,Credit Card,expired_card,0,0,604,16,0,0,0.6,1,2026-08-26 10:03:00
TX005912,CUST00596,1005.56,Debit Card,expired_card,0,1,1161,22,0,0,0.52,1,2026-08-13 23:25:00
TX005913,CUST00463,3856.9,Net Banking,authentication_failed,0,1,183,19,0,1,0.24,1,2026-08-11 17:35:00
TX005914,CUST02391,1645.92,Credit Card,expired_card,0,1,788,2,1,0,0.42,0,2026-08-18 20:14:00
TX005915,CUST01392,867.03,Wallet,network_error,5,3,308,12,0,0,0.16,0,2026-08-16 02:37:00
TX005916,CUST02699,448.76,UPI,network_error,1,2,1097,6,0,1,0.45,1,2026-08-16 13:08:00
TX005917,CUST02567,2435.36,Wallet,bank_timeout,1,1,383,19,0,0,0.66,1,2026-08-13 08:04:00
TX005918,CUST00529,168.44,UPI,bank_timeout,1,2,126,11,0,0,0.53,1,2026-08-26 00:35:00
TX005919,CUST01797,2092.03,Net Banking,issuer_declined,0,0,381,8,1,0,0.4,0,2026-08-02 01:50:00
TX005920,CUST02866,365.39,Credit Card,suspicious_transaction,1,0,112,3,0,0,0.09,0,2026-08-27 10:35:00
TX005921,CUST02476,3836.38,Credit Card,bank_timeout,0,0,1415,8,0,0,0.8,1,2026-08-19 04:52:00
TX005922,CUST01770,1288.58,UPI,authentication_failed,1,0,1421,4,0,0,0.39,0,2026-08-18 12:28:00
TX005923,CUST02872,2088.34,Debit Card,network_error,0,0,1149,5,0,0,0.75,1,2026-08-06 09:47:00
TX005924,CUST01207,1190.33,Credit Card,bank_timeout,0,0,1451,15,0,0,0.8,1,2026-08-16 15:48:00
TX005925,CUST00316,190.11,Wallet,bank_timeout,1,0,1132,13,1,0,0.64,0,2026-08-01 02:17:00
TX005926,CUST02156,463.72,Net Banking,authentication_failed,0,0,1062,22,0,0,0.45,1,2026-08-13 01:36:00
TX005927,CUST00635,2148.21,UPI,authentication_failed,1,1,951,1,0,0,0.31,0,2026-08-18 00:33:00
TX005928,CUST02378,1295.5,Credit Card,issuer_declined,0,0,982,20,0,0,0.5,1,2026-08-12 21:56:00
TX005929,CUST02902,3572.39,Net Banking,network_error,4,0,143,23,0,0,0.46,0,2026-08-11 08:56:00
TX005930,CUST01967,1641.35,UPI,bank_timeout,0,0,785,15,1,0,0.7,1,2026-08-23 15:27:00
TX005931,CUST00220,417.09,Credit Card,bank_timeout,0,0,340,13,0,1,0.67,1,2026-08-26 00:18:00
TX005932,CUST00846,494.69,Credit Card,bank_timeout,2,0,623,22,0,0,0.68,1,2026-08-25 09:21:00
TX005933,CUST01046,1215.51,UPI,network_error,2,1,186,21,1,0,0.4,0,2026-08-11 10:58:00
TX005934,CUST00220,108.41,Net Banking,authentication_failed,0,1,293,18,0,0,0.32,1,2026-08-21 11:59:00
TX005935,CUST01890,5845.58,UPI,bank_timeout,4,0,620,4,0,0,0.56,0,2026-08-23 22:51:00
TX005936,CUST00093,1705.73,Wallet,bank_timeout,2,3,1381,23,0,0,0.44,1,2026-08-21 23:04:00
TX005937,CUST01871,3740.72,UPI,expired_card,1,1,306,11,0,0,0.41,0,2026-08-03 23:41:00
TX005938,CUST00771,225.74,Wallet,issuer_declined,0,0,463,3,0,0,0.5,0,2026-08-12 09:21:00
TX005939,CUST02201,3806.88,Debit Card,network_error,0,1,518,8,0,0,0.67,1,2026-08-12 15:05:00
TX005940,CUST00170,10213.84,Credit Card,issuer_declined,1,2,743,10,0,1,0.2,0,2026-08-07 22:16:00
TX005941,CUST02595,292.69,UPI,insufficient_funds,5,3,561,17,0,1,0.02,0,2026-08-29 17:13:00
TX005942,CUST02439,2371.79,Net Banking,issuer_declined,2,0,1146,23,0,0,0.38,0,2026-08-12 10:02:00
TX005943,CUST02046,1097.85,Net Banking,suspicious_transaction,0,0,922,13,0,0,0.2,1,2026-08-22 11:05:00
TX005944,CUST02147,234.06,UPI,network_error,2,0,1360,3,0,0,0.63,0,2026-08-24 16:12:00
TX005945,CUST02332,1795.22,Net Banking,issuer_declined,5,3,1190,6,1,0,0.02,0,2026-08-16 16:47:00
TX005946,CUST02777,2524.01,UPI,issuer_declined,1,2,1259,0,0,0,0.28,0,2026-08-16 12:40:00
TX005947,CUST00476,601.17,Wallet,expired_card,0,0,489,23,1,0,0.5,1,2026-08-29 01:41:00
TX005948,CUST00057,3518.95,UPI,insufficient_funds,0,1,336,10,0,0,0.5,0,2026-08-22 02:51:00
TX005949,CUST00489,207.11,Wallet,bank_timeout,0,1,999,6,0,1,0.64,1,2026-08-17 01:14:00
TX005950,CUST00789,245.98,Debit Card,insufficient_funds,1,0,332,23,0,0,0.52,0,2026-08-17 10:39:00
TX005951,CUST00465,1257.14,Credit Card,bank_timeout,0,1,1224,11,0,0,0.72,1,2026-08-13 13:18:00
TX005952,CUST01702,1124.83,Wallet,bank_timeout,0,1,1264,15,0,0,0.72,1,2026-08-23 14:37:00
TX005953,CUST01940,535.62,Net Banking,network_error,2,2,472,18,0,0,0.47,0,2026-08-25 23:24:00
TX005954,CUST02782,2464.13,Debit Card,bank_timeout,3,3,1484,19,0,0,0.38,0,2026-08-17 08:32:00
TX005955,CUST00893,1864.77,Wallet,authentication_failed,0,1,38,6,0,0,0.32,0,2026-08-19 06:28:00
TX005956,CUST01228,2586.7,Debit Card,expired_card,4,2,1,13,0,0,0.15,0,2026-08-14 15:29:00
TX005957,CUST00613,969.58,Debit Card,bank_timeout,1,1,1192,7,1,0,0.56,1,2026-08-04 08:13:00
TX005958,CUST00402,2003.36,Wallet,insufficient_funds,0,0,1163,17,0,0,0.63,0,2026-08-02 15:05:00
TX005959,CUST02846,702.29,UPI,network_error,4,2,917,5,0,0,0.35,0,2026-08-19 13:38:00
TX005960,CUST00196,8551.13,UPI,insufficient_funds,0,0,500,23,0,0,0.63,0,2026-08-20 14:58:00
TX005961,CUST02774,486.61,Debit Card,suspicious_transaction,1,2,682,17,1,0,0.02,0,2026-08-04 10:16:00
TX005962,CUST02098,9002.86,Debit Card,bank_timeout,1,1,495,11,1,0,0.56,1,2026-08-25 01:42:00
TX005963,CUST01237,1135.57,Wallet,insufficient_funds,0,1,459,5,0,0,0.55,1,2026-08-11 04:11:00
TX005964,CUST00943,277.13,Net Banking,insufficient_funds,3,0,377,7,0,0,0.45,0,2026-08-05 05:18:00
TX005965,CUST02040,4307.36,Wallet,expired_card,5,0,242,17,0,0,0.25,1,2026-08-02 05:52:00
TX005966,CUST02870,1243.77,Debit Card,bank_timeout,0,0,1251,0,0,0,0.8,1,2026-08-21 22:10:00
TX005967,CUST02561,2568.62,Wallet,insufficient_funds,0,1,773,4,0,0,0.55,1,2026-08-12 15:09:00
TX005968,CUST01879,3728.85,Wallet,network_error,2,3,828,16,0,0,0.39,1,2026-08-30 06:31:00
TX005969,CUST01579,1537.57,Debit Card,issuer_declined,0,1,530,12,0,0,0.42,0,2026-08-10 10:55:00
TX005970,CUST01018,606.53,Credit Card,suspicious_transaction,0,0,558,14,1,0,0.1,0,2026-08-07 21:33:00
TX005971,CUST00965,2909.43,Debit Card,suspicious_transaction,0,0,1322,1,0,0,0.2,0,2026-08-29 15:07:00
TX005972,CUST00366,1097.46,Wallet,issuer_declined,2,0,184,4,0,0,0.33,0,2026-08-23 21:03:00
TX005973,CUST00419,2177.34,Wallet,insufficient_funds,1,0,622,12,0,0,0.57,0,2026-08-21 12:09:00
TX005974,CUST00182,127.26,Net Banking,bank_timeout,0,0,1312,21,0,0,0.8,1,2026-08-17 17:16:00
TX005975,CUST00333,1714.68,Debit Card,issuer_declined,4,2,720,23,0,0,0.1,0,2026-08-25 08:49:00
TX005976,CUST02905,579.06,Debit Card,insufficient_funds,4,3,73,1,0,0,0.1,0,2026-08-27 06:24:00
TX005977,CUST00006,5729.08,Wallet,suspicious_transaction,3,1,780,3,0,0,0.02,0,2026-08-05 14:34:00
TX005978,CUST01219,2044.87,UPI,insufficient_funds,3,2,117,1,0,0,0.24,0,2026-08-19 06:40:00
TX005979,CUST01373,1393.9,Net Banking,bank_timeout,0,1,555,21,0,0,0.72,0,2026-08-26 18:17:00
TX005980,CUST01913,1783.46,Net Banking,issuer_declined,0,0,329,7,0,1,0.37,1,2026-08-15 22:06:00
TX005981,CUST00547,404.06,Credit Card,expired_card,3,0,1289,2,0,0,0.42,1,2026-08-13 07:15:00
TX005982,CUST00700,5559.46,UPI,bank_timeout,2,3,280,5,1,0,0.29,1,2026-08-09 12:43:00
TX005983,CUST00101,8033.46,Wallet,suspicious_transaction,0,0,1379,19,0,0,0.2,0,2026-08-24 07:19:00
TX005984,CUST01945,1624.43,Credit Card,issuer_declined,1,0,914,4,0,0,0.44,0,2026-08-15 08:28:00
TX005985,CUST02020,5379.78,UPI,expired_card,0,0,1027,14,0,0,0.6,1,2026-08-27 22:58:00
TX005986,CUST01474,620.7,Credit Card,network_error,3,2,334,10,0,0,0.36,0,2026-08-15 17:28:00
TX005987,CUST02603,494.17,Wallet,insufficient_funds,0,1,216,9,0,0,0.5,1,2026-08-25 22:07:00
TX005988,CUST02020,1142.44,Credit Card,authentication_failed,0,1,1144,12,0,0,0.37,1,2026-08-06 09:48:00
TX005989,CUST01223,1694.16,Debit Card,network_error,0,0,1163,21,0,0,0.75,0,2026-08-16 02:35:00
TX005990,CUST02866,739.53,Net Banking,insufficient_funds,0,1,729,0,0,1,0.47,1,2026-08-27 01:39:00
TX005991,CUST01392,1877.63,Wallet,issuer_declined,0,0,1286,10,0,0,0.5,1,2026-08-28 10:41:00
TX005992,CUST01594,1489.79,Debit Card,issuer_declined,0,1,971,13,0,0,0.42,0,2026-08-17 02:46:00
TX005993,CUST01624,404.11,Wallet,issuer_declined,0,1,201,16,0,0,0.37,1,2026-08-21 20:01:00
TX005994,CUST01485,1842.34,Debit Card,issuer_declined,1,0,255,8,0,0,0.39,1,2026-08-11 22:27:00
TX005995,CUST02580,2600.68,Credit Card,insufficient_funds,0,0,613,1,0,0,0.63,1,2026-08-16 17:44:00
TX005996,CUST01221,1301.76,Wallet,insufficient_funds,1,2,590,12,1,0,0.31,0,2026-08-29 21:15:00
TX005997,CUST02375,3472.56,Credit Card,bank_timeout,0,1,405,9,0,0,0.72,0,2026-08-18 00:16:00
TX005998,CUST01324,324.6,Net Banking,insufficient_funds,0,0,535,11,0,0,0.63,1,2026-08-09 11:20:00
TX005999,CUST00910,1751.01,Credit Card,bank_timeout,5,1,152,22,0,1,0.29,1,2026-08-06 15:50:00
TX006000,CUST00482,340.26,UPI,bank_timeout,1,0,1489,17,1,1,0.56,1,2026-08-23 17:33:00
TX006001,CUST02290,359.93,Wallet,network_error,1,2,1416,12,0,0,0.53,0,2026-08-19 22:43:00
TX006002,CUST01580,583.51,Net Banking,insufficient_funds,1,0,402,2,0,1,0.49,0,2026-08-11 05:55:00
TX006003,CUST02181,427.49,UPI,expired_card,1,1,1242,23,1,0,0.36,1,2026-08-17 09:08:00
TX006004,CUST01249,633.97,Credit Card,suspicious_transaction,0,1,1274,16,0,0,0.12,0,2026-08-24 10:47:00
TX006005,CUST01155,885.23,Credit Card,insufficient_funds,2,3,365,11,0,1,0.14,0,2026-08-16 07:16:00
TX006006,CUST00951,2532.99,Debit Card,insufficient_funds,1,0,37,1,0,0,0.52,1,2026-08-01 11:55:00
TX006007,CUST00458,795.4,Wallet,bank_timeout,1,1,124,3,0,0,0.61,1,2026-08-17 13:48:00
TX006008,CUST01489,224.61,Debit Card,bank_timeout,0,0,1442,14,0,0,0.8,0,2026-08-05 04:08:00
TX006009,CUST01233,3429.15,Credit Card,issuer_declined,0,1,627,7,0,0,0.42,0,2026-08-12 16:54:00
TX006010,CUST02579,474.81,UPI,bank_timeout,1,0,1294,5,0,0,0.74,1,2026-08-05 16:36:00
TX006011,CUST00832,1034.09,Debit Card,expired_card,1,2,1214,11,0,0,0.38,1,2026-08-23 09:01:00
TX006012,CUST01388,1713.92,Credit Card,bank_timeout,1,2,144,0,0,0,0.53,1,2026-08-17 07:09:00
TX006013,CUST01680,1338.91,Debit Card,issuer_declined,3,3,406,8,0,0,0.08,0,2026-08-04 09:01:00
TX006014,CUST02530,3275.35,UPI,bank_timeout,2,0,51,5,0,1,0.55,0,2026-08-07 00:46:00
TX006015,CUST01841,1770.47,Net Banking,issuer_declined,0,1,273,11,0,0,0.37,0,2026-08-25 18:14:00
TX006016,CUST01935,463.45,Debit Card,issuer_declined,0,1,1027,9,0,0,0.42,0,2026-08-23 03:10:00
TX006017,CUST01039,9687.21,Credit Card,bank_timeout,2,2,113,21,0,0,0.47,0,2026-08-26 08:25:00
TX006018,CUST02965,1331.86,Wallet,authentication_failed,1,0,886,15,1,1,0.21,0,2026-08-14 09:46:00
TX006019,CUST02410,946.39,Wallet,expired_card,3,0,1297,4,0,0,0.42,0,2026-08-06 18:36:00
TX006020,CUST01850,2875.34,Wallet,issuer_declined,0,1,7,18,0,0,0.37,1,2026-08-03 02:12:00
TX006021,CUST02472,1407.33,Wallet,insufficient_funds,0,0,1443,8,0,0,0.63,1,2026-08-08 02:14:00
TX006022,CUST02033,1634.72,UPI,issuer_declined,0,0,569,9,0,0,0.5,1,2026-08-10 12:52:00
TX006023,CUST02699,13255.71,Debit Card,issuer_declined,1,2,888,10,0,0,0.28,1,2026-08-04 04:49:00
TX006024,CUST01526,832.87,Credit Card,authentication_failed,2,0,720,18,0,0,0.33,1,2026-08-09 21:26:00
TX006025,CUST01744,798.1,Wallet,insufficient_funds,0,0,476,4,0,0,0.63,1,2026-08-30 21:10:00
TX006026,CUST02399,1232.23,Debit Card,network_error,0,1,1179,21,0,0,0.67,1,2026-08-04 15:20:00
TX006027,CUST01924,3201.95,Net Banking,insufficient_funds,0,0,1339,6,0,0,0.63,1,2026-08-22 21:16:00
TX006028,CUST00771,243.1,UPI,insufficient_funds,0,1,370,7,0,0,0.55,1,2026-08-16 15:00:00
TX006029,CUST02788,153.61,Debit Card,suspicious_transaction,2,0,905,7,0,0,0.08,1,2026-08-16 09:56:00
TX006030,CUST02859,609.65,Debit Card,authentication_failed,1,1,919,16,1,0,0.21,0,2026-08-04 08:20:00
TX006031,CUST01724,214.02,Net Banking,suspicious_transaction,4,2,688,20,0,1,0.02,0,2026-08-26 09:10:00
TX006032,CUST01585,717.07,Debit Card,bank_timeout,2,3,109,3,0,1,0.31,0,2026-08-08 06:55:00
TX006033,CUST00711,1812.57,Credit Card,expired_card,5,2,678,6,0,0,0.14,0,2026-08-15 10:39:00
TX006034,CUST00334,450.0,Net Banking,issuer_declined,0,0,1121,21,1,0,0.4,0,2026-08-02 06:28:00
TX006035,CUST02126,263.27,Debit Card,network_error,1,0,1362,21,0,0,0.69,1,2026-08-22 05:12:00
TX006036,CUST02523,1175.37,Net Banking,expired_card,1,2,77,20,0,0,0.33,0,2026-08-20 09:15:00
TX006037,CUST01349,2598.12,Wallet,expired_card,0,0,1139,15,1,0,0.5,0,2026-08-21 21:38:00
TX006038,CUST02128,201.35,UPI,issuer_declined,3,0,865,15,1,0,0.22,0,2026-08-03 05:39:00
TX006039,CUST02767,2490.48,Wallet,insufficient_funds,0,1,1120,17,0,0,0.55,0,2026-08-02 01:15:00
TX006040,CUST00825,2483.21,Wallet,suspicious_transaction,2,1,1341,16,0,0,0.02,0,2026-08-04 00:04:00
TX006041,CUST01382,2847.18,Debit Card,suspicious_transaction,0,1,38,12,0,0,0.07,0,2026-08-05 19:26:00
TX006042,CUST02226,3708.86,Wallet,expired_card,0,1,1096,15,0,0,0.52,1,2026-08-15 13:56:00
TX006043,CUST00479,9917.08,Debit Card,expired_card,0,1,928,11,0,0,0.52,0,2026-08-27 00:03:00
TX006044,CUST01297,768.09,Debit Card,bank_timeout,0,0,1500,9,0,0,0.8,1,2026-08-28 21:35:00
TX006045,CUST02680,1223.62,Net Banking,insufficient_funds,0,0,451,20,0,0,0.63,1,2026-08-03 01:37:00
TX006046,CUST00436,723.11,Net Banking,insufficient_funds,0,0,1282,4,0,0,0.63,0,2026-08-03 19:44:00
TX006047,CUST00714,1098.8,Credit Card,insufficient_funds,0,0,91,6,0,0,0.58,0,2026-08-18 20:40:00
TX006048,CUST00211,5079.02,Debit Card,bank_timeout,0,0,866,4,0,0,0.8,1,2026-08-26 20:13:00
TX006049,CUST02913,285.71,Debit Card,bank_timeout,0,0,12,23,0,0,0.75,1,2026-08-21 05:55:00
TX006050,CUST00531,463.57,Net Banking,network_error,2,0,886,12,0,0,0.63,0,2026-08-30 11:14:00
TX006051,CUST00062,4346.74,Debit Card,suspicious_transaction,1,0,493,14,0,0,0.14,0,2026-08-18 01:02:00
TX006052,CUST02823,3041.29,UPI,suspicious_transaction,2,1,9,22,0,0,0.02,0,2026-08-24 11:57:00
TX006053,CUST00504,762.7,Net Banking,suspicious_transaction,0,1,1000,4,0,0,0.12,0,2026-08-04 20:05:00
TX006054,CUST02394,2577.05,UPI,insufficient_funds,4,1,926,22,0,0,0.31,1,2026-08-13 06:15:00
TX006055,CUST01833,1542.59,Credit Card,bank_timeout,1,2,1102,17,0,0,0.58,1,2026-08-26 14:24:00
TX006056,CUST02000,4916.12,UPI,network_error,4,3,976,1,0,0,0.27,1,2026-08-14 15:51:00
TX006057,CUST02811,1181.46,Credit Card,suspicious_transaction,0,0,91,4,0,0,0.15,1,2026-08-01 23:38:00
TX006058,CUST00880,3058.35,Net Banking,insufficient_funds,3,0,73,18,0,0,0.4,0,2026-08-12 23:49:00
TX006059,CUST00603,15398.29,Net Banking,bank_timeout,1,0,221,22,0,0,0.69,0,2026-08-03 18:14:00
TX006060,CUST00972,1994.4,Debit Card,bank_timeout,3,0,619,17,0,0,0.62,0,2026-08-16 01:01:00
TX006061,CUST01259,1152.08,Debit Card,bank_timeout,3,1,1012,20,0,0,0.54,0,2026-08-19 01:10:00
TX006062,CUST02124,2258.48,Debit Card,suspicious_transaction,0,1,574,16,0,0,0.12,0,2026-08-30 19:57:00
TX006063,CUST01800,761.07,Debit Card,insufficient_funds,0,0,351,17,0,0,0.58,1,2026-08-16 05:34:00
TX006064,CUST00035,11943.8,Debit Card,insufficient_funds,4,0,1427,23,0,0,0.39,1,2026-08-17 11:12:00
TX006065,CUST02230,1313.0,Wallet,authentication_failed,0,0,835,13,0,0,0.45,1,2026-08-02 03:50:00
TX006066,CUST00342,834.7,UPI,insufficient_funds,0,0,322,20,0,0,0.58,1,2026-08-26 05:43:00
TX006067,CUST00431,475.47,UPI,expired_card,0,1,366,23,1,0,0.42,0,2026-08-28 18:44:00
TX006068,CUST02660,3285.32,Credit Card,insufficient_funds,0,1,1149,8,0,0,0.55,1,2026-08-18 06:42:00
TX006069,CUST00799,2610.21,UPI,network_error,0,0,1212,4,0,0,0.75,1,2026-08-14 12:30:00
TX006070,CUST00018,666.9,Debit Card,network_error,3,3,585,4,0,0,0.33,0,2026-08-23 08:54:00
TX006071,CUST00709,1951.69,Debit Card,network_error,2,1,1008,21,0,0,0.55,0,2026-08-23 08:05:00
TX006072,CUST00152,242.61,Net Banking,authentication_failed,0,1,292,0,0,0,0.32,1,2026-08-17 02:29:00
TX006073,CUST01948,1319.45,UPI,insufficient_funds,0,1,1393,15,0,0,0.55,0,2026-08-04 08:51:00
TX006074,CUST01042,1724.61,Credit Card,suspicious_transaction,0,0,950,20,0,1,0.12,0,2026-08-20 21:03:00
TX006075,CUST02718,6047.07,Net Banking,authentication_failed,1,2,21,15,1,0,0.08,0,2026-08-26 15:43:00
TX006076,CUST01196,507.34,Credit Card,insufficient_funds,3,1,1490,8,0,0,0.37,0,2026-08-14 12:45:00
TX006077,CUST02726,305.41,Wallet,bank_timeout,2,2,1424,14,0,0,0.52,1,2026-08-14 05:36:00
TX006078,CUST00204,447.9,UPI,issuer_declined,1,2,1171,11,0,0,0.28,1,2026-08-29 23:57:00
TX006079,CUST01151,288.14,Debit Card,insufficient_funds,0,1,447,19,0,0,0.55,1,2026-08-05 02:18:00
TX006080,CUST00572,4174.11,UPI,issuer_declined,0,1,731,20,0,0,0.42,0,2026-08-28 04:45:00
TX006081,CUST01916,5159.73,Debit Card,authentication_failed,1,1,575,12,0,0,0.31,0,2026-08-21 01:52:00
TX006082,CUST01047,1510.53,Wallet,network_error,0,0,805,18,0,0,0.75,0,2026-08-01 13:12:00
TX006083,CUST00871,3719.32,Credit Card,issuer_declined,0,0,867,22,0,0,0.5,0,2026-08-13 21:52:00
TX006084,CUST02956,1253.83,Debit Card,expired_card,0,1,818,3,1,0,0.42,0,2026-08-15 08:29:00
TX006085,CUST02544,997.14,UPI,authentication_failed,0,0,1266,17,0,0,0.45,0,2026-08-19 05:15:00
TX006086,CUST02381,786.0,UPI,issuer_declined,1,2,465,15,0,0,0.28,0,2026-08-02 12:13:00
TX006087,CUST00149,804.01,Debit Card,insufficient_funds,1,1,187,0,0,0,0.44,1,2026-08-27 20:51:00
TX006088,CUST01360,233.27,UPI,expired_card,4,2,558,11,1,0,0.1,0,2026-08-02 16:48:00
TX006089,CUST00516,1428.32,Wallet,authentication_failed,0,0,1410,1,0,0,0.45,0,2026-08-01 02:49:00
TX006090,CUST00784,1053.28,UPI,bank_timeout,2,0,738,10,0,0,0.68,1,2026-08-17 18:21:00
TX006091,CUST02337,2310.83,Credit Card,authentication_failed,0,1,228,13,0,0,0.32,0,2026-08-18 06:03:00
TX006092,CUST00189,1204.14,UPI,insufficient_funds,0,1,1,6,0,1,0.42,1,2026-08-17 03:54:00
TX006093,CUST00824,931.97,Wallet,bank_timeout,0,1,548,22,0,0,0.72,1,2026-08-04 05:06:00
TX006094,CUST02681,458.89,Net Banking,issuer_declined,0,0,130,3,0,0,0.45,0,2026-08-19 14:06:00
TX006095,CUST02266,1178.68,Net Banking,suspicious_transaction,0,0,1011,7,0,0,0.2,0,2026-08-25 19:21:00
TX006096,CUST01055,2294.42,Debit Card,bank_timeout,0,1,1285,18,0,0,0.72,1,2026-08-10 01:10:00
TX006097,CUST02721,349.56,UPI,bank_timeout,0,0,1480,5,0,0,0.8,1,2026-08-18 06:35:00
TX006098,CUST02856,1196.88,Net Banking,bank_timeout,1,0,1423,12,0,1,0.66,1,2026-08-13 13:26:00
TX006099,CUST01057,1384.43,UPI,network_error,0,1,859,23,1,0,0.57,1,2026-08-26 04:15:00
TX006100,CUST01128,534.82,Wallet,insufficient_funds,0,1,763,7,0,0,0.55,1,2026-08-22 19:46:00
TX006101,CUST01214,609.2,Wallet,bank_timeout,0,0,757,7,0,0,0.8,0,2026-08-29 07:16:00
TX006102,CUST01128,1381.07,UPI,authentication_failed,0,0,1380,0,0,0,0.45,1,2026-08-07 11:03:00
TX006103,CUST01377,353.04,Debit Card,issuer_declined,2,3,1144,23,0,0,0.14,0,2026-08-05 00:21:00
TX006104,CUST00578,1556.08,Credit Card,authentication_failed,1,2,997,19,1,0,0.13,0,2026-08-10 08:42:00
TX006105,CUST00172,447.93,Wallet,bank_timeout,3,2,1399,21,0,0,0.46,0,2026-08-18 14:26:00
TX006106,CUST01746,3174.34,Net Banking,insufficient_funds,0,0,1233,23,0,0,0.63,1,2026-08-12 05:50:00
TX006107,CUST00837,11359.71,Wallet,insufficient_funds,0,1,48,3,0,0,0.5,1,2026-08-17 07:40:00
TX006108,CUST02490,463.7,Credit Card,authentication_failed,0,1,331,14,0,0,0.32,0,2026-08-07 18:51:00
TX006109,CUST02182,1870.96,Wallet,bank_timeout,0,1,754,23,0,0,0.72,1,2026-08-03 10:43:00
TX006110,CUST00720,530.2,Wallet,expired_card,0,1,952,0,0,0,0.52,1,2026-08-16 08:19:00
TX006111,CUST02047,3105.58,Wallet,suspicious_transaction,0,0,550,23,0,0,0.2,0,2026-08-03 00:30:00
TX006112,CUST01663,309.43,Wallet,insufficient_funds,0,0,1210,7,0,0,0.63,0,2026-08-18 17:18:00
TX006113,CUST00109,1773.28,Net Banking,expired_card,3,1,1112,22,0,0,0.34,0,2026-08-27 15:16:00
TX006114,CUST01212,458.06,Net Banking,suspicious_transaction,2,3,571,11,0,0,0.02,0,2026-08-01 16:13:00
TX006115,CUST00787,891.6,UPI,expired_card,2,3,1033,12,0,0,0.24,0,2026-08-28 04:13:00
TX006116,CUST01273,391.1,Wallet,bank_timeout,1,2,1313,13,0,0,0.58,1,2026-08-06 21:56:00
TX006117,CUST01887,2495.76,Net Banking,bank_timeout,2,2,1238,2,0,0,0.52,0,2026-08-12 23:35:00
TX006118,CUST00454,474.86,Credit Card,issuer_declined,0,1,965,5,0,0,0.42,0,2026-08-13 21:30:00
TX006119,CUST01272,1904.48,UPI,network_error,0,1,916,22,1,0,0.57,1,2026-08-27 22:06:00
TX006120,CUST01545,777.36,UPI,insufficient_funds,0,0,1399,21,0,0,0.63,0,2026-08-08 18:21:00
TX006121,CUST01812,978.02,UPI,expired_card,1,0,542,11,0,0,0.54,0,2026-08-25 16:46:00
TX006122,CUST02490,1271.25,Wallet,issuer_declined,0,1,627,20,0,0,0.42,0,2026-08-20 06:48:00
TX006123,CUST02974,511.92,Credit Card,issuer_declined,0,0,962,0,0,1,0.42,1,2026-08-21 14:57:00
TX006124,CUST00505,1353.39,Credit Card,issuer_declined,0,0,228,23,0,1,0.37,0,2026-08-17 18:05:00
TX006125,CUST02107,5066.14,UPI,network_error,5,3,1269,21,0,0,0.21,0,2026-08-20 16:27:00
TX006126,CUST02597,503.66,Credit Card,network_error,0,1,65,11,0,0,0.62,1,2026-08-17 12:46:00
TX006127,CUST02439,3539.75,UPI,network_error,1,2,1280,16,0,0,0.53,0,2026-08-17 07:07:00
TX006128,CUST00642,4905.43,Credit Card,expired_card,1,1,69,5,0,0,0.41,0,2026-08-17 03:54:00
TX006129,CUST02296,484.85,Debit Card,authentication_failed,3,1,324,1,0,0,0.14,0,2026-08-21 13:53:00
TX006130,CUST00729,255.94,Wallet,bank_timeout,1,2,1411,21,0,0,0.58,1,2026-08-17 15:50:00
TX006131,CUST02770,1483.21,Credit Card,insufficient_funds,3,3,442,4,0,1,0.13,1,2026-08-04 21:24:00
TX006132,CUST02493,634.34,Debit Card,suspicious_transaction,0,1,881,6,0,0,0.12,0,2026-08-06 10:25:00
TX006133,CUST01610,7105.35,Net Banking,bank_timeout,3,3,1302,15,0,0,0.38,1,2026-08-23 14:39:00
TX006134,CUST01158,1135.48,Net Banking,bank_timeout,1,0,848,12,0,0,0.74,1,2026-08-03 10:52:00
TX006135,CUST00523,491.67,Net Banking,expired_card,1,0,1395,14,0,0,0.54,0,2026-08-01 21:41:00
TX006136,CUST01367,348.22,Credit Card,suspicious_transaction,0,1,680,17,0,0,0.12,0,2026-08-22 08:21:00
TX006137,CUST01599,3261.38,UPI,insufficient_funds,1,1,119,0,0,0,0.44,1,2026-08-18 00:09:00
TX006138,CUST02298,619.44,Wallet,bank_timeout,1,0,483,11,1,1,0.56,0,2026-08-26 17:57:00
TX006139,CUST01823,1145.77,Debit Card,issuer_declined,3,0,1237,15,1,0,0.22,0,2026-08-12 17:41:00
TX006140,CUST00207,2852.08,Net Banking,expired_card,0,0,1394,10,0,0,0.6,1,2026-08-05 09:54:00
TX006141,CUST01331,675.69,Debit Card,expired_card,0,1,1290,0,0,0,0.52,0,2026-08-09 09:31:00
TX006142,CUST00221,1047.41,UPI,issuer_declined,0,0,62,16,0,0,0.45,0,2026-08-09 16:09:00
TX006143,CUST00456,1078.61,UPI,network_error,1,1,1302,21,0,0,0.61,0,2026-08-07 16:26:00
TX006144,CUST00841,2171.83,Debit Card,issuer_declined,2,3,60,21,0,0,0.09,1,2026-08-10 20:51:00
TX006145,CUST02000,1979.79,Net Banking,issuer_declined,1,2,1149,1,0,1,0.2,1,2026-08-16 15:10:00
TX006146,CUST02937,879.97,UPI,network_error,0,1,196,2,0,0,0.62,0,2026-08-02 00:01:00
TX006147,CUST02858,1168.7,UPI,expired_card,2,0,931,19,1,0,0.38,0,2026-08-26 17:17:00
TX006148,CUST00786,756.14,Debit Card,issuer_declined,1,2,300,9,0,0,0.23,0,2026-08-08 02:43:00
TX006149,CUST00636,250.23,Debit Card,expired_card,0,0,534,2,0,0,0.6,0,2026-08-07 07:05:00
TX006150,CUST01700,1418.85,Wallet,insufficient_funds,3,3,758,17,0,0,0.21,0,2026-08-22 11:14:00
TX006151,CUST00983,7274.95,Wallet,bank_timeout,4,3,1026,17,0,1,0.24,0,2026-08-28 19:08:00
TX006152,CUST01100,453.18,Debit Card,network_error,1,1,900,1,0,0,0.61,0,2026-08-29 04:40:00
TX006153,CUST01536,506.22,Net Banking,insufficient_funds,1,1,1158,3,0,0,0.49,0,2026-08-12 12:13:00
TX006154,CUST01052,459.1,Wallet,issuer_declined,0,1,1336,22,0,0,0.42,0,2026-08-23 20:33:00
TX006155,CUST01075,2263.33,Debit Card,insufficient_funds,2,1,479,1,0,0,0.43,1,2026-08-15 02:08:00
TX006156,CUST02686,1717.26,Net Banking,authentication_failed,4,0,1339,21,0,0,0.21,1,2026-08-04 09:59:00
TX006157,CUST00313,935.86,Wallet,issuer_declined,0,0,65,16,1,0,0.35,0,2026-08-28 07:53:00
TX006158,CUST02211,437.9,UPI,expired_card,2,3,1082,1,1,1,0.06,0,2026-08-24 03:34:00
TX006159,CUST02682,1202.76,Debit Card,issuer_declined,2,2,648,7,0,0,0.22,1,2026-08-19 11:23:00
TX006160,CUST01925,229.38,Credit Card,bank_timeout,2,0,1153,21,0,1,0.6,0,2026-08-01 08:16:00
TX006161,CUST02328,1265.76,Debit Card,issuer_declined,1,0,824,11,0,0,0.44,0,2026-08-04 05:23:00
TX006162,CUST01666,2621.56,Debit Card,issuer_declined,0,1,354,21,0,1,0.29,1,2026-08-25 06:18:00
TX006163,CUST02099,313.81,Wallet,network_error,1,1,1316,13,0,0,0.61,1,2026-08-21 20:05:00
TX006164,CUST01824,236.86,Credit Card,bank_timeout,1,1,880,18,0,0,0.66,1,2026-08-13 16:40:00
TX006165,CUST02309,5321.11,Credit Card,issuer_declined,1,0,1480,1,0,0,0.44,1,2026-08-19 22:35:00
TX006166,CUST02915,594.81,UPI,insufficient_funds,5,0,486,14,0,0,0.33,1,2026-08-01 10:12:00
TX006167,CUST00697,3415.05,Debit Card,expired_card,0,1,1351,10,0,0,0.52,1,2026-08-25 17:58:00
TX006168,CUST01285,940.12,UPI,expired_card,0,0,1282,9,0,1,0.52,1,2026-08-13 01:14:00
TX006169,CUST01768,932.66,Net Banking,bank_timeout,1,2,1069,17,0,0,0.58,0,2026-08-07 13:46:00
TX006170,CUST00395,1700.05,UPI,insufficient_funds,3,0,664,21,0,0,0.45,1,2026-08-15 11:28:00
TX006171,CUST02193,453.05,Net Banking,suspicious_transaction,0,0,755,7,0,0,0.2,0,2026-08-19 11:58:00
TX006172,CUST01960,1252.0,Credit Card,bank_timeout,0,1,1204,12,0,0,0.72,0,2026-08-01 08:16:00
TX006173,CUST00721,748.83,Wallet,expired_card,0,1,261,6,0,0,0.47,1,2026-08-08 02:13:00
TX006174,CUST00475,292.8,Net Banking,authentication_failed,2,3,369,19,0,0,0.09,0,2026-08-09 06:02:00
TX006175,CUST01957,1536.84,Credit Card,issuer_declined,1,0,1339,8,0,0,0.44,0,2026-08-14 06:06:00
TX006176,CUST01191,842.77,Net Banking,authentication_failed,1,2,1466,21,0,0,0.23,0,2026-08-24 01:05:00
TX006177,CUST02480,937.27,Wallet,network_error,0,0,145,19,1,0,0.6,0,2026-08-09 14:01:00
TX006178,CUST00130,326.96,Debit Card,issuer_declined,0,1,431,9,0,0,0.42,1,2026-08-12 10:59:00
TX006179,CUST01434,5385.15,UPI,issuer_declined,0,1,51,9,0,0,0.37,0,2026-08-05 09:26:00
TX006180,CUST01658,2635.2,Credit Card,bank_timeout,2,3,590,3,0,1,0.36,1,2026-08-21 01:17:00
TX006181,CUST02402,2876.0,UPI,issuer_declined,2,3,545,4,1,0,0.04,1,2026-08-18 23:04:00
TX006182,CUST00088,807.99,Debit Card,authentication_failed,2,0,1421,17,0,0,0.33,0,2026-08-06 23:55:00
TX006183,CUST02968,194.57,Wallet,expired_card,0,1,107,16,0,0,0.47,1,2026-08-07 09:42:00
TX006184,CUST01129,7730.41,Credit Card,suspicious_transaction,1,0,37,17,0,0,0.09,0,2026-08-07 21:30:00
TX006185,CUST01554,1031.64,Wallet,insufficient_funds,5,3,912,7,0,0,0.09,0,2026-08-20 20:34:00
TX006186,CUST00255,518.63,UPI,network_error,2,0,1084,11,0,0,0.63,1,2026-08-04 01:37:00
TX006187,CUST02916,1663.7,Debit Card,expired_card,0,1,1017,18,0,0,0.52,1,2026-08-28 10:26:00
TX006188,CUST01312,3523.19,Credit Card,insufficient_funds,1,2,859,15,1,0,0.31,0,2026-08-22 14:21:00
TX006189,CUST00575,1071.64,UPI,suspicious_transaction,2,2,1109,20,0,0,0.02,0,2026-08-12 05:11:00
TX006190,CUST00897,3938.58,Credit Card,expired_card,1,2,1199,22,0,0,0.38,0,2026-08-11 09:09:00
TX006191,CUST00075,3238.94,UPI,issuer_declined,4,1,787,4,0,0,0.18,0,2026-08-06 05:41:00
TX006192,CUST02737,373.76,Debit Card,issuer_declined,2,1,16,10,0,0,0.25,0,2026-08-23 17:44:00
TX006193,CUST02839,559.03,Net Banking,bank_timeout,0,1,878,12,1,0,0.62,1,2026-08-03 23:05:00
TX006194,CUST02346,2857.03,Debit Card,network_error,3,3,188,16,0,0,0.28,0,2026-08-25 15:58:00
TX006195,CUST01766,100.0,Debit Card,bank_timeout,0,1,232,9,0,0,0.67,1,2026-08-26 13:14:00
TX006196,CUST01965,944.39,Wallet,issuer_declined,0,0,951,9,0,0,0.5,0,2026-08-09 01:06:00
TX006197,CUST01391,262.22,UPI,issuer_declined,2,3,200,16,0,0,0.09,0,2026-08-03 21:13:00
TX006198,CUST01343,680.92,Credit Card,bank_timeout,0,0,435,17,0,1,0.72,1,2026-08-02 18:30:00
TX006199,CUST00963,813.36,Credit Card,network_error,2,3,1234,22,0,0,0.39,0,2026-08-22 00:12:00
TX006200,CUST01506,766.44,Net Banking,suspicious_transaction,2,2,1318,3,1,0,0.02,0,2026-08-07 06:37:00
TX006201,CUST00129,631.27,Net Banking,bank_timeout,2,2,13,6,0,0,0.47,1,2026-08-04 14:57:00
TX006202,CUST00792,366.08,Credit Card,suspicious_transaction,4,2,1500,10,0,0,0.02,0,2026-08-18 01:01:00
TX006203,CUST01327,10849.9,Debit Card,suspicious_transaction,1,1,257,5,0,0,0.02,0,2026-08-12 19:10:00
TX006204,CUST00374,7097.25,Credit Card,network_error,2,1,720,10,0,0,0.55,1,2026-08-10 14:33:00
TX006205,CUST00778,343.07,Credit Card,bank_timeout,0,0,221,2,0,0,0.75,1,2026-08-07 08:34:00
TX006206,CUST00847,5335.39,Net Banking,insufficient_funds,1,0,1048,5,0,0,0.57,1,2026-08-17 20:36:00
TX006207,CUST02975,735.49,Credit Card,network_error,0,0,157,3,0,1,0.62,1,2026-08-10 19:58:00
TX006208,CUST02715,1247.86,UPI,insufficient_funds,1,0,449,6,1,0,0.47,1,2026-08-24 11:54:00
TX006209,CUST02659,1029.39,Wallet,bank_timeout,1,2,866,0,0,0,0.58,0,2026-08-24 05:13:00
TX006210,CUST00628,566.94,Wallet,insufficient_funds,1,2,1500,16,0,0,0.41,1,2026-08-10 06:44:00
TX006211,CUST01302,2933.21,Wallet,insufficient_funds,5,1,757,16,0,1,0.17,0,2026-08-24 21:04:00
TX006212,CUST01852,1243.75,Net Banking,expired_card,2,3,1025,1,0,0,0.24,0,2026-08-09 02:50:00
TX006213,CUST01145,680.92,Debit Card,insufficient_funds,0,0,1344,11,0,0,0.63,0,2026-08-18 08:47:00
TX006214,CUST01114,297.5,Wallet,issuer_declined,1,2,381,21,0,1,0.2,1,2026-08-02 20:08:00
TX006215,CUST01985,448.72,Debit Card,issuer_declined,0,0,1312,8,0,0,0.5,1,2026-08-22 02:24:00
TX006216,CUST01585,212.43,Wallet,insufficient_funds,2,1,823,6,0,0,0.43,1,2026-08-29 08:17:00
TX006217,CUST01605,1110.12,Debit Card,network_error,0,0,560,1,0,0,0.75,1,2026-08-12 11:24:00
TX006218,CUST01395,331.4,Debit Card,issuer_declined,0,0,1336,5,0,0,0.5,1,2026-08-21 05:59:00
TX006219,CUST00239,840.87,Wallet,expired_card,0,1,736,18,0,0,0.52,0,2026-08-14 06:15:00
TX006220,CUST01253,4316.08,Net Banking,issuer_declined,1,1,1199,1,0,0,0.36,0,2026-08-16 22:42:00
TX006221,CUST01928,3638.4,UPI,bank_timeout,0,0,197,8,0,0,0.75,1,2026-08-10 17:49:00
TX006222,CUST02624,1061.8,Debit Card,authentication_failed,3,3,24,12,0,0,0.02,0,2026-08-08 21:38:00
TX006223,CUST00729,1005.17,Wallet,network_error,5,0,1220,21,0,0,0.45,1,2026-08-13 08:21:00
TX006224,CUST02188,7185.89,Wallet,network_error,0,1,1475,2,0,0,0.67,1,2026-08-15 09:23:00
TX006225,CUST01808,1845.96,Net Banking,insufficient_funds,0,0,889,19,0,1,0.55,1,2026-08-24 02:00:00
TX006226,CUST02380,790.13,Net Banking,suspicious_transaction,4,0,453,13,0,0,0.02,0,2026-08-02 14:16:00
TX006227,CUST01906,263.48,Net Banking,issuer_declined,0,1,441,6,0,1,0.34,0,2026-08-21 18:36:00
TX006228,CUST00220,1625.99,Debit Card,issuer_declined,2,0,1424,21,0,0,0.38,0,2026-08-14 05:49:00
TX006229,CUST00932,2513.23,UPI,suspicious_transaction,1,0,1402,15,0,0,0.14,0,2026-08-11 04:44:00
TX006230,CUST00396,583.09,Wallet,suspicious_transaction,0,1,42,4,0,0,0.07,0,2026-08-06 13:38:00
TX006231,CUST01359,1467.33,Wallet,authentication_failed,4,1,781,6,0,0,0.13,1,2026-08-21 05:59:00
TX006232,CUST02879,762.37,Wallet,authentication_failed,1,1,962,15,0,0,0.31,0,2026-08-02 10:56:00
TX006233,CUST01523,912.3,Debit Card,bank_timeout,2,0,185,16,0,0,0.63,1,2026-08-08 11:54:00
TX006234,CUST01636,100.0,Credit Card,network_error,0,0,580,18,0,0,0.75,1,2026-08-05 22:02:00
TX006235,CUST02252,878.5,UPI,authentication_failed,1,0,949,2,0,0,0.39,0,2026-08-05 16:46:00
TX006236,CUST00793,2891.03,UPI,insufficient_funds,1,2,1103,17,0,0,0.41,0,2026-08-13 07:00:00
TX006237,CUST00860,583.24,Wallet,issuer_declined,0,1,214,17,0,0,0.37,0,2026-08-25 10:57:00
TX006238,CUST00807,1155.77,Debit Card,suspicious_transaction,1,0,956,9,0,0,0.14,0,2026-08-21 08:24:00
TX006239,CUST00758,514.94,Net Banking,issuer_declined,1,1,1220,6,0,0,0.36,0,2026-08-25 13:44:00
TX006240,CUST00106,1572.53,Net Banking,bank_timeout,0,1,908,16,1,0,0.62,1,2026-08-17 03:18:00
TX006241,CUST01108,883.13,Credit Card,authentication_failed,0,1,926,21,0,1,0.29,0,2026-08-12 09:35:00
TX006242,CUST02871,428.7,Debit Card,authentication_failed,1,1,172,6,0,0,0.26,1,2026-08-26 15:28:00
TX006243,CUST00134,4157.01,Net Banking,issuer_declined,3,3,926,10,0,0,0.08,0,2026-08-23 19:13:00
TX006244,CUST01172,2776.46,UPI,authentication_failed,0,0,8,21,0,0,0.4,0,2026-08-24 13:51:00
TX006245,CUST01368,598.9,Net Banking,insufficient_funds,0,1,1468,13,0,0,0.55,0,2026-08-27 01:06:00
TX006246,CUST00839,1804.05,Wallet,insufficient_funds,0,0,796,20,0,0,0.63,0,2026-08-23 11:28:00
TX006247,CUST02383,1876.97,Wallet,insufficient_funds,2,3,1393,17,0,0,0.27,0,2026-08-23 17:59:00
TX006248,CUST02699,2084.54,Wallet,insufficient_funds,0,0,1066,2,0,0,0.63,0,2026-08-19 09:04:00
TX006249,CUST00534,201.49,Debit Card,bank_timeout,2,0,1249,10,0,0,0.68,0,2026-08-18 05:24:00
TX006250,CUST01069,3000.72,Net Banking,insufficient_funds,3,2,843,22,0,0,0.29,0,2026-08-07 13:53:00
TX006251,CUST02640,620.36,Debit Card,bank_timeout,0,1,955,23,0,0,0.72,1,2026-08-23 19:03:00
TX006252,CUST02277,766.76,UPI,network_error,3,2,537,15,0,1,0.33,1,2026-08-26 22:53:00
TX006253,CUST00612,15334.83,Credit Card,issuer_declined,5,3,193,9,0,0,0.02,0,2026-08-23 21:44:00
TX006254,CUST02702,1483.08,Wallet,bank_timeout,0,1,365,21,0,0,0.67,1,2026-08-14 11:36:00
TX006255,CUST00131,745.22,Wallet,insufficient_funds,2,2,1007,7,0,0,0.35,1,2026-08-22 04:21:00
TX006256,CUST01290,120.87,UPI,bank_timeout,0,1,281,2,0,0,0.67,1,2026-08-25 17:36:00
TX006257,CUST02595,4401.78,UPI,issuer_declined,0,0,308,8,0,1,0.37,1,2026-08-04 19:50:00
TX006258,CUST00970,285.66,Credit Card,insufficient_funds,3,0,122,12,0,1,0.32,0,2026-08-13 15:23:00
TX006259,CUST00608,402.04,Wallet,authentication_failed,1,1,669,11,1,0,0.21,1,2026-08-01 08:02:00
TX006260,CUST00156,787.33,Wallet,bank_timeout,0,1,548,21,0,0,0.72,1,2026-08-29 14:00:00
TX006261,CUST01571,4520.65,UPI,bank_timeout,0,1,113,8,0,0,0.67,1,2026-08-18 09:21:00
TX006262,CUST01123,2376.16,UPI,issuer_declined,0,0,1043,4,0,0,0.5,1,2026-08-08 12:17:00
TX006263,CUST02364,936.51,Debit Card,bank_timeout,0,0,367,6,0,0,0.8,0,2026-08-06 12:14:00
TX006264,CUST00891,1492.63,Wallet,insufficient_funds,1,2,1107,10,0,0,0.41,0,2026-08-13 21:14:00
TX006265,CUST00765,601.61,Net Banking,issuer_declined,0,0,205,22,0,0,0.45,0,2026-08-18 20:47:00
TX006266,CUST00382,1260.99,UPI,expired_card,0,1,459,21,0,1,0.44,1,2026-08-22 19:39:00
TX006267,CUST02058,1180.08,Debit Card,suspicious_transaction,2,0,601,20,0,0,0.08,0,2026-08-30 16:47:00
TX006268,CUST02536,2889.3,Debit Card,expired_card,0,1,1242,17,0,0,0.52,1,2026-08-05 19:53:00
TX006269,CUST02436,2884.71,UPI,bank_timeout,0,0,1499,3,0,0,0.8,0,2026-08-04 13:35:00
TX006270,CUST02735,1797.19,Debit Card,bank_timeout,4,2,1381,17,0,0,0.4,0,2026-08-16 20:02:00
TX006271,CUST01559,763.3,Credit Card,expired_card,0,0,1262,17,0,0,0.6,1,2026-08-20 17:23:00
TX006272,CUST01508,2302.66,Credit Card,expired_card,1,0,1250,14,0,0,0.54,0,2026-08-06 17:55:00
TX006273,CUST00211,1000.28,Debit Card,issuer_declined,0,1,1268,22,1,0,0.32,0,2026-08-04 06:21:00
TX006274,CUST00584,371.7,Net Banking,network_error,4,2,556,22,1,0,0.25,0,2026-08-27 05:43:00
TX006275,CUST01846,732.68,Credit Card,issuer_declined,0,0,634,20,0,0,0.5,1,2026-08-09 23:52:00
TX006276,CUST00067,1193.36,Net Banking,insufficient_funds,3,3,1129,13,0,0,0.21,0,2026-08-03 18:20:00
TX006277,CUST02915,2724.98,Credit Card,network_error,0,1,592,1,0,0,0.67,0,2026-08-20 12:06:00
TX006278,CUST01599,912.76,Wallet,expired_card,0,0,206,10,0,0,0.55,1,2026-08-16 14:03:00
TX006279,CUST02215,327.28,Debit Card,insufficient_funds,1,0,835,0,0,0,0.57,0,2026-08-25 17:33:00
TX006280,CUST00762,1160.66,Net Banking,insufficient_funds,0,1,73,10,0,0,0.5,0,2026-08-21 23:34:00
TX006281,CUST02774,1228.39,UPI,authentication_failed,0,0,349,12,0,1,0.32,0,2026-08-11 03:22:00
TX006282,CUST01109,1320.59,Debit Card,issuer_declined,1,0,43,19,0,0,0.39,0,2026-08-24 04:55:00
TX006283,CUST02670,2751.42,Credit Card,bank_timeout,0,0,103,16,0,0,0.75,1,2026-08-19 05:00:00
TX006284,CUST01060,3037.9,Debit Card,expired_card,0,0,529,8,1,0,0.5,1,2026-08-17 05:20:00
TX006285,CUST02524,605.34,Debit Card,bank_timeout,2,2,1432,7,0,0,0.52,0,2026-08-12 10:15:00
TX006286,CUST01216,592.21,Debit Card,authentication_failed,2,1,1406,0,0,0,0.25,0,2026-08-28 10:11:00
TX006287,CUST00356,387.53,Credit Card,network_error,0,0,928,22,0,0,0.75,0,2026-08-14 09:02:00
TX006288,CUST01106,2205.73,Credit Card,bank_timeout,1,0,1279,20,0,0,0.74,0,2026-08-14 11:12:00
TX006289,CUST00637,4669.56,Net Banking,suspicious_transaction,3,3,450,0,0,0,0.02,0,2026-08-30 10:21:00
TX006290,CUST01398,800.25,UPI,insufficient_funds,2,2,905,17,0,0,0.35,1,2026-08-20 18:20:00
TX006291,CUST00808,861.41,Wallet,insufficient_funds,0,0,28,23,0,0,0.58,1,2026-08-08 07:38:00
TX006292,CUST01425,4754.19,UPI,bank_timeout,0,1,781,5,0,0,0.72,1,2026-08-18 02:41:00
TX006293,CUST01513,1818.12,Debit Card,issuer_declined,3,3,456,0,1,0,0.02,0,2026-08-09 19:11:00
TX006294,CUST00830,1696.35,Debit Card,insufficient_funds,3,0,714,12,0,1,0.37,0,2026-08-29 15:39:00
TX006295,CUST01496,333.31,Debit Card,network_error,1,0,542,12,0,0,0.69,0,2026-08-16 11:35:00
TX006296,CUST02536,2161.87,Credit Card,expired_card,0,1,305,11,0,0,0.47,1,2026-08-05 14:49:00
TX006297,CUST02690,433.05,Net Banking,bank_timeout,2,3,746,13,0,0,0.44,0,2026-08-19 07:05:00
TX006298,CUST01270,352.83,UPI,issuer_declined,0,1,697,16,0,0,0.42,1,2026-08-20 05:24:00
TX006299,CUST02337,775.28,Net Banking,insufficient_funds,0,0,1262,5,0,0,0.63,1,2026-08-08 00:33:00
TX006300,CUST00929,610.46,Debit Card,issuer_declined,0,0,1031,10,1,0,0.4,0,2026-08-10 09:13:00
TX006301,CUST02035,878.66,Wallet,network_error,0,1,142,15,0,0,0.62,1,2026-08-03 12:56:00
TX006302,CUST00475,259.57,UPI,suspicious_transaction,4,3,979,12,0,1,0.02,0,2026-08-16 05:40:00
TX006303,CUST00150,2860.68,Credit Card,issuer_declined,1,2,205,13,0,0,0.23,0,2026-08-15 01:53:00
TX006304,CUST02503,3386.95,Wallet,expired_card,1,2,1389,12,1,0,0.28,0,2026-08-26 05:21:00
TX006305,CUST02024,156.44,Net Banking,bank_timeout,1,1,926,12,0,0,0.66,1,2026-08-18 02:30:00
TX006306,CUST00831,2917.43,Credit Card,authentication_failed,0,1,829,5,0,1,0.29,0,2026-08-29 13:15:00
TX006307,CUST00581,487.59,UPI,insufficient_funds,0,1,892,13,0,0,0.55,1,2026-08-03 00:21:00
TX006308,CUST02002,2583.69,Credit Card,insufficient_funds,1,0,1365,6,0,0,0.57,1,2026-08-12 18:43:00
TX006309,CUST01883,1024.08,Net Banking,insufficient_funds,1,2,962,20,1,0,0.31,0,2026-08-08 04:21:00
TX006310,CUST01618,1128.65,UPI,suspicious_transaction,1,0,401,8,0,0,0.14,0,2026-08-16 10:39:00
TX006311,CUST02978,911.33,Net Banking,bank_timeout,1,2,179,14,0,0,0.53,0,2026-08-20 05:41:00
TX006312,CUST00395,3685.38,Debit Card,network_error,1,0,1185,19,0,0,0.69,1,2026-08-24 08:08:00
TX006313,CUST00291,317.48,Wallet,issuer_declined,1,0,1006,0,0,0,0.44,1,2026-08-18 22:04:00
TX006314,CUST01712,2013.92,Net Banking,bank_timeout,0,0,1326,21,1,0,0.7,1,2026-08-25 08:58:00
TX006315,CUST00817,3298.85,Wallet,expired_card,0,1,1413,5,0,0,0.52,0,2026-08-17 13:39:00
TX006316,CUST01707,2244.73,Wallet,bank_timeout,0,0,28,17,0,0,0.75,0,2026-08-25 00:37:00
TX006317,CUST01577,11211.54,Credit Card,insufficient_funds,1,0,530,1,0,0,0.57,1,2026-08-18 16:32:00
TX006318,CUST00305,646.16,Net Banking,insufficient_funds,1,2,201,6,0,0,0.36,1,2026-08-24 22:43:00
TX006319,CUST01432,2856.36,Credit Card,insufficient_funds,0,0,596,16,0,0,0.63,0,2026-08-15 07:29:00
TX006320,CUST02673,986.25,Net Banking,authentication_failed,5,3,738,16,0,0,0.02,0,2026-08-03 10:25:00
TX006321,CUST00694,3764.63,Debit Card,network_error,0,1,137,6,0,0,0.62,1,2026-08-26 20:29:00
TX006322,CUST02820,1088.23,Credit Card,issuer_declined,0,1,1406,8,0,0,0.42,0,2026-08-29 02:35:00
TX006323,CUST00096,744.06,Debit Card,authentication_failed,0,0,1336,1,0,0,0.45,0,2026-08-07 00:25:00
TX006324,CUST01622,4048.38,UPI,network_error,2,3,1311,16,0,0,0.39,0,2026-08-19 06:55:00
TX006325,CUST01740,670.78,Credit Card,insufficient_funds,0,0,284,16,0,0,0.58,0,2026-08-29 02:15:00
TX006326,CUST02398,267.01,Net Banking,issuer_declined,0,1,497,6,0,0,0.42,0,2026-08-17 00:33:00
TX006327,CUST01622,654.03,Wallet,expired_card,0,1,917,1,0,0,0.52,1,2026-08-06 05:03:00
TX006328,CUST01349,2036.59,UPI,authentication_failed,0,0,245,13,0,0,0.4,0,2026-08-19 10:29:00
TX006329,CUST00755,4411.8,UPI,authentication_failed,0,0,491,11,0,1,0.37,0,2026-08-01 18:06:00
TX006330,CUST01322,1225.53,Net Banking,issuer_declined,0,0,449,20,0,1,0.42,0,2026-08-25 03:43:00
TX006331,CUST02505,4097.77,Net Banking,network_error,2,3,69,4,0,0,0.34,1,2026-08-15 21:32:00
TX006332,CUST00956,281.98,UPI,expired_card,0,1,1310,18,0,0,0.52,1,2026-08-27 06:24:00
TX006333,CUST01580,703.97,UPI,insufficient_funds,0,1,541,7,0,0,0.55,0,2026-08-11 06:43:00
TX006334,CUST01138,821.74,Debit Card,suspicious_transaction,4,0,833,22,0,0,0.02,0,2026-08-30 14:18:00
TX006335,CUST02635,977.93,Net Banking,bank_timeout,0,1,1391,2,1,0,0.62,1,2026-08-12 00:57:00
TX006336,CUST02807,1192.84,Credit Card,bank_timeout,0,0,467,12,0,0,0.8,1,2026-08-11 09:52:00
TX006337,CUST00161,2188.37,Wallet,bank_timeout,1,0,405,10,1,0,0.64,1,2026-08-06 19:44:00
TX006338,CUST00180,702.88,Net Banking,bank_timeout,2,2,1496,16,0,0,0.52,1,2026-08-26 05:38:00
TX006339,CUST01353,1260.2,UPI,expired_card,1,2,1474,17,0,0,0.38,1,2026-08-03 23:12:00
TX006340,CUST01280,1048.25,Credit Card,expired_card,1,1,1082,14,0,0,0.46,0,2026-08-13 00:46:00
TX006341,CUST01584,434.46,Net Banking,suspicious_transaction,5,3,818,16,0,0,0.02,0,2026-08-23 05:18:00
TX006342,CUST00856,978.81,Net Banking,bank_timeout,3,3,1012,9,0,0,0.38,1,2026-08-24 02:24:00
TX006343,CUST02719,949.88,Debit Card,bank_timeout,1,0,762,21,0,0,0.74,0,2026-08-16 08:09:00
TX006344,CUST01427,929.75,Debit Card,bank_timeout,0,1,1288,8,0,1,0.64,1,2026-08-25 18:07:00
TX006345,CUST00184,1132.02,Debit Card,network_error,1,1,1210,20,0,0,0.61,1,2026-08-11 13:49:00
TX006346,CUST00028,1182.84,UPI,insufficient_funds,2,0,1098,0,0,0,0.51,0,2026-08-11 00:24:00
TX006347,CUST02350,711.73,Credit Card,expired_card,2,2,770,14,0,0,0.32,0,2026-08-02 07:29:00
TX006348,CUST02885,3915.56,Debit Card,bank_timeout,0,0,1234,13,0,0,0.8,1,2026-08-24 22:02:00
TX006349,CUST02575,340.54,Wallet,authentication_failed,0,0,1397,6,0,0,0.45,0,2026-08-17 17:02:00
TX006350,CUST00890,533.27,Net Banking,issuer_declined,0,0,1411,12,0,1,0.42,0,2026-08-21 05:01:00
TX006351,CUST02671,17676.01,Wallet,bank_timeout,1,2,635,8,0,0,0.58,1,2026-08-24 10:09:00
TX006352,CUST00764,388.39,Debit Card,insufficient_funds,0,0,1144,14,0,0,0.63,1,2026-08-24 01:26:00
TX006353,CUST02348,283.23,Credit Card,bank_timeout,2,2,1068,15,0,0,0.52,0,2026-08-12 16:41:00
TX006354,CUST01557,2285.81,UPI,insufficient_funds,0,0,787,10,0,1,0.55,1,2026-08-23 17:00:00
TX006355,CUST02260,137.4,Net Banking,network_error,4,0,62,10,0,0,0.46,1,2026-08-09 02:41:00
TX006356,CUST01133,866.73,Net Banking,bank_timeout,4,1,697,23,0,0,0.48,0,2026-08-19 20:47:00
TX006357,CUST01381,9375.22,Credit Card,issuer_declined,1,1,801,14,0,0,0.36,0,2026-08-10 23:07:00
TX006358,CUST00595,233.94,UPI,bank_timeout,1,0,568,10,0,1,0.66,0,2026-08-22 23:00:00
TX006359,CUST02504,151.11,Wallet,suspicious_transaction,3,2,544,22,0,0,0.02,0,2026-08-28 05:13:00
TX006360,CUST02435,244.89,Net Banking,insufficient_funds,1,1,859,4,0,0,0.49,0,2026-08-27 18:52:00
TX006361,CUST02586,2692.86,UPI,insufficient_funds,3,3,225,0,0,0,0.16,0,2026-08-09 23:32:00
TX006362,CUST00926,3377.11,Wallet,insufficient_funds,0,0,312,15,0,0,0.58,1,2026-08-23 06:35:00
TX006363,CUST01293,656.82,Wallet,network_error,2,0,873,4,0,0,0.63,0,2026-08-21 07:23:00
TX006364,CUST00265,2171.58,Wallet,issuer_declined,0,1,905,14,0,0,0.42,1,2026-08-15 09:02:00
TX006365,CUST02521,4403.94,Credit Card,insufficient_funds,1,1,292,20,0,0,0.44,0,2026-08-06 01:33:00
TX006366,CUST00383,6550.83,Wallet,network_error,0,0,1144,7,0,0,0.75,0,2026-08-13 05:15:00
TX006367,CUST00151,857.19,Credit Card,insufficient_funds,2,0,1369,16,0,0,0.51,0,2026-08-25 16:12:00
TX006368,CUST02321,109.79,Net Banking,issuer_declined,1,1,1323,9,1,0,0.26,0,2026-08-15 08:06:00
TX006369,CUST02248,482.57,Debit Card,bank_timeout,0,1,1288,8,0,0,0.72,1,2026-08-22 06:46:00
TX006370,CUST02744,715.65,Debit Card,insufficient_funds,0,1,838,17,0,0,0.55,1,2026-08-30 08:59:00
TX006371,CUST00871,846.46,Wallet,authentication_failed,1,0,410,23,0,0,0.39,1,2026-08-08 21:10:00
TX006372,CUST01619,908.81,Debit Card,authentication_failed,1,2,1302,9,0,0,0.23,0,2026-08-07 15:17:00
TX006373,CUST00098,3357.31,Wallet,issuer_declined,2,1,731,19,0,0,0.3,1,2026-08-15 08:47:00
TX006374,CUST01952,3922.28,Wallet,insufficient_funds,4,2,1458,16,0,0,0.23,0,2026-08-04 14:36:00
TX006375,CUST00688,923.64,UPI,network_error,0,1,57,1,0,1,0.54,1,2026-08-14 00:21:00
TX006376,CUST01748,3289.48,Debit Card,bank_timeout,5,1,311,11,0,0,0.37,1,2026-08-19 21:07:00
TX006377,CUST00628,1568.16,Wallet,suspicious_transaction,2,0,869,13,0,0,0.08,0,2026-08-30 06:04:00
TX006378,CUST02611,1169.7,Net Banking,network_error,0,0,902,1,0,1,0.67,1,2026-08-18 01:17:00
TX006379,CUST02933,2714.99,Debit Card,insufficient_funds,5,1,1040,16,0,0,0.25,0,2026-08-21 14:54:00
TX006380,CUST02276,1178.8,Debit Card,expired_card,1,0,974,20,0,0,0.54,0,2026-08-26 07:38:00
TX006381,CUST01436,8585.34,Net Banking,expired_card,1,2,1474,15,0,0,0.38,0,2026-08-23 04:41:00
TX006382,CUST01348,260.24,Wallet,network_error,0,0,1083,20,0,0,0.75,1,2026-08-22 05:32:00
TX006383,CUST02124,655.13,Debit Card,bank_timeout,1,0,1178,11,0,0,0.74,1,2026-08-09 01:08:00
TX006384,CUST00435,966.31,UPI,suspicious_transaction,2,2,998,22,0,0,0.02,0,2026-08-03 00:40:00
TX006385,CUST01779,1701.82,Debit Card,authentication_failed,1,2,79,1,0,0,0.18,1,2026-08-25 15:55:00
TX006386,CUST01708,3896.99,UPI,suspicious_transaction,0,0,1207,2,1,0,0.1,0,2026-08-14 08:29:00
TX006387,CUST00711,1070.2,Credit Card,insufficient_funds,4,1,914,20,0,0,0.31,1,2026-08-13 12:26:00
TX006388,CUST01933,264.48,UPI,suspicious_transaction,5,3,1404,0,0,0,0.02,0,2026-08-08 03:22:00
TX006389,CUST02558,2546.6,Credit Card,insufficient_funds,1,0,795,4,1,1,0.39,0,2026-08-14 03:46:00
TX006390,CUST00580,2333.11,UPI,issuer_declined,1,1,896,7,1,0,0.26,0,2026-08-06 23:05:00
TX006391,CUST02058,157.3,UPI,bank_timeout,0,0,1205,12,0,0,0.8,1,2026-08-27 20:18:00
TX006392,CUST00283,1092.47,Credit Card,network_error,4,1,1380,13,0,0,0.43,0,2026-08-21 07:49:00
TX006393,CUST02151,223.6,Wallet,authentication_failed,1,0,609,10,0,0,0.39,0,2026-08-23 16:20:00
TX006394,CUST02187,564.17,UPI,network_error,0,0,1007,4,0,0,0.75,1,2026-08-30 06:25:00
TX006395,CUST00922,444.61,Wallet,bank_timeout,1,1,655,9,1,0,0.56,1,2026-08-03 06:07:00
TX006396,CUST01526,2463.32,Debit Card,issuer_declined,0,1,1412,9,0,0,0.42,1,2026-08-06 03:11:00
TX006397,CUST00826,1232.54,Net Banking,suspicious_transaction,1,1,71,5,0,0,0.02,0,2026-08-06 08:06:00
TX006398,CUST01137,303.2,UPI,bank_timeout,1,0,967,17,0,0,0.74,1,2026-08-17 05:08:00
TX006399,CUST00835,2644.05,Net Banking,authentication_failed,0,1,623,10,0,0,0.37,0,2026-08-17 19:50:00
TX006400,CUST00944,261.44,Net Banking,bank_timeout,0,1,1410,18,0,0,0.72,1,2026-08-15 05:08:00
TX006401,CUST01123,1525.56,Wallet,suspicious_transaction,2,0,335,5,0,0,0.03,0,2026-08-14 04:52:00
TX006402,CUST02660,485.89,Credit Card,insufficient_funds,0,0,124,18,1,0,0.48,1,2026-08-24 06:05:00
TX006403,CUST01531,760.76,Credit Card,authentication_failed,2,0,276,19,0,1,0.2,0,2026-08-17 03:21:00
TX006404,CUST00967,1815.78,Wallet,suspicious_transaction,2,3,46,13,0,1,0.02,0,2026-08-23 11:39:00
TX006405,CUST01104,1847.24,Wallet,insufficient_funds,2,1,878,7,0,0,0.43,1,2026-08-19 02:23:00
TX006406,CUST00284,4175.42,UPI,issuer_declined,3,1,229,17,0,0,0.19,0,2026-08-23 01:04:00
TX006407,CUST02495,1010.04,Debit Card,suspicious_transaction,0,1,212,10,0,0,0.07,0,2026-08-03 18:17:00
TX006408,CUST00994,1489.88,Debit Card,insufficient_funds,2,1,945,0,0,1,0.35,0,2026-08-02 19:14:00
TX006409,CUST00239,707.87,Wallet,bank_timeout,2,2,502,14,0,0,0.52,1,2026-08-12 22:16:00
TX006410,CUST00025,1315.52,Wallet,expired_card,1,1,1183,14,0,0,0.46,0,2026-08-06 08:19:00
TX006411,CUST01485,1701.88,Debit Card,issuer_declined,5,0,863,9,0,0,0.2,0,2026-08-25 01:30:00
TX006412,CUST00535,993.95,Wallet,insufficient_funds,0,1,4,1,0,0,0.5,1,2026-08-26 03:05:00
TX006413,CUST02246,180.59,Net Banking,insufficient_funds,0,1,1496,11,0,1,0.47,0,2026-08-25 15:53:00
TX006414,CUST02240,1527.63,Net Banking,authentication_failed,1,2,397,1,0,0,0.23,0,2026-08-22 13:02:00
TX006415,CUST02250,1579.02,Net Banking,authentication_failed,0,1,1136,8,1,0,0.27,0,2026-08-02 16:25:00
TX006416,CUST03000,555.48,Wallet,bank_timeout,0,0,836,9,0,1,0.72,1,2026-08-23 05:08:00
TX006417,CUST00705,303.57,Wallet,suspicious_transaction,0,0,1213,20,0,1,0.12,0,2026-08-09 06:19:00
TX006418,CUST02061,4797.64,Credit Card,insufficient_funds,0,0,362,13,0,0,0.58,0,2026-08-07 23:50:00
TX006419,CUST02291,1792.64,UPI,issuer_declined,0,0,348,23,0,0,0.45,0,2026-08-21 02:24:00
TX006420,CUST01896,872.11,Credit Card,insufficient_funds,1,0,707,14,0,0,0.57,0,2026-08-25 04:13:00
TX006421,CUST00439,351.77,Credit Card,issuer_declined,0,0,305,10,0,1,0.37,1,2026-08-05 00:50:00
TX006422,CUST02210,482.12,UPI,authentication_failed,3,1,34,15,0,0,0.14,0,2026-08-26 13:16:00
TX006423,CUST02693,4034.31,UPI,suspicious_transaction,0,0,341,2,0,0,0.15,0,2026-08-19 21:37:00
TX006424,CUST01435,1258.48,Credit Card,suspicious_transaction,0,0,65,14,0,0,0.15,0,2026-08-03 03:26:00
TX006425,CUST02972,632.33,Debit Card,network_error,0,0,137,19,0,0,0.7,1,2026-08-02 06:43:00
TX006426,CUST02092,1825.65,Debit Card,expired_card,0,0,662,0,0,0,0.6,1,2026-08-08 08:30:00
TX006427,CUST02972,485.71,Debit Card,bank_timeout,0,0,1032,14,0,0,0.8,1,2026-08-24 17:23:00
TX006428,CUST00745,4918.91,Net Banking,insufficient_funds,0,0,1207,15,0,1,0.55,0,2026-08-05 07:26:00
TX006429,CUST01165,4242.04,Wallet,suspicious_transaction,1,0,1230,2,1,0,0.04,0,2026-08-12 15:25:00
TX006430,CUST01563,687.75,Wallet,insufficient_funds,5,3,652,13,1,0,0.02,0,2026-08-14 11:08:00
TX006431,CUST02210,584.83,Credit Card,issuer_declined,1,0,958,10,0,0,0.44,0,2026-08-14 16:57:00
TX006432,CUST01938,100.0,Wallet,suspicious_transaction,2,2,376,7,0,0,0.02,0,2026-08-15 00:16:00
TX006433,CUST01952,249.24,Debit Card,bank_timeout,2,0,992,17,0,0,0.68,1,2026-08-30 10:21:00
TX006434,CUST01545,287.3,Debit Card,authentication_failed,5,2,1081,10,0,1,0.02,0,2026-08-16 22:32:00
TX006435,CUST01845,1255.38,Net Banking,bank_timeout,5,3,925,11,0,0,0.26,0,2026-08-06 23:56:00
TX006436,CUST01892,791.37,UPI,bank_timeout,2,3,212,1,0,0,0.39,1,2026-08-01 22:53:00
TX006437,CUST01937,285.62,Credit Card,suspicious_transaction,2,1,1151,12,0,0,0.02,0,2026-08-29 08:02:00
TX006438,CUST01913,827.85,Wallet,bank_timeout,2,3,239,13,0,1,0.31,0,2026-08-12 04:00:00
TX006439,CUST01068,1817.72,Net Banking,issuer_declined,0,1,610,16,1,0,0.32,1,2026-08-27 21:13:00
TX006440,CUST01074,1859.08,Debit Card,insufficient_funds,1,1,817,5,0,0,0.49,0,2026-08-05 08:36:00
TX006441,CUST02397,164.08,Wallet,bank_timeout,2,1,387,8,0,0,0.6,0,2026-08-04 14:46:00
TX006442,CUST01307,964.62,Debit Card,authentication_failed,1,2,327,14,0,0,0.18,0,2026-08-09 15:45:00
TX006443,CUST01514,274.97,Wallet,expired_card,4,3,241,12,1,1,0.02,0,2026-08-12 00:52:00
TX006444,CUST02758,2701.95,Net Banking,insufficient_funds,0,1,1349,19,0,0,0.55,1,2026-08-27 08:30:00
TX006445,CUST00679,2402.21,Wallet,authentication_failed,0,0,924,15,0,0,0.45,1,2026-08-03 08:35:00
TX006446,CUST02483,446.74,UPI,authentication_failed,4,2,54,18,0,0,0.02,0,2026-08-18 23:15:00
TX006447,CUST00016,509.77,Debit Card,authentication_failed,3,3,1059,18,1,0,0.02,0,2026-08-17 12:54:00
TX006448,CUST01515,691.41,Credit Card,authentication_failed,1,2,933,6,0,0,0.23,1,2026-08-30 23:44:00
TX006449,CUST00046,115.26,Debit Card,authentication_failed,1,0,550,3,0,0,0.39,0,2026-08-23 13:33:00
TX006450,CUST01835,1534.51,Credit Card,bank_timeout,1,2,902,7,1,0,0.48,1,2026-08-11 05:02:00
TX006451,CUST00798,834.77,UPI,bank_timeout,1,1,255,16,0,0,0.61,1,2026-08-25 00:58:00
TX006452,CUST01527,2893.36,Debit Card,bank_timeout,0,0,922,23,0,0,0.8,1,2026-08-16 16:17:00
TX006453,CUST01550,365.62,Debit Card,bank_timeout,2,0,663,23,0,1,0.6,1,2026-08-26 05:55:00
TX006454,CUST02110,590.45,Credit Card,authentication_failed,0,0,114,2,0,0,0.4,0,2026-08-05 21:27:00
TX006455,CUST01306,243.1,Credit Card,insufficient_funds,3,0,991,21,0,0,0.45,0,2026-08-27 01:23:00
TX006456,CUST01495,401.7,Net Banking,issuer_declined,1,2,1036,13,0,0,0.28,0,2026-08-17 17:16:00
TX006457,CUST00065,336.3,UPI,insufficient_funds,1,0,868,10,0,0,0.57,0,2026-08-30 06:42:00
TX006458,CUST02901,2968.98,Wallet,issuer_declined,1,2,432,3,0,0,0.28,1,2026-08-29 19:12:00
TX006459,CUST02285,545.52,UPI,network_error,1,0,468,10,0,1,0.61,0,2026-08-27 21:33:00
TX006460,CUST02821,1241.62,Credit Card,expired_card,0,0,992,13,0,0,0.6,1,2026-08-24 05:08:00
TX006461,CUST00983,749.37,Net Banking,authentication_failed,5,3,139,20,0,1,0.02,0,2026-08-16 12:47:00
TX006462,CUST02822,308.13,UPI,authentication_failed,0,1,1175,6,0,0,0.37,0,2026-08-25 09:01:00
TX006463,CUST00654,926.76,Net Banking,issuer_declined,0,0,553,21,0,0,0.5,1,2026-08-24 13:12:00
TX006464,CUST02138,1996.4,Debit Card,expired_card,3,0,116,16,0,0,0.37,1,2026-08-20 21:00:00
TX006465,CUST01548,327.75,Credit Card,issuer_declined,1,0,1040,2,0,0,0.44,1,2026-08-03 18:37:00
TX006466,CUST00040,2462.94,Net Banking,suspicious_transaction,0,1,674,9,0,1,0.04,0,2026-08-18 21:58:00
TX006467,CUST02437,468.85,Wallet,bank_timeout,1,2,280,4,0,0,0.53,1,2026-08-28 19:10:00
TX006468,CUST02782,676.56,Credit Card,issuer_declined,1,1,1319,21,0,1,0.28,1,2026-08-29 10:37:00
TX006469,CUST02185,1864.38,Net Banking,bank_timeout,0,0,253,10,0,0,0.75,0,2026-08-18 18:33:00
TX006470,CUST01375,564.85,Credit Card,bank_timeout,1,2,20,12,0,0,0.53,0,2026-08-20 20:31:00
TX006471,CUST01464,1138.62,Net Banking,issuer_declined,0,1,377,20,0,0,0.42,1,2026-08-03 19:54:00
TX006472,CUST00881,800.56,Net Banking,issuer_declined,4,1,869,9,0,0,0.18,1,2026-08-04 13:57:00
TX006473,CUST02879,1248.09,Credit Card,issuer_declined,1,1,886,20,0,1,0.28,0,2026-08-07 04:44:00
TX006474,CUST00497,101.42,Credit Card,suspicious_transaction,5,0,507,18,0,0,0.02,0,2026-08-27 21:24:00
TX006475,CUST02873,175.97,UPI,bank_timeout,2,1,1182,14,0,0,0.6,1,2026-08-01 17:51:00
TX006476,CUST02029,2030.36,UPI,network_error,1,0,750,0,0,0,0.69,1,2026-08-19 18:47:00
TX006477,CUST02128,3093.88,Wallet,issuer_declined,1,2,289,15,0,0,0.23,0,2026-08-14 11:43:00
TX006478,CUST02009,441.21,Credit Card,bank_timeout,0,1,235,18,0,0,0.67,1,2026-08-26 17:49:00
TX006479,CUST01783,859.17,Wallet,issuer_declined,0,1,1407,12,1,1,0.24,0,2026-08-25 17:35:00
TX006480,CUST00380,1472.5,Net Banking,insufficient_funds,1,1,1200,18,0,0,0.49,1,2026-08-09 10:22:00
TX006481,CUST02647,2193.42,Wallet,bank_timeout,0,0,558,15,1,1,0.62,1,2026-08-30 22:40:00
TX006482,CUST01522,144.36,Debit Card,suspicious_transaction,2,2,962,3,0,1,0.02,0,2026-08-05 00:19:00
TX006483,CUST01569,452.13,Wallet,bank_timeout,0,0,553,4,0,0,0.8,1,2026-08-20 22:15:00
TX006484,CUST01605,786.36,Net Banking,suspicious_transaction,0,0,1183,3,0,0,0.2,0,2026-08-27 02:35:00
TX006485,CUST00210,2215.29,Debit Card,insufficient_funds,0,0,1196,20,0,0,0.63,1,2026-08-19 23:57:00
TX006486,CUST01211,13338.77,UPI,bank_timeout,1,0,476,23,0,0,0.74,1,2026-08-20 05:38:00
TX006487,CUST00439,873.05,Net Banking,expired_card,1,1,1005,7,0,1,0.38,0,2026-08-12 03:59:00
TX006488,CUST02041,268.55,UPI,suspicious_transaction,0,0,1152,11,1,0,0.1,0,2026-08-19 04:31:00
TX006489,CUST01017,1639.7,Debit Card,bank_timeout,0,1,1253,16,0,0,0.72,1,2026-08-06 02:12:00
TX006490,CUST01950,4109.25,Debit Card,suspicious_transaction,2,0,1431,0,1,0,0.02,0,2026-08-27 22:41:00
TX006491,CUST02725,1221.72,Credit Card,issuer_declined,1,1,192,4,0,0,0.31,1,2026-08-17 10:01:00
TX006492,CUST00982,442.9,Credit Card,suspicious_transaction,1,2,277,21,0,0,0.02,0,2026-08-06 15:48:00
TX006493,CUST00632,2858.33,Credit Card,insufficient_funds,0,0,1344,17,0,0,0.63,0,2026-08-03 01:27:00
TX006494,CUST00227,2129.29,Net Banking,issuer_declined,2,3,337,17,0,0,0.09,0,2026-08-11 04:19:00
TX006495,CUST02706,393.04,Net Banking,issuer_declined,4,1,655,12,0,0,0.18,0,2026-08-07 14:56:00
TX006496,CUST01171,1605.88,Net Banking,bank_timeout,0,1,587,15,0,0,0.72,1,2026-08-10 23:31:00
TX006497,CUST01249,2972.82,Credit Card,bank_timeout,0,0,370,4,0,0,0.8,1,2026-08-23 16:55:00
TX006498,CUST02665,3575.61,Debit Card,insufficient_funds,0,1,1376,2,0,0,0.55,0,2026-08-24 02:00:00
TX006499,CUST02849,1026.13,UPI,network_error,1,0,1472,23,0,0,0.69,1,2026-08-07 11:23:00
TX006500,CUST01147,766.57,UPI,network_error,0,1,464,11,0,0,0.67,1,2026-08-24 08:03:00
TX006501,CUST02851,3741.62,Wallet,issuer_declined,0,0,1206,15,0,0,0.5,1,2026-08-02 05:00:00
TX006502,CUST02483,326.96,Credit Card,expired_card,0,1,1093,11,0,0,0.52,1,2026-08-13 06:30:00
TX006503,CUST02434,1700.33,Debit Card,issuer_declined,2,1,1230,20,0,0,0.3,1,2026-08-26 14:01:00
TX006504,CUST00771,278.65,Credit Card,network_error,0,1,1092,6,0,0,0.67,1,2026-08-21 08:40:00
TX006505,CUST02613,3182.35,Credit Card,insufficient_funds,0,0,1217,6,0,1,0.55,0,2026-08-18 17:19:00
TX006506,CUST01352,847.21,Credit Card,bank_timeout,3,3,517,11,0,0,0.38,0,2026-08-21 05:51:00
TX006507,CUST01442,3899.42,Net Banking,bank_timeout,1,1,192,11,0,1,0.53,0,2026-08-11 11:12:00
TX006508,CUST00928,1792.58,Credit Card,issuer_declined,0,1,690,0,0,0,0.42,0,2026-08-06 03:41:00
TX006509,CUST00226,322.72,Credit Card,network_error,0,0,904,6,0,0,0.75,0,2026-08-29 21:37:00
TX006510,CUST02684,4557.95,Credit Card,bank_timeout,0,1,468,17,0,0,0.72,1,2026-08-02 18:56:00
TX006511,CUST01626,5173.19,Wallet,issuer_declined,5,3,863,7,1,0,0.02,0,2026-08-19 19:16:00
TX006512,CUST01163,2649.92,Wallet,suspicious_transaction,0,0,1219,23,0,0,0.2,0,2026-08-20 12:48:00
TX006513,CUST02297,512.04,UPI,insufficient_funds,1,1,1176,2,1,1,0.31,0,2026-08-24 21:58:00
TX006514,CUST01251,807.53,Wallet,expired_card,1,0,656,0,0,0,0.54,0,2026-08-17 19:09:00
TX006515,CUST00780,1268.29,Credit Card,expired_card,0,1,1026,23,0,0,0.52,0,2026-08-03 12:16:00
TX006516,CUST02855,542.56,UPI,authentication_failed,2,0,812,10,0,0,0.33,1,2026-08-18 20:11:00
TX006517,CUST02495,5957.14,UPI,authentication_failed,1,1,779,9,0,0,0.31,0,2026-08-16 10:13:00
TX006518,CUST00382,1266.9,Net Banking,issuer_declined,2,2,846,10,0,0,0.22,0,2026-08-18 01:26:00
TX006519,CUST02437,100.0,Net Banking,insufficient_funds,0,0,107,16,1,0,0.48,1,2026-08-09 12:36:00
TX006520,CUST00657,1539.72,Net Banking,bank_timeout,0,1,1352,6,0,1,0.64,0,2026-08-13 04:03:00
TX006521,CUST02539,774.21,Net Banking,issuer_declined,3,0,748,6,0,0,0.32,0,2026-08-11 02:06:00
TX006522,CUST00414,1017.47,Credit Card,expired_card,0,1,331,16,0,0,0.47,1,2026-08-20 03:45:00
TX006523,CUST00511,758.53,Net Banking,bank_timeout,0,1,304,23,0,0,0.67,1,2026-08-10 09:54:00
TX006524,CUST02919,2457.86,Wallet,bank_timeout,0,0,81,3,0,0,0.75,1,2026-08-19 21:15:00
TX006525,CUST00193,3359.97,Wallet,insufficient_funds,1,2,988,21,1,0,0.31,0,2026-08-02 12:40:00
TX006526,CUST02383,1455.42,Net Banking,expired_card,4,3,874,21,0,0,0.12,1,2026-08-28 11:06:00
TX006527,CUST01270,781.09,Debit Card,bank_timeout,1,2,1295,8,0,0,0.58,1,2026-08-11 20:22:00
TX006528,CUST00674,1052.23,Net Banking,bank_timeout,3,3,1422,5,0,0,0.38,0,2026-08-18 04:53:00
TX006529,CUST00625,1118.34,Credit Card,issuer_declined,0,1,763,1,0,0,0.42,1,2026-08-12 19:25:00
TX006530,CUST02108,491.55,Credit Card,bank_timeout,4,2,1191,6,0,1,0.32,0,2026-08-19 02:58:00
TX006531,CUST00335,1956.53,Net Banking,network_error,1,2,1458,12,0,1,0.45,0,2026-08-22 04:03:00
TX006532,CUST00667,1737.22,Credit Card,authentication_failed,1,1,763,17,0,0,0.31,1,2026-08-06 09:55:00
TX006533,CUST01819,5117.6,UPI,bank_timeout,0,0,13,4,0,0,0.75,1,2026-08-06 18:10:00
TX006534,CUST00710,3848.16,Credit Card,suspicious_transaction,0,1,1085,13,0,0,0.12,0,2026-08-30 21:09:00
TX006535,CUST00538,552.43,Credit Card,authentication_failed,3,1,296,13,0,1,0.06,0,2026-08-13 12:01:00
TX006536,CUST00579,2490.65,Credit Card,authentication_failed,0,1,692,14,0,1,0.29,0,2026-08-05 21:59:00
TX006537,CUST02590,423.71,Credit Card,issuer_declined,0,1,488,9,0,1,0.34,1,2026-08-29 02:07:00
TX006538,CUST02198,2199.38,Wallet,suspicious_transaction,3,0,510,22,1,0,0.02,0,2026-08-20 15:47:00
TX006539,CUST02118,654.18,UPI,network_error,0,1,1362,23,0,0,0.67,1,2026-08-06 01:10:00
TX006540,CUST02580,394.16,UPI,insufficient_funds,3,3,235,4,0,0,0.16,0,2026-08-18 02:19:00
TX006541,CUST02631,1451.05,Wallet,issuer_declined,1,1,775,13,0,0,0.36,1,2026-08-20 16:57:00
TX006542,CUST01506,100.0,Wallet,expired_card,1,0,375,17,0,0,0.54,0,2026-08-14 12:51:00
TX006543,CUST01682,190.38,Wallet,suspicious_transaction,0,0,681,22,0,0,0.2,0,2026-08-14 09:36:00
TX006544,CUST01208,918.29,Net Banking,expired_card,5,0,98,3,0,0,0.25,0,2026-08-17 11:27:00
TX006545,CUST00653,1190.87,Wallet,bank_timeout,1,2,541,5,0,1,0.5,1,2026-08-17 16:31:00
TX006546,CUST00932,758.0,Debit Card,bank_timeout,1,2,127,10,0,0,0.53,1,2026-08-23 12:38:00
TX006547,CUST01862,226.01,Wallet,insufficient_funds,3,0,298,23,0,0,0.4,1,2026-08-10 03:17:00
TX006548,CUST00200,484.01,Net Banking,insufficient_funds,2,0,1305,2,0,1,0.43,1,2026-08-09 21:05:00
TX006549,CUST00740,1621.67,Credit Card,insufficient_funds,0,1,759,10,1,0,0.45,0,2026-08-23 02:19:00
TX006550,CUST00503,1962.12,Wallet,bank_timeout,0,0,1221,17,0,0,0.8,1,2026-08-20 15:44:00
TX006551,CUST01594,1078.99,Net Banking,authentication_failed,0,1,288,20,0,0,0.32,1,2026-08-20 04:45:00
TX006552,CUST01322,3487.13,UPI,issuer_declined,0,1,654,8,0,0,0.42,0,2026-08-13 09:43:00
TX006553,CUST00673,1631.73,UPI,network_error,0,0,483,17,0,0,0.75,0,2026-08-23 10:15:00
TX006554,CUST00244,519.33,UPI,bank_timeout,1,1,709,1,0,0,0.66,0,2026-08-29 11:12:00
TX006555,CUST01945,828.4,Net Banking,issuer_declined,0,0,382,6,0,0,0.5,0,2026-08-09 19:27:00
TX006556,CUST02674,269.65,Credit Card,insufficient_funds,4,1,12,6,0,0,0.26,1,2026-08-02 18:37:00
TX006557,CUST02581,984.23,Net Banking,bank_timeout,0,0,811,13,0,1,0.72,1,2026-08-28 17:07:00
TX006558,CUST02633,3334.58,Net Banking,insufficient_funds,0,0,551,12,0,1,0.55,1,2026-08-27 22:19:00
TX006559,CUST00969,2176.1,UPI,insufficient_funds,0,0,561,8,0,0,0.63,0,2026-08-18 16:37:00
TX006560,CUST00350,4456.01,Debit Card,expired_card,0,1,1249,22,0,0,0.52,0,2026-08-07 08:15:00
TX006561,CUST01329,810.07,Debit Card,authentication_failed,0,1,220,19,0,0,0.32,0,2026-08-02 23:28:00
TX006562,CUST02136,4213.71,Wallet,bank_timeout,0,0,852,7,0,0,0.8,1,2026-08-18 07:48:00
TX006563,CUST00321,903.88,Net Banking,insufficient_funds,0,0,509,12,0,0,0.63,0,2026-08-25 07:22:00
TX006564,CUST00128,4777.08,Debit Card,expired_card,0,1,528,8,0,0,0.52,1,2026-08-19 10:37:00
TX006565,CUST01237,1072.92,Wallet,suspicious_transaction,0,0,673,5,0,0,0.2,1,2026-08-28 20:41:00
TX006566,CUST00448,2224.38,Debit Card,insufficient_funds,0,0,1291,15,0,0,0.63,1,2026-08-20 23:21:00
TX006567,CUST02679,4793.96,Wallet,suspicious_transaction,0,0,1371,23,0,0,0.2,1,2026-08-16 15:43:00
TX006568,CUST01801,903.77,UPI,issuer_declined,0,0,303,8,0,0,0.45,0,2026-08-04 01:06:00
TX006569,CUST01279,1364.29,Net Banking,bank_timeout,0,1,1247,12,0,1,0.64,0,2026-08-01 19:58:00
TX006570,CUST02761,3979.31,UPI,bank_timeout,0,1,1271,14,0,0,0.72,1,2026-08-30 08:43:00
TX006571,CUST01823,960.06,UPI,expired_card,1,1,1358,0,1,0,0.36,1,2026-08-15 03:02:00
TX006572,CUST01788,292.69,Net Banking,bank_timeout,0,1,132,4,0,1,0.59,0,2026-08-07 03:59:00
TX006573,CUST02056,9348.84,UPI,bank_timeout,3,2,367,4,0,0,0.46,0,2026-08-23 17:11:00
TX006574,CUST01176,685.56,Net Banking,insufficient_funds,1,0,432,13,0,1,0.49,1,2026-08-25 13:24:00
TX006575,CUST00090,1285.31,Debit Card,issuer_declined,0,1,1405,17,0,0,0.42,0,2026-08-30 12:52:00
TX006576,CUST00550,3484.25,Net Banking,suspicious_transaction,0,0,915,3,0,0,0.2,1,2026-08-09 05:12:00
TX006577,CUST02499,596.75,UPI,suspicious_transaction,0,1,139,18,0,0,0.07,0,2026-08-08 15:56:00
TX006578,CUST01537,400.27,Credit Card,bank_timeout,0,1,1199,8,0,0,0.72,1,2026-08-24 05:58:00
TX006579,CUST00656,1413.38,Wallet,issuer_declined,3,1,223,18,0,0,0.19,0,2026-08-07 02:17:00
TX006580,CUST00681,182.53,Wallet,bank_timeout,4,2,380,7,1,0,0.3,0,2026-08-22 23:42:00
TX006581,CUST02384,822.29,Net Banking,expired_card,3,0,528,19,0,0,0.42,0,2026-08-24 05:12:00
TX006582,CUST02692,1401.14,Credit Card,bank_timeout,3,1,36,12,0,0,0.49,1,2026-08-16 13:37:00
TX006583,CUST01270,837.19,Credit Card,network_error,0,1,711,20,1,0,0.57,0,2026-08-26 15:42:00
TX006584,CUST00857,234.29,Wallet,insufficient_funds,1,2,554,6,1,0,0.31,0,2026-08-04 15:34:00
TX006585,CUST01077,5400.13,Wallet,insufficient_funds,2,1,905,6,1,1,0.25,1,2026-08-05 14:43:00
TX006586,CUST02184,1216.26,Wallet,authentication_failed,0,1,1305,19,0,0,0.37,1,2026-08-26 23:24:00
TX006587,CUST00606,4587.78,Debit Card,bank_timeout,0,0,1045,0,1,0,0.7,0,2026-08-22 03:10:00
TX006588,CUST00991,845.53,Credit Card,authentication_failed,0,1,752,20,0,0,0.37,0,2026-08-07 20:10:00
TX006589,CUST00304,454.86,Wallet,suspicious_transaction,1,0,883,13,0,0,0.14,1,2026-08-16 05:04:00
TX006590,CUST01744,1435.37,Debit Card,authentication_failed,0,0,103,4,0,0,0.4,1,2026-08-04 03:00:00
TX006591,CUST01863,883.78,Credit Card,network_error,0,0,1383,19,0,0,0.75,1,2026-08-10 13:25:00
TX006592,CUST02782,337.73,UPI,expired_card,1,1,193,2,0,0,0.41,1,2026-08-13 16:45:00
TX006593,CUST02927,4768.49,Credit Card,expired_card,0,1,1181,5,0,0,0.52,0,2026-08-14 10:17:00
TX006594,CUST02770,588.59,Debit Card,expired_card,0,1,846,17,0,0,0.52,1,2026-08-19 17:02:00
TX006595,CUST00511,174.12,UPI,insufficient_funds,1,2,102,2,0,0,0.36,1,2026-08-22 15:03:00
TX006596,CUST00946,4138.82,Net Banking,insufficient_funds,1,1,659,11,0,0,0.49,0,2026-08-28 16:33:00
TX006597,CUST01377,662.29,Debit Card,insufficient_funds,1,0,544,2,0,0,0.57,0,2026-08-04 06:26:00
TX006598,CUST01901,597.15,Net Banking,suspicious_transaction,5,1,1329,15,0,0,0.02,0,2026-08-27 19:45:00
TX006599,CUST02926,187.66,UPI,issuer_declined,0,0,248,5,0,0,0.45,1,2026-08-03 02:48:00
TX006600,CUST00125,6253.78,Wallet,insufficient_funds,1,0,1280,18,0,0,0.57,0,2026-08-24 19:01:00
TX006601,CUST01772,302.03,UPI,bank_timeout,0,0,390,10,0,1,0.72,1,2026-08-04 21:24:00
TX006602,CUST00233,1162.64,Wallet,bank_timeout,0,1,1471,10,0,0,0.72,1,2026-08-28 15:52:00
TX006603,CUST01475,2731.54,Wallet,authentication_failed,0,1,660,7,0,0,0.37,0,2026-08-06 03:57:00
TX006604,CUST02540,1671.9,Net Banking,issuer_declined,2,0,19,6,0,0,0.33,1,2026-08-16 15:48:00
TX006605,CUST01960,1033.13,UPI,insufficient_funds,0,0,1497,14,0,0,0.63,1,2026-08-20 10:08:00
TX006606,CUST02157,200.0,Credit Card,insufficient_funds,0,1,813,8,0,0,0.55,0,2026-08-21 09:34:00
TX006607,CUST01436,487.98,Credit Card,bank_timeout,3,1,841,13,0,0,0.54,1,2026-08-09 07:31:00
TX006608,CUST01944,1323.19,Debit Card,insufficient_funds,0,0,361,11,0,0,0.58,0,2026-08-16 16:56:00
TX006609,CUST00831,499.11,Wallet,network_error,1,1,925,8,1,0,0.51,0,2026-08-16 04:33:00
TX006610,CUST02259,1343.94,Net Banking,network_error,0,1,1184,5,0,0,0.67,1,2026-08-08 16:50:00
TX006611,CUST02170,2168.4,Credit Card,authentication_failed,2,1,562,0,0,0,0.25,1,2026-08-24 17:33:00
TX006612,CUST02392,2871.25,UPI,bank_timeout,3,2,399,19,0,0,0.46,0,2026-08-02 15:34:00
TX006613,CUST00439,321.76,UPI,bank_timeout,3,1,1171,9,1,0,0.44,0,2026-08-27 19:44:00
TX006614,CUST00230,9863.99,UPI,authentication_failed,0,0,905,15,0,0,0.45,0,2026-08-05 10:36:00
TX006615,CUST02324,2362.51,Credit Card,suspicious_transaction,0,1,1160,11,0,0,0.12,0,2026-08-20 10:06:00
TX006616,CUST02868,1094.75,Net Banking,bank_timeout,2,2,1276,2,1,0,0.42,0,2026-08-11 03:51:00
TX006617,CUST01223,3260.18,Net Banking,expired_card,2,3,849,4,0,0,0.24,0,2026-08-18 17:10:00
TX006618,CUST01807,11677.37,Wallet,bank_timeout,0,1,301,3,0,0,0.67,1,2026-08-26 05:45:00
TX006619,CUST00720,260.16,UPI,expired_card,2,1,991,19,0,0,0.4,1,2026-08-24 08:18:00
TX006620,CUST02665,875.45,Debit Card,suspicious_transaction,0,0,1092,15,0,0,0.2,0,2026-08-18 14:44:00
TX006621,CUST00782,101.65,Debit Card,insufficient_funds,2,1,199,2,1,0,0.28,0,2026-08-28 20:32:00
TX006622,CUST00739,1329.62,Debit Card,insufficient_funds,1,1,836,9,0,0,0.49,1,2026-08-25 09:55:00
TX006623,CUST00453,1580.34,Debit Card,suspicious_transaction,0,1,1025,5,0,0,0.12,0,2026-08-07 14:41:00
TX006624,CUST02551,1054.52,UPI,network_error,5,0,1060,9,0,0,0.45,1,2026-08-14 12:50:00
TX006625,CUST00138,569.9,Net Banking,bank_timeout,2,0,1466,3,0,0,0.68,1,2026-08-05 15:47:00
TX006626,CUST02000,141.24,Wallet,authentication_failed,1,1,1141,2,0,0,0.31,1,2026-08-21 13:20:00
TX006627,CUST02853,1593.25,UPI,bank_timeout,2,1,1011,10,0,0,0.6,0,2026-08-10 07:19:00
TX006628,CUST01744,4700.55,UPI,authentication_failed,2,1,73,9,1,0,0.1,0,2026-08-12 08:58:00
TX006629,CUST00667,607.27,Credit Card,bank_timeout,0,0,1316,22,0,0,0.8,0,2026-08-26 14:56:00
TX006630,CUST02552,1702.85,UPI,network_error,2,1,54,15,0,0,0.5,1,2026-08-28 06:55:00
TX006631,CUST02885,228.57,Net Banking,insufficient_funds,0,1,1208,13,0,0,0.55,1,2026-08-18 07:53:00
TX006632,CUST00710,1732.31,Net Banking,issuer_declined,0,1,132,13,0,0,0.37,0,2026-08-17 13:07:00
TX006633,CUST02379,739.98,Net Banking,bank_timeout,0,0,228,4,0,0,0.75,0,2026-08-04 21:03:00
TX006634,CUST01452,511.62,UPI,network_error,2,0,1243,12,0,0,0.63,1,2026-08-20 12:22:00
TX006635,CUST01946,512.67,Credit Card,authentication_failed,4,1,1135,8,0,0,0.13,0,2026-08-05 04:46:00
TX006636,CUST01833,739.81,Wallet,authentication_failed,0,1,1110,11,0,0,0.37,1,2026-08-19 13:21:00
TX006637,CUST00434,1607.5,Credit Card,network_error,1,1,510,15,1,0,0.51,0,2026-08-23 20:32:00
TX006638,CUST01869,295.25,Net Banking,bank_timeout,2,2,1078,20,0,0,0.52,0,2026-08-23 10:06:00
TX006639,CUST02273,737.22,UPI,suspicious_transaction,0,1,1221,16,0,0,0.12,0,2026-08-26 14:42:00
TX006640,CUST00315,1052.08,Wallet,insufficient_funds,2,1,860,16,0,0,0.43,1,2026-08-15 09:14:00
TX006641,CUST00278,365.39,UPI,authentication_failed,0,1,137,0,0,1,0.24,1,2026-08-07 20:48:00
TX006642,CUST01963,6612.16,Net Banking,issuer_declined,1,1,392,19,0,0,0.36,1,2026-08-23 08:11:00
TX006643,CUST01753,467.08,Net Banking,issuer_declined,2,3,629,5,0,0,0.14,0,2026-08-10 15:14:00
TX006644,CUST00114,561.47,UPI,issuer_declined,0,0,697,21,0,0,0.5,0,2026-08-11 21:26:00
TX006645,CUST01158,412.28,UPI,suspicious_transaction,1,2,832,4,0,0,0.02,0,2026-08-22 21:11:00
TX006646,CUST02165,6624.17,Debit Card,insufficient_funds,0,1,787,8,0,0,0.55,1,2026-08-02 01:28:00
TX006647,CUST01642,1906.27,Net Banking,issuer_declined,2,1,1256,22,0,0,0.3,0,2026-08-06 08:31:00
TX006648,CUST00829,429.84,Debit Card,authentication_failed,0,0,156,21,0,0,0.4,0,2026-08-04 06:20:00
TX006649,CUST00240,3315.06,Net Banking,expired_card,3,2,1407,0,0,0,0.26,0,2026-08-07 16:43:00
TX006650,CUST01762,1340.37,Credit Card,suspicious_transaction,1,0,687,23,0,0,0.14,0,2026-08-09 09:53:00
TX006651,CUST02950,1418.36,Net Banking,bank_timeout,0,1,797,22,0,0,0.72,1,2026-08-24 12:20:00
TX006652,CUST00839,777.06,Net Banking,network_error,1,1,1469,11,0,0,0.61,1,2026-08-07 13:32:00
TX006653,CUST00876,518.32,UPI,insufficient_funds,2,0,673,12,0,0,0.51,1,2026-08-14 21:40:00
TX006654,CUST00435,1537.27,Debit Card,insufficient_funds,1,1,1380,4,0,1,0.41,0,2026-08-13 10:25:00
TX006655,CUST00408,635.82,Debit Card,network_error,1,2,758,0,0,0,0.53,1,2026-08-14 22:25:00
TX006656,CUST02368,6746.34,Net Banking,expired_card,3,1,197,9,0,0,0.29,0,2026-08-08 13:30:00
TX006657,CUST01129,308.19,UPI,authentication_failed,2,3,750,9,0,1,0.02,0,2026-08-20 09:34:00
TX006658,CUST00207,5095.72,UPI,expired_card,2,1,875,21,0,0,0.4,0,2026-08-23 10:27:00
TX006659,CUST02443,981.11,Wallet,bank_timeout,0,1,470,8,0,0,0.72,1,2026-08-22 02:20:00
TX006660,CUST02225,1478.95,UPI,authentication_failed,1,2,87,17,0,0,0.18,0,2026-08-30 13:44:00
TX006661,CUST02288,2522.88,Net Banking,bank_timeout,0,0,1346,3,0,0,0.8,1,2026-08-18 08:39:00
TX006662,CUST02205,583.91,Net Banking,network_error,1,0,350,5,0,0,0.64,1,2026-08-12 09:46:00
TX006663,CUST01094,2602.55,Debit Card,suspicious_transaction,2,3,1157,9,0,0,0.02,0,2026-08-12 13:22:00
TX006664,CUST00151,100.0,Wallet,bank_timeout,3,1,1461,23,0,0,0.54,1,2026-08-15 21:48:00
TX006665,CUST02599,533.79,Net Banking,bank_timeout,0,0,1202,6,0,0,0.8,1,2026-08-03 21:45:00
TX006666,CUST00617,435.26,Debit Card,network_error,1,1,470,10,0,0,0.61,0,2026-08-06 10:17:00
TX006667,CUST00675,313.09,Net Banking,insufficient_funds,1,2,93,13,0,0,0.36,0,2026-08-02 23:27:00
TX006668,CUST02513,884.52,UPI,network_error,1,1,623,2,1,1,0.43,1,2026-08-06 23:46:00
TX006669,CUST00119,1612.84,UPI,issuer_declined,0,1,185,10,0,0,0.37,0,2026-08-22 02:29:00
TX006670,CUST02831,2214.23,Net Banking,expired_card,0,1,133,1,0,0,0.47,0,2026-08-25 09:35:00
TX006671,CUST01933,1395.32,Net Banking,issuer_declined,0,0,1267,0,0,0,0.5,0,2026-08-15 13:52:00
TX006672,CUST00640,563.58,Net Banking,bank_timeout,2,0,1028,11,0,0,0.68,1,2026-08-05 06:27:00
TX006673,CUST00828,1586.07,Net Banking,bank_timeout,2,0,217,4,0,1,0.55,1,2026-08-25 06:25:00
TX006674,CUST01664,1241.76,Credit Card,insufficient_funds,1,0,1246,10,0,0,0.57,1,2026-08-26 15:37:00
TX006675,CUST02883,2796.31,Wallet,insufficient_funds,2,1,844,11,0,0,0.43,1,2026-08-03 14:00:00
TX006676,CUST01419,2384.96,Net Banking,bank_timeout,1,1,395,4,0,1,0.58,0,2026-08-25 15:07:00
TX006677,CUST00361,1130.57,UPI,insufficient_funds,2,3,365,19,0,0,0.22,0,2026-08-30 00:17:00
TX006678,CUST01777,447.08,UPI,bank_timeout,0,0,18,0,0,0,0.75,1,2026-08-27 00:32:00
TX006679,CUST02810,570.81,Credit Card,bank_timeout,0,0,1269,13,0,0,0.8,1,2026-08-02 15:44:00
TX006680,CUST00202,632.84,Net Banking,insufficient_funds,1,1,191,11,0,0,0.44,1,2026-08-09 13:48:00
TX006681,CUST02357,800.1,Debit Card,insufficient_funds,0,1,1442,19,1,0,0.45,1,2026-08-24 05:18:00
TX006682,CUST01533,1433.75,Wallet,authentication_failed,3,0,1187,10,0,0,0.27,0,2026-08-02 07:36:00
TX006683,CUST02403,2242.11,Debit Card,insufficient_funds,2,0,734,12,1,0,0.41,1,2026-08-19 11:15:00
TX006684,CUST00549,1041.98,Debit Card,network_error,0,0,746,7,1,0,0.65,1,2026-08-11 07:50:00
TX006685,CUST00004,1114.46,Credit Card,issuer_declined,1,1,858,21,0,0,0.36,0,2026-08-21 06:53:00
TX006686,CUST02998,1265.61,UPI,insufficient_funds,0,0,1041,1,0,0,0.63,0,2026-08-01 08:23:00
TX006687,CUST01925,654.65,Credit Card,authentication_failed,1,1,1015,5,0,0,0.31,0,2026-08-16 23:41:00
TX006688,CUST00473,434.68,Debit Card,authentication_failed,0,0,529,6,0,0,0.45,1,2026-08-04 11:47:00
TX006689,CUST02720,189.53,UPI,bank_timeout,1,1,1009,20,1,0,0.56,1,2026-08-10 23:30:00
TX006690,CUST02654,547.22,Debit Card,authentication_failed,5,1,1282,15,0,0,0.07,0,2026-08-19 07:21:00
TX006691,CUST02288,1760.13,Debit Card,bank_timeout,1,2,377,16,0,0,0.58,0,2026-08-30 16:26:00
TX006692,CUST02806,542.99,Credit Card,issuer_declined,1,0,746,4,0,0,0.44,1,2026-08-19 04:08:00
TX006693,CUST01449,864.54,UPI,insufficient_funds,3,1,1446,7,0,1,0.29,0,2026-08-19 09:20:00
TX006694,CUST02335,1748.36,Net Banking,issuer_declined,0,0,789,17,0,0,0.5,1,2026-08-12 05:12:00
TX006695,CUST02559,1845.84,Credit Card,bank_timeout,1,2,303,21,0,0,0.53,1,2026-08-22 13:53:00
TX006696,CUST01941,372.59,UPI,issuer_declined,2,3,1005,7,1,0,0.04,0,2026-08-08 03:13:00
TX006697,CUST00271,2972.2,UPI,issuer_declined,0,0,888,23,0,0,0.5,1,2026-08-27 17:49:00
TX006698,CUST02029,3385.82,UPI,insufficient_funds,3,2,746,3,0,1,0.21,0,2026-08-26 20:56:00
TX006699,CUST02206,354.3,Net Banking,network_error,1,1,399,10,0,0,0.61,1,2026-08-22 11:56:00
TX006700,CUST01458,481.14,Net Banking,network_error,0,0,954,23,0,0,0.75,1,2026-08-08 01:59:00
TX006701,CUST00560,3608.66,Debit Card,insufficient_funds,1,1,140,13,1,0,0.34,1,2026-08-29 04:15:00
TX006702,CUST00333,946.86,Debit Card,issuer_declined,2,0,639,10,0,1,0.3,1,2026-08-13 08:54:00
TX006703,CUST00421,119.13,Debit Card,issuer_declined,0,0,746,11,0,0,0.5,1,2026-08-29 09:15:00
TX006704,CUST00751,270.51,UPI,insufficient_funds,0,0,602,21,0,0,0.63,0,2026-08-23 03:48:00
TX006705,CUST02082,854.6,Credit Card,suspicious_transaction,1,1,662,6,0,0,0.06,0,2026-08-06 16:19:00
TX006706,CUST02571,342.73,Net Banking,insufficient_funds,0,1,1427,0,0,0,0.55,0,2026-08-02 05:54:00
TX006707,CUST02374,725.29,Wallet,insufficient_funds,0,1,1111,23,0,1,0.47,1,2026-08-17 17:30:00
TX006708,CUST02843,1132.74,UPI,insufficient_funds,0,1,580,8,0,1,0.47,1,2026-08-12 08:55:00
TX006709,CUST02631,4732.72,UPI,suspicious_transaction,1,0,335,22,0,0,0.09,0,2026-08-11 02:06:00
TX006710,CUST00638,820.2,Net Banking,bank_timeout,1,2,1297,21,0,1,0.5,0,2026-08-23 22:07:00
TX006711,CUST02368,3205.24,Credit Card,issuer_declined,0,1,1274,18,0,0,0.42,1,2026-08-15 12:35:00
TX006712,CUST00817,4576.82,Net Banking,insufficient_funds,0,0,323,20,0,0,0.58,1,2026-08-25 22:59:00
TX006713,CUST01047,4602.29,Credit Card,network_error,0,1,587,23,0,0,0.67,1,2026-08-16 14:25:00
TX006714,CUST00938,1457.9,Wallet,suspicious_transaction,3,2,1109,16,0,0,0.02,0,2026-08-29 22:45:00
TX006715,CUST02169,153.96,Wallet,network_error,0,1,967,14,0,0,0.67,0,2026-08-27 06:30:00
TX006716,CUST01432,1738.58,Wallet,issuer_declined,2,0,254,2,0,1,0.25,0,2026-08-10 10:49:00
TX006717,CUST00594,3128.78,UPI,authentication_failed,0,1,208,20,0,0,0.32,0,2026-08-05 03:55:00
TX006718,CUST02354,1011.24,Net Banking,bank_timeout,1,2,62,4,0,0,0.53,1,2026-08-12 07:26:00
TX006719,CUST00895,6276.6,UPI,bank_timeout,0,0,1338,16,1,0,0.7,0,2026-08-13 21:35:00
TX006720,CUST02502,2591.09,Wallet,insufficient_funds,1,1,155,0,0,0,0.44,1,2026-08-12 04:38:00
TX006721,CUST02278,1935.8,UPI,bank_timeout,4,3,841,10,0,0,0.32,1,2026-08-10 12:07:00
TX006722,CUST02549,3249.9,Credit Card,suspicious_transaction,0,0,495,7,0,0,0.2,0,2026-08-20 13:01:00
TX006723,CUST02348,1530.53,Debit Card,issuer_declined,1,1,737,22,0,0,0.36,0,2026-08-01 16:30:00
TX006724,CUST01486,100.0,Debit Card,insufficient_funds,1,0,958,6,0,0,0.57,1,2026-08-09 09:46:00
TX006725,CUST02709,665.71,Wallet,expired_card,3,3,340,13,0,0,0.13,0,2026-08-06 21:16:00
TX006726,CUST00163,3630.65,Wallet,expired_card,0,0,926,4,0,1,0.52,1,2026-08-07 03:46:00
TX006727,CUST00153,489.02,UPI,authentication_failed,0,1,749,16,0,0,0.37,0,2026-08-15 05:12:00
TX006728,CUST02100,877.02,Debit Card,insufficient_funds,0,0,1014,16,0,0,0.63,1,2026-08-23 00:03:00
TX006729,CUST00841,385.74,Debit Card,bank_timeout,0,1,982,22,0,0,0.72,1,2026-08-09 13:51:00
TX006730,CUST01970,6528.44,Credit Card,insufficient_funds,2,3,290,17,0,0,0.22,0,2026-08-06 13:49:00
TX006731,CUST02906,5892.83,Wallet,suspicious_transaction,1,2,828,23,0,1,0.02,0,2026-08-16 07:35:00
TX006732,CUST01979,453.11,Wallet,bank_timeout,0,1,1253,23,0,1,0.64,1,2026-08-14 22:19:00
TX006733,CUST00200,1270.67,Net Banking,bank_timeout,0,1,1385,7,0,0,0.72,1,2026-08-22 13:22:00
TX006734,CUST02008,555.3,Net Banking,suspicious_transaction,0,1,249,16,0,0,0.07,0,2026-08-01 05:44:00
TX006735,CUST02219,2028.28,Wallet,authentication_failed,4,0,1201,6,0,0,0.21,0,2026-08-14 07:21:00
TX006736,CUST02968,1825.63,Wallet,network_error,0,1,727,4,0,0,0.67,1,2026-08-04 00:26:00
TX006737,CUST02566,2469.34,Credit Card,network_error,4,2,284,10,1,1,0.12,0,2026-08-03 07:28:00
TX006738,CUST02229,1528.31,Wallet,expired_card,1,0,975,13,1,0,0.44,0,2026-08-22 13:41:00
TX006739,CUST00230,20648.67,Credit Card,suspicious_transaction,0,0,1319,10,0,0,0.2,0,2026-08-19 09:28:00
TX006740,CUST00853,392.32,UPI,bank_timeout,3,1,1047,11,0,0,0.54,1,2026-08-13 08:24:00
TX006741,CUST00917,198.22,Net Banking,bank_timeout,1,2,1088,16,0,0,0.58,0,2026-08-30 12:42:00
TX006742,CUST00468,740.19,Net Banking,network_error,0,1,82,22,0,0,0.62,1,2026-08-03 23:06:00
TX006743,CUST02189,228.61,Wallet,insufficient_funds,1,1,1380,19,0,0,0.49,0,2026-08-11 13:52:00
TX006744,CUST00346,246.54,Wallet,bank_timeout,2,1,1157,13,0,0,0.6,1,2026-08-12 12:13:00
TX006745,CUST01602,402.9,Wallet,network_error,2,3,608,12,0,1,0.31,0,2026-08-21 17:47:00
TX006746,CUST02247,436.07,UPI,bank_timeout,1,2,527,19,0,0,0.58,0,2026-08-15 13:26:00
TX006747,CUST02099,422.16,Wallet,insufficient_funds,0,0,839,22,0,1,0.55,0,2026-08-13 22:58:00
TX006748,CUST02626,1841.28,UPI,insufficient_funds,2,2,853,4,0,0,0.35,0,2026-08-11 18:28:00
TX006749,CUST00451,661.04,Net Banking,insufficient_funds,1,0,481,14,0,0,0.57,1,2026-08-23 08:39:00
TX006750,CUST00242,916.43,Wallet,expired_card,0,1,177,6,1,0,0.37,1,2026-08-28 06:41:00
TX006751,CUST00142,2681.77,UPI,bank_timeout,1,0,1311,0,0,0,0.74,1,2026-08-02 13:14:00
TX006752,CUST02268,509.63,Credit Card,insufficient_funds,0,0,852,7,0,1,0.55,0,2026-08-03 11:00:00
TX006753,CUST02035,841.73,Wallet,authentication_failed,0,1,136,20,0,0,0.32,0,2026-08-13 12:50:00
TX006754,CUST02992,1580.92,Net Banking,bank_timeout,1,1,1324,15,0,0,0.66,0,2026-08-08 13:13:00
TX006755,CUST00774,157.34,Credit Card,network_error,0,1,60,6,1,0,0.52,0,2026-08-17 22:07:00
TX006756,CUST01650,101.0,Credit Card,authentication_failed,0,0,598,0,0,0,0.45,1,2026-08-03 06:28:00
TX006757,CUST02085,1550.17,UPI,network_error,0,1,846,2,0,0,0.67,0,2026-08-08 16:17:00
TX006758,CUST02831,1793.66,Wallet,insufficient_funds,0,0,565,11,0,0,0.63,0,2026-08-10 08:30:00
TX006759,CUST02742,8640.54,UPI,network_error,1,2,225,12,0,0,0.48,1,2026-08-08 06:53:00
TX006760,CUST01947,1284.46,Net Banking,issuer_declined,0,1,45,15,0,1,0.29,1,2026-08-06 11:49:00
TX006761,CUST01674,2489.26,Credit Card,authentication_failed,0,0,132,9,0,0,0.4,1,2026-08-06 11:22:00
TX006762,CUST00500,901.92,Debit Card,authentication_failed,5,3,580,10,0,0,0.02,1,2026-08-27 01:32:00
TX006763,CUST01044,1476.2,UPI,expired_card,2,2,736,3,0,0,0.32,1,2026-08-19 13:09:00
TX006764,CUST01363,5809.54,Credit Card,network_error,0,0,447,23,0,0,0.75,0,2026-08-11 16:08:00
TX006765,CUST00750,131.11,Credit Card,bank_timeout,2,1,1458,12,0,0,0.6,1,2026-08-26 02:07:00
TX006766,CUST02328,1658.41,Debit Card,bank_timeout,0,0,726,22,0,0,0.8,1,2026-08-15 10:01:00
TX006767,CUST02051,9279.72,Wallet,authentication_failed,1,0,765,11,0,0,0.39,0,2026-08-13 00:27:00
TX006768,CUST02291,1453.94,Wallet,expired_card,3,3,253,6,1,0,0.03,0,2026-08-26 07:01:00
TX006769,CUST02142,5713.42,UPI,issuer_declined,4,0,213,22,0,0,0.21,1,2026-08-06 22:32:00
TX006770,CUST01578,584.52,UPI,bank_timeout,1,2,10,13,0,1,0.45,0,2026-08-27 00:15:00
TX006771,CUST01597,1062.05,Net Banking,issuer_declined,0,1,899,16,1,0,0.32,0,2026-08-05 18:27:00
TX006772,CUST01785,1134.02,Credit Card,network_error,5,2,1114,7,0,0,0.29,0,2026-08-25 15:49:00
TX006773,CUST01400,119.39,Net Banking,issuer_declined,3,0,1006,14,1,0,0.22,0,2026-08-27 04:19:00
TX006774,CUST02829,340.98,Net Banking,issuer_declined,0,1,804,18,0,0,0.42,0,2026-08-29 20:52:00
TX006775,CUST00413,366.18,Debit Card,suspicious_transaction,1,1,4,18,0,0,0.02,0,2026-08-08 06:14:00
TX006776,CUST01590,2495.06,Credit Card,issuer_declined,0,0,883,5,1,0,0.4,1,2026-08-01 21:48:00
TX006777,CUST00457,2623.21,Debit Card,bank_timeout,1,0,1106,3,1,0,0.64,0,2026-08-21 05:43:00
TX006778,CUST00977,1516.31,Credit Card,expired_card,0,1,202,10,0,0,0.47,0,2026-08-27 15:27:00
TX006779,CUST02522,2500.14,Wallet,network_error,0,1,480,19,1,0,0.57,1,2026-08-21 06:41:00
TX006780,CUST00723,930.62,Wallet,bank_timeout,1,2,758,20,0,0,0.58,1,2026-08-14 03:47:00
TX006781,CUST00938,3647.99,UPI,insufficient_funds,3,2,1286,14,0,0,0.29,0,2026-08-24 11:15:00
TX006782,CUST02903,1106.31,Net Banking,network_error,0,1,125,2,0,0,0.62,0,2026-08-07 21:53:00
TX006783,CUST02727,1161.96,Credit Card,suspicious_transaction,1,0,1271,23,0,0,0.14,0,2026-08-30 15:39:00
TX006784,CUST00642,840.85,UPI,authentication_failed,3,2,1423,7,0,0,0.11,0,2026-08-28 02:48:00
TX006785,CUST00214,2174.27,Wallet,insufficient_funds,0,1,1464,7,0,0,0.55,1,2026-08-22 08:12:00
TX006786,CUST02004,719.68,Net Banking,insufficient_funds,0,1,1336,8,0,0,0.55,1,2026-08-29 17:56:00
TX006787,CUST00009,2911.52,Wallet,bank_timeout,2,0,911,6,0,0,0.68,1,2026-08-19 15:12:00
TX006788,CUST02645,353.49,Credit Card,insufficient_funds,0,1,931,0,0,0,0.55,0,2026-08-20 12:30:00
TX006789,CUST01928,365.43,Debit Card,issuer_declined,1,1,298,7,0,0,0.31,0,2026-08-20 19:08:00
TX006790,CUST02770,2180.76,Debit Card,expired_card,0,1,694,14,0,0,0.52,1,2026-08-08 09:42:00
TX006791,CUST00032,1003.71,UPI,authentication_failed,0,1,1406,10,0,0,0.37,0,2026-08-12 11:17:00
TX006792,CUST00084,696.53,Net Banking,network_error,0,0,1088,14,0,0,0.75,0,2026-08-22 15:16:00
TX006793,CUST02677,2670.6,Debit Card,expired_card,0,1,1269,20,0,0,0.52,1,2026-08-14 15:19:00
TX006794,CUST01027,597.49,Wallet,authentication_failed,0,0,1116,18,1,0,0.35,1,2026-08-19 01:06:00
TX006795,CUST00825,897.67,Net Banking,insufficient_funds,0,0,1118,13,0,0,0.63,1,2026-08-10 14:24:00
TX006796,CUST02393,4443.63,Debit Card,network_error,0,1,1023,22,0,0,0.67,1,2026-08-03 12:31:00
TX006797,CUST00894,5110.96,Wallet,issuer_declined,0,1,1132,16,0,1,0.34,0,2026-08-05 05:10:00
TX006798,CUST02325,5283.79,Credit Card,network_error,1,1,449,4,0,0,0.61,1,2026-08-15 22:56:00
TX006799,CUST00213,827.06,Wallet,insufficient_funds,0,0,625,8,1,0,0.53,0,2026-08-26 18:47:00
TX006800,CUST02950,3754.47,Credit Card,suspicious_transaction,1,2,1115,7,0,0,0.02,0,2026-08-24 17:20:00
TX006801,CUST01994,424.56,Credit Card,expired_card,0,0,669,17,0,0,0.6,0,2026-08-25 03:55:00
TX006802,CUST02467,442.79,Debit Card,insufficient_funds,1,1,1060,17,1,0,0.39,1,2026-08-16 22:17:00
TX006803,CUST01402,104.54,Net Banking,insufficient_funds,0,0,375,14,0,1,0.55,1,2026-08-14 08:04:00
TX006804,CUST01898,5842.23,UPI,issuer_declined,1,0,602,4,0,0,0.44,0,2026-08-25 14:46:00
TX006805,CUST02497,462.21,UPI,expired_card,1,2,554,14,0,0,0.38,0,2026-08-23 05:40:00
TX006806,CUST02468,966.29,Wallet,authentication_failed,1,1,919,1,1,0,0.21,1,2026-08-21 15:32:00
TX006807,CUST01761,441.28,UPI,authentication_failed,1,2,201,23,0,0,0.18,1,2026-08-16 02:20:00
TX006808,CUST01865,2197.7,Wallet,authentication_failed,1,0,205,0,0,0,0.34,0,2026-08-04 04:02:00
TX006809,CUST00935,753.23,Net Banking,bank_timeout,3,2,753,15,0,1,0.38,0,2026-08-12 08:12:00
TX006810,CUST00609,297.43,Credit Card,bank_timeout,0,1,1263,20,0,1,0.64,1,2026-08-02 09:00:00
TX006811,CUST01935,1705.58,UPI,expired_card,0,1,1016,5,0,1,0.44,1,2026-08-16 12:01:00
TX006812,CUST02080,261.46,Debit Card,issuer_declined,2,3,1161,16,0,1,0.06,1,2026-08-16 21:31:00
TX006813,CUST00818,474.66,Debit Card,bank_timeout,0,1,586,18,0,0,0.72,0,2026-08-10 15:43:00
TX006814,CUST00171,133.37,Wallet,bank_timeout,0,0,554,11,0,1,0.72,1,2026-08-02 04:49:00
TX006815,CUST01923,264.02,Credit Card,issuer_declined,2,2,511,23,0,0,0.22,0,2026-08-27 02:46:00
TX006816,CUST02431,1310.98,Wallet,bank_timeout,3,0,1339,22,0,0,0.62,1,2026-08-07 07:52:00
TX006817,CUST01854,153.77,Credit Card,insufficient_funds,3,1,1497,4,0,0,0.37,0,2026-08-25 00:43:00
TX006818,CUST01730,249.35,UPI,suspicious_transaction,1,1,1152,2,0,0,0.06,0,2026-08-16 10:31:00
TX006819,CUST02153,1094.04,UPI,network_error,1,0,736,4,0,0,0.69,1,2026-08-15 07:00:00
TX006820,CUST01859,636.76,Wallet,bank_timeout,0,0,239,22,0,0,0.75,1,2026-08-29 16:21:00
TX006821,CUST01385,8038.81,Net Banking,expired_card,0,1,537,9,1,0,0.42,0,2026-08-23 04:38:00
TX006822,CUST02477,6862.98,Wallet,issuer_declined,0,1,352,5,0,0,0.37,1,2026-08-01 14:11:00
TX006823,CUST02780,460.39,Net Banking,issuer_declined,0,0,832,11,0,0,0.5,1,2026-08-01 07:23:00
TX006824,CUST00105,1914.36,Net Banking,insufficient_funds,0,1,1335,5,0,1,0.47,1,2026-08-02 00:12:00
TX006825,CUST02629,2319.91,Debit Card,bank_timeout,3,3,20,8,0,0,0.33,0,2026-08-23 19:18:00
TX006826,CUST01296,603.36,UPI,suspicious_transaction,0,1,283,9,0,0,0.07,0,2026-08-03 10:20:00
TX006827,CUST00091,245.79,Wallet,issuer_declined,2,3,662,4,1,0,0.04,0,2026-08-28 13:52:00
TX006828,CUST01220,1083.23,Debit Card,expired_card,0,0,41,4,0,0,0.55,0,2026-08-02 05:27:00
TX006829,CUST02311,922.56,Net Banking,insufficient_funds,0,0,1291,11,0,0,0.63,0,2026-08-22 09:34:00
TX006830,CUST02135,709.27,Net Banking,bank_timeout,1,2,353,14,0,0,0.53,1,2026-08-26 07:38:00
TX006831,CUST00873,1706.7,Credit Card,insufficient_funds,1,1,544,4,0,0,0.49,1,2026-08-17 00:41:00
TX006832,CUST00250,517.64,UPI,insufficient_funds,0,1,713,1,0,1,0.47,1,2026-08-29 19:01:00
TX006833,CUST02844,346.54,Wallet,bank_timeout,1,1,878,9,0,0,0.66,1,2026-08-19 23:48:00
TX006834,CUST02295,1223.03,UPI,bank_timeout,0,0,1160,0,0,0,0.8,0,2026-08-28 02:38:00
TX006835,CUST01887,1613.19,UPI,expired_card,0,1,1275,10,0,0,0.52,0,2026-08-26 10:11:00
TX006836,CUST02214,338.1,Wallet,insufficient_funds,3,1,1005,5,1,0,0.27,1,2026-08-14 23:22:00
TX006837,CUST00377,2774.12,Wallet,network_error,1,1,1142,4,0,0,0.61,0,2026-08-13 23:17:00
TX006838,CUST01720,186.7,Credit Card,bank_timeout,2,3,476,17,0,0,0.44,1,2026-08-18 19:20:00
TX006839,CUST00945,615.16,Debit Card,authentication_failed,5,3,862,16,0,0,0.02,0,2026-08-24 01:47:00
TX006840,CUST00392,847.25,Debit Card,network_error,1,0,1442,5,0,0,0.69,1,2026-08-15 19:24:00
TX006841,CUST01834,580.43,Debit Card,issuer_declined,2,1,743,0,0,0,0.3,0,2026-08-04 06:33:00
TX006842,CUST00774,623.24,Wallet,network_error,5,3,1311,8,0,0,0.21,0,2026-08-26 21:09:00
TX006843,CUST00542,7122.93,UPI,bank_timeout,2,1,381,3,0,0,0.6,0,2026-08-30 21:13:00
TX006844,CUST00034,468.3,Credit Card,bank_timeout,2,1,1076,16,0,0,0.6,1,2026-08-03 16:39:00
TX006845,CUST02778,12597.1,Credit Card,suspicious_transaction,2,0,119,20,0,1,0.02,0,2026-08-06 05:12:00
TX006846,CUST00125,1697.86,Wallet,issuer_declined,3,3,1195,21,0,0,0.08,0,2026-08-16 08:21:00
TX006847,CUST00771,1202.38,Credit Card,issuer_declined,0,1,964,6,0,0,0.42,1,2026-08-21 03:02:00
TX006848,CUST02239,1765.59,Debit Card,network_error,3,3,329,5,0,0,0.28,1,2026-08-13 03:32:00
TX006849,CUST02885,13765.6,Credit Card,issuer_declined,0,1,384,23,0,0,0.42,0,2026-08-30 12:55:00
TX006850,CUST02193,406.02,Net Banking,expired_card,0,0,1071,1,0,0,0.6,0,2026-08-14 15:02:00
TX006851,CUST01308,357.66,Debit Card,network_error,2,2,1307,6,0,1,0.39,1,2026-08-06 01:05:00
TX006852,CUST00139,515.5,Credit Card,network_error,0,1,328,17,0,0,0.62,1,2026-08-28 11:40:00
TX006853,CUST00516,1132.46,Net Banking,insufficient_funds,0,0,1389,23,1,0,0.53,0,2026-08-20 10:48:00
TX006854,CUST02687,195.24,Debit Card,insufficient_funds,2,3,1459,10,0,0,0.27,0,2026-08-23 06:32:00
TX006855,CUST00605,1121.41,Wallet,expired_card,0,0,155,1,0,0,0.55,0,2026-08-13 08:36:00
TX006856,CUST00047,5964.3,Debit Card,network_error,2,2,1057,15,0,0,0.47,0,2026-08-04 21:45:00
TX006857,CUST02848,1275.9,Net Banking,bank_timeout,2,3,596,19,0,1,0.36,0,2026-08-22 13:57:00
TX006858,CUST02509,818.37,Credit Card,issuer_declined,1,0,481,15,0,0,0.44,1,2026-08-16 01:19:00
TX006859,CUST01822,591.01,Net Banking,bank_timeout,4,0,1440,14,0,0,0.56,0,2026-08-28 11:01:00
TX006860,CUST00994,2693.27,UPI,authentication_failed,2,2,355,22,0,0,0.12,0,2026-08-17 19:32:00
TX006861,CUST00909,480.18,Wallet,issuer_declined,0,1,1392,17,0,0,0.42,1,2026-08-14 07:01:00
TX006862,CUST02399,6949.3,UPI,insufficient_funds,4,1,521,4,0,0,0.31,0,2026-08-19 15:00:00
TX006863,CUST00908,7580.69,Debit Card,issuer_declined,1,0,515,3,0,0,0.44,0,2026-08-16 08:24:00
TX006864,CUST02686,1417.64,Wallet,expired_card,0,0,1305,14,0,0,0.6,1,2026-08-23 17:18:00
TX006865,CUST01299,1084.08,Net Banking,insufficient_funds,1,0,1007,6,0,0,0.57,0,2026-08-21 21:37:00
TX006866,CUST00510,3073.77,UPI,insufficient_funds,1,0,837,11,0,1,0.49,1,2026-08-22 16:16:00
TX006867,CUST00550,3277.38,Credit Card,bank_timeout,0,1,1395,9,0,1,0.64,1,2026-08-21 07:08:00
TX006868,CUST01617,489.81,Debit Card,suspicious_transaction,1,1,933,11,0,0,0.06,0,2026-08-14 11:36:00
TX006869,CUST02840,647.71,Debit Card,insufficient_funds,3,3,345,7,0,0,0.16,0,2026-08-12 06:38:00
TX006870,CUST01829,292.26,Wallet,authentication_failed,0,0,11,8,0,0,0.4,0,2026-08-19 15:52:00
TX006871,CUST01974,1650.88,Debit Card,bank_timeout,1,0,811,20,0,0,0.74,1,2026-08-28 11:28:00
TX006872,CUST02729,2135.87,UPI,bank_timeout,1,1,704,5,0,0,0.66,0,2026-08-06 15:56:00
TX006873,CUST02582,284.31,Credit Card,insufficient_funds,0,0,1449,8,0,0,0.63,1,2026-08-10 01:25:00
TX006874,CUST02278,695.62,Credit Card,insufficient_funds,2,0,310,20,0,0,0.46,0,2026-08-08 03:19:00
TX006875,CUST02767,285.07,Net Banking,bank_timeout,1,0,542,2,0,0,0.74,1,2026-08-28 13:28:00
TX006876,CUST01847,446.39,Wallet,suspicious_transaction,0,1,146,5,1,0,0.02,0,2026-08-27 11:31:00
TX006877,CUST00100,1902.68,Net Banking,insufficient_funds,1,1,1116,10,0,0,0.49,0,2026-08-30 05:16:00
TX006878,CUST01271,526.64,Net Banking,insufficient_funds,0,1,1089,23,0,0,0.55,0,2026-08-09 16:28:00
TX006879,CUST02078,811.74,Debit Card,bank_timeout,1,0,128,11,0,1,0.61,1,2026-08-22 18:41:00
TX006880,CUST01734,215.44,Net Banking,insufficient_funds,0,0,1258,17,0,0,0.63,1,2026-08-10 04:13:00
TX006881,CUST00998,1322.12,Wallet,bank_timeout,0,0,94,14,0,0,0.75,1,2026-08-02 03:26:00
TX006882,CUST00791,1049.14,UPI,bank_timeout,0,0,1322,11,0,0,0.8,1,2026-08-13 07:00:00
TX006883,CUST01265,529.03,UPI,bank_timeout,2,2,983,18,0,1,0.44,0,2026-08-07 08:34:00
TX006884,CUST00234,907.77,Wallet,expired_card,1,1,336,11,1,1,0.23,0,2026-08-21 15:36:00
TX006885,CUST01468,1313.3,Debit Card,issuer_declined,2,3,1471,1,1,0,0.04,0,2026-08-21 21:57:00
TX006886,CUST00178,485.48,UPI,suspicious_transaction,2,0,1151,14,1,0,0.02,0,2026-08-06 11:30:00
TX006887,CUST01606,250.57,Credit Card,insufficient_funds,0,0,19,16,0,0,0.58,1,2026-08-29 21:16:00
TX006888,CUST00566,6671.33,Net Banking,suspicious_transaction,0,1,837,1,0,0,0.12,0,2026-08-14 03:06:00
TX006889,CUST00351,582.15,Wallet,suspicious_transaction,0,1,217,19,0,0,0.07,0,2026-08-02 07:39:00
TX006890,CUST02961,995.49,Debit Card,insufficient_funds,0,0,1358,23,1,0,0.53,0,2026-08-22 21:14:00
TX006891,CUST01702,3013.45,Wallet,authentication_failed,0,0,389,10,0,0,0.45,1,2026-08-16 18:51:00
TX006892,CUST00339,37386.13,Net Banking,authentication_failed,1,0,204,17,0,0,0.34,0,2026-08-18 07:04:00
TX006893,CUST02535,315.93,Wallet,expired_card,0,1,1480,18,0,0,0.52,0,2026-08-22 04:04:00
TX006894,CUST02819,1719.57,Wallet,network_error,1,1,1095,16,0,0,0.61,1,2026-08-28 05:19:00
TX006895,CUST02698,540.47,Net Banking,insufficient_funds,0,1,448,22,0,0,0.55,1,2026-08-18 05:32:00
TX006896,CUST01102,639.83,Wallet,bank_timeout,0,0,1331,2,0,0,0.8,1,2026-08-18 01:45:00
TX006897,CUST01247,533.68,UPI,network_error,0,0,749,17,0,0,0.75,0,2026-08-29 22:33:00
TX006898,CUST01952,355.79,Wallet,insufficient_funds,1,0,710,4,0,0,0.57,0,2026-08-12 02:50:00
TX006899,CUST02721,1052.27,Wallet,bank_timeout,0,0,894,22,0,1,0.72,1,2026-08-01 04:52:00
TX006900,CUST02535,251.01,UPI,authentication_failed,1,2,1262,5,0,0,0.23,1,2026-08-25 12:24:00
TX006901,CUST02903,2826.54,UPI,expired_card,0,1,1440,1,0,0,0.52,0,2026-08-09 05:22:00
TX006902,CUST01004,1158.64,Credit Card,network_error,0,0,819,22,0,0,0.75,0,2026-08-03 04:06:00
TX006903,CUST00336,1673.1,Wallet,suspicious_transaction,1,0,143,2,0,1,0.02,0,2026-08-22 03:00:00
TX006904,CUST00693,688.02,Credit Card,bank_timeout,0,0,1001,9,0,0,0.8,1,2026-08-11 03:13:00
TX006905,CUST02244,759.6,Wallet,bank_timeout,1,0,572,0,0,0,0.74,1,2026-08-15 13:45:00
TX006906,CUST01191,1462.0,Net Banking,insufficient_funds,0,0,786,13,0,0,0.63,0,2026-08-20 07:51:00
TX006907,CUST01542,342.39,Credit Card,insufficient_funds,3,3,568,4,0,0,0.21,0,2026-08-29 13:51:00
TX006908,CUST02557,766.63,UPI,bank_timeout,1,0,20,5,0,0,0.69,1,2026-08-19 15:55:00
TX006909,CUST00088,464.23,Wallet,network_error,5,1,147,9,1,0,0.22,0,2026-08-12 07:52:00
TX006910,CUST01596,450.08,UPI,bank_timeout,1,0,1122,2,0,0,0.74,0,2026-08-13 17:29:00
TX006911,CUST02736,132.98,Wallet,suspicious_transaction,0,0,1410,21,0,0,0.2,0,2026-08-16 12:49:00
TX006912,CUST02298,4185.27,Wallet,insufficient_funds,0,1,936,22,1,0,0.45,0,2026-08-11 00:27:00
TX006913,CUST01846,551.95,UPI,insufficient_funds,3,0,492,9,0,0,0.45,0,2026-08-28 11:19:00
TX006914,CUST00041,3510.02,UPI,issuer_declined,3,1,1184,10,0,0,0.24,0,2026-08-07 01:55:00
TX006915,CUST02721,3193.24,Net Banking,issuer_declined,2,0,242,5,0,1,0.25,0,2026-08-25 06:28:00
TX006916,CUST02509,303.08,Credit Card,expired_card,0,0,506,21,1,1,0.42,0,2026-08-27 04:25:00
TX006917,CUST02428,369.29,UPI,expired_card,3,2,837,17,0,0,0.26,0,2026-08-18 11:21:00
TX006918,CUST01421,14192.98,Net Banking,bank_timeout,0,1,638,15,0,0,0.72,1,2026-08-14 19:47:00
TX006919,CUST00159,6316.53,Net Banking,insufficient_funds,3,3,1017,4,0,0,0.21,0,2026-08-30 03:32:00
TX006920,CUST00813,1062.61,Wallet,insufficient_funds,1,2,996,22,1,0,0.31,0,2026-08-14 15:11:00
TX006921,CUST02650,1418.53,Credit Card,bank_timeout,3,0,1490,16,0,0,0.62,1,2026-08-28 12:55:00
TX006922,CUST02069,583.56,Credit Card,authentication_failed,3,1,1476,15,0,0,0.19,0,2026-08-12 02:56:00
TX006923,CUST02928,1689.78,Debit Card,bank_timeout,1,0,675,13,0,1,0.66,1,2026-08-17 07:29:00
TX006924,CUST00704,535.3,Net Banking,insufficient_funds,4,2,362,19,0,0,0.18,0,2026-08-25 12:50:00
TX006925,CUST00031,143.69,Debit Card,issuer_declined,5,0,399,12,1,0,0.1,0,2026-08-29 12:45:00
TX006926,CUST01782,292.49,UPI,authentication_failed,0,0,48,3,0,0,0.4,1,2026-08-03 02:46:00
TX006927,CUST02558,1120.01,Wallet,network_error,0,1,858,4,0,0,0.67,1,2026-08-06 21:53:00
TX006928,CUST00039,353.87,Debit Card,insufficient_funds,4,2,539,2,0,0,0.23,1,2026-08-27 08:33:00
TX006929,CUST02032,1025.28,Debit Card,bank_timeout,2,2,306,20,0,0,0.47,0,2026-08-27 10:45:00
TX006930,CUST02900,374.41,Debit Card,expired_card,3,2,878,10,1,0,0.16,0,2026-08-18 00:52:00
TX006931,CUST01552,501.52,Credit Card,authentication_failed,0,1,61,6,0,0,0.32,0,2026-08-27 19:31:00
TX006932,CUST01058,2573.87,Wallet,suspicious_transaction,1,2,621,3,0,0,0.02,0,2026-08-11 07:27:00
TX006933,CUST02834,1404.56,Debit Card,bank_timeout,1,2,22,21,0,0,0.53,1,2026-08-15 04:48:00
TX006934,CUST00789,1086.09,UPI,expired_card,0,0,82,0,0,0,0.55,0,2026-08-24 12:20:00
TX006935,CUST02556,2641.13,UPI,issuer_declined,1,2,1424,17,1,0,0.18,1,2026-08-15 09:05:00
TX006936,CUST00969,1773.32,Debit Card,issuer_declined,1,2,1200,14,0,0,0.28,0,2026-08-02 16:23:00
TX006937,CUST01784,4659.03,UPI,issuer_declined,0,0,249,14,0,0,0.45,0,2026-08-25 08:08:00
TX006938,CUST02942,692.38,Wallet,expired_card,1,1,1323,5,0,0,0.46,0,2026-08-22 16:24:00
TX006939,CUST01100,713.63,Credit Card,bank_timeout,0,0,1086,9,0,0,0.8,1,2026-08-21 22:59:00
TX006940,CUST02327,298.54,Debit Card,issuer_declined,2,3,138,21,0,1,0.02,0,2026-08-14 09:43:00
TX006941,CUST02524,714.1,Debit Card,expired_card,0,0,745,6,0,0,0.6,1,2026-08-04 06:35:00
TX006942,CUST02816,2877.77,Wallet,authentication_failed,0,0,310,3,0,0,0.4,0,2026-08-22 12:54:00
TX006943,CUST00163,4023.82,Debit Card,authentication_failed,0,1,806,3,1,1,0.19,0,2026-08-20 15:41:00
TX006944,CUST00254,2864.95,Net Banking,suspicious_transaction,1,1,145,13,0,0,0.02,0,2026-08-03 13:54:00
TX006945,CUST02625,182.33,Net Banking,issuer_declined,5,0,690,17,0,0,0.2,0,2026-08-14 09:29:00
TX006946,CUST01422,3239.41,UPI,network_error,0,0,988,4,0,0,0.75,0,2026-08-29 06:22:00
TX006947,CUST02230,174.42,UPI,bank_timeout,0,1,582,19,0,0,0.72,1,2026-08-12 05:07:00
TX006948,CUST00635,2692.21,Debit Card,network_error,0,1,1432,17,0,0,0.67,0,2026-08-10 23:07:00
TX006949,CUST00845,759.16,Net Banking,issuer_declined,1,0,458,8,0,0,0.44,0,2026-08-10 10:16:00
TX006950,CUST02246,2213.95,Wallet,bank_timeout,1,1,1211,8,0,0,0.66,1,2026-08-26 13:44:00
TX006951,CUST02512,289.33,Credit Card,network_error,1,0,635,20,0,0,0.69,1,2026-08-07 04:46:00
TX006952,CUST01351,3537.47,Net Banking,expired_card,0,0,389,2,0,0,0.6,1,2026-08-23 16:41:00
TX006953,CUST02685,253.41,Net Banking,suspicious_transaction,0,1,26,13,0,0,0.07,0,2026-08-13 13:02:00
TX006954,CUST01092,562.02,Net Banking,expired_card,0,1,277,9,0,0,0.47,1,2026-08-27 17:29:00
TX006955,CUST02394,404.2,Wallet,network_error,1,0,215,19,0,0,0.64,1,2026-08-10 04:56:00
TX006956,CUST02940,189.75,Credit Card,issuer_declined,3,1,1264,18,0,0,0.24,1,2026-08-04 01:13:00
TX006957,CUST01278,1205.35,Debit Card,insufficient_funds,0,1,1016,21,0,0,0.55,0,2026-08-13 10:27:00
TX006958,CUST01345,6674.76,Wallet,issuer_declined,1,1,161,8,1,0,0.21,0,2026-08-21 15:33:00
TX006959,CUST01266,15786.42,UPI,authentication_failed,0,0,780,8,0,0,0.45,0,2026-08-17 11:25:00
TX006960,CUST00554,1208.52,Wallet,issuer_declined,0,1,831,18,0,0,0.42,0,2026-08-15 19:36:00
TX006961,CUST01864,3349.88,Credit Card,bank_timeout,0,1,1391,7,0,0,0.72,0,2026-08-29 03:02:00
TX006962,CUST00314,1383.12,Net Banking,suspicious_transaction,0,0,1310,22,0,0,0.2,1,2026-08-21 08:15:00
TX006963,CUST02906,1806.02,Wallet,network_error,1,0,726,10,0,0,0.69,1,2026-08-19 22:23:00
TX006964,CUST02289,778.88,Wallet,insufficient_funds,0,0,1281,4,0,0,0.63,1,2026-08-16 17:10:00
TX006965,CUST01674,1332.85,Credit Card,issuer_declined,0,1,99,18,0,0,0.37,0,2026-08-08 07:50:00
TX006966,CUST01816,1877.09,UPI,suspicious_transaction,0,0,841,7,0,0,0.2,0,2026-08-25 20:24:00
TX006967,CUST01867,614.95,Credit Card,issuer_declined,5,0,902,15,0,0,0.2,0,2026-08-25 02:50:00
TX006968,CUST02960,1014.86,UPI,suspicious_transaction,3,3,1040,4,0,0,0.02,0,2026-08-24 14:45:00
TX006969,CUST00376,1034.39,Credit Card,suspicious_transaction,1,0,933,14,0,0,0.14,0,2026-08-08 15:50:00
TX006970,CUST02777,2505.9,Net Banking,insufficient_funds,5,2,388,15,0,0,0.17,1,2026-08-07 07:21:00
TX006971,CUST01890,377.65,Debit Card,insufficient_funds,0,0,1421,12,0,1,0.55,1,2026-08-01 08:47:00
TX006972,CUST02953,1041.54,Wallet,expired_card,0,1,610,14,1,0,0.42,0,2026-08-26 00:38:00
TX006973,CUST02275,7420.53,Net Banking,issuer_declined,2,0,990,20,0,0,0.38,1,2026-08-29 22:20:00
TX006974,CUST01214,3512.42,Debit Card,issuer_declined,1,2,1176,7,0,0,0.28,0,2026-08-30 00:14:00
TX006975,CUST01966,4226.71,UPI,authentication_failed,4,1,293,17,1,0,0.02,0,2026-08-12 16:33:00
TX006976,CUST02330,1123.76,Net Banking,insufficient_funds,5,1,433,12,0,0,0.25,0,2026-08-26 01:45:00
TX006977,CUST01156,1511.71,Debit Card,issuer_declined,0,1,1000,20,0,1,0.34,0,2026-08-07 09:44:00
TX006978,CUST00952,2987.63,UPI,authentication_failed,2,3,1463,15,0,0,0.09,0,2026-08-15 08:31:00
TX006979,CUST02730,5220.01,Wallet,network_error,5,1,730,12,0,0,0.37,0,2026-08-08 13:43:00
TX006980,CUST02090,155.77,Credit Card,bank_timeout,0,1,1390,20,0,0,0.72,1,2026-08-11 17:58:00
TX006981,CUST00136,294.29,Wallet,network_error,5,2,124,14,0,1,0.16,1,2026-08-20 16:21:00
TX006982,CUST02209,4062.05,UPI,expired_card,2,2,866,7,0,0,0.32,0,2026-08-04 23:53:00
TX006983,CUST01411,831.4,Debit Card,issuer_declined,0,1,1498,18,0,0,0.42,0,2026-08-30 02:54:00
TX006984,CUST00746,560.19,Wallet,suspicious_transaction,1,2,915,6,1,0,0.02,0,2026-08-30 03:39:00
TX006985,CUST02683,312.89,Wallet,authentication_failed,2,1,1321,13,0,0,0.25,0,2026-08-06 09:00:00
TX006986,CUST02178,629.54,Debit Card,expired_card,4,0,363,0,0,0,0.31,0,2026-08-30 09:44:00
TX006987,CUST00682,269.79,UPI,expired_card,2,0,1167,13,1,0,0.38,0,2026-08-03 19:27:00
TX006988,CUST00460,8875.89,Wallet,network_error,3,1,665,23,0,0,0.49,1,2026-08-29 05:38:00
TX006989,CUST02133,1072.3,UPI,insufficient_funds,1,1,387,16,1,0,0.39,1,2026-08-14 22:57:00
TX006990,CUST01481,1034.89,Net Banking,bank_timeout,1,1,591,23,1,0,0.56,1,2026-08-19 04:38:00
TX006991,CUST01341,1974.51,Net Banking,insufficient_funds,2,2,1282,0,0,0,0.35,0,2026-08-08 04:11:00
TX006992,CUST00396,2870.8,Net Banking,network_error,0,1,267,4,0,0,0.62,0,2026-08-19 18:08:00
TX006993,CUST01969,2823.94,UPI,insufficient_funds,0,0,1347,14,0,0,0.63,1,2026-08-30 23:49:00
TX006994,CUST01819,3208.7,Net Banking,network_error,1,2,787,14,0,0,0.53,1,2026-08-01 14:04:00
TX006995,CUST00408,583.56,Wallet,network_error,2,3,1370,20,0,0,0.39,0,2026-08-17 15:24:00
TX006996,CUST00783,814.14,Debit Card,insufficient_funds,0,0,299,8,0,0,0.58,1,2026-08-12 10:28:00
TX006997,CUST02749,2366.18,Net Banking,issuer_declined,2,0,1384,11,0,0,0.38,1,2026-08-21 15:59:00
TX006998,CUST00512,647.17,Wallet,bank_timeout,5,0,1288,9,0,0,0.5,1,2026-08-14 01:01:00
TX006999,CUST02937,1091.05,Debit Card,expired_card,0,0,1212,12,0,0,0.6,1,2026-08-21 16:48:00
TX007000,CUST01292,1633.96,UPI,insufficient_funds,2,3,689,4,0,1,0.19,0,2026-08-19 18:48:00
TX007001,CUST01678,2404.71,Net Banking,insufficient_funds,0,0,1048,18,0,1,0.55,0,2026-08-19 03:37:00
TX007002,CUST00831,185.36,Net Banking,insufficient_funds,4,1,870,7,0,0,0.31,0,2026-08-27 16:27:00
TX007003,CUST00388,2241.15,Credit Card,issuer_declined,3,3,746,14,0,0,0.08,0,2026-08-26 03:06:00
TX007004,CUST00461,868.07,Wallet,network_error,0,0,1483,9,0,0,0.75,0,2026-08-11 19:04:00
TX007005,CUST02087,2224.88,UPI,bank_timeout,2,3,119,19,0,1,0.31,0,2026-08-23 00:31:00
TX007006,CUST00360,2384.95,Net Banking,authentication_failed,0,0,539,13,1,0,0.35,0,2026-08-27 08:00:00
TX007007,CUST00357,5474.82,Credit Card,insufficient_funds,3,3,410,4,0,1,0.13,0,2026-08-08 14:45:00
TX007008,CUST02486,4244.82,Net Banking,expired_card,1,0,436,9,0,0,0.54,1,2026-08-26 16:53:00
TX007009,CUST01778,4215.7,Net Banking,authentication_failed,1,1,794,15,0,0,0.31,0,2026-08-21 04:32:00
TX007010,CUST01589,4645.57,Net Banking,suspicious_transaction,0,0,986,9,0,0,0.2,0,2026-08-25 18:45:00
TX007011,CUST00971,1467.59,Wallet,suspicious_transaction,1,0,703,7,1,0,0.04,0,2026-08-18 02:28:00
TX007012,CUST00152,1132.5,UPI,issuer_declined,5,3,230,11,1,0,0.02,0,2026-08-26 12:43:00
TX007013,CUST02115,2624.95,Wallet,authentication_failed,0,1,108,7,0,0,0.32,1,2026-08-24 00:23:00
TX007014,CUST02508,2280.34,UPI,issuer_declined,0,0,920,8,0,0,0.5,1,2026-08-12 06:06:00
TX007015,CUST02334,805.07,Debit Card,bank_timeout,0,0,1018,10,0,0,0.8,1,2026-08-24 17:03:00
TX007016,CUST00644,1643.89,Net Banking,insufficient_funds,1,1,1237,5,0,0,0.49,0,2026-08-03 08:59:00
TX007017,CUST00341,1058.81,Wallet,bank_timeout,1,1,728,19,0,0,0.66,1,2026-08-10 08:31:00
TX007018,CUST01008,466.88,Net Banking,bank_timeout,4,0,1231,6,0,0,0.56,1,2026-08-26 03:13:00
TX007019,CUST01867,3985.67,UPI,insufficient_funds,0,0,958,1,0,0,0.63,1,2026-08-04 02:35:00
TX007020,CUST00889,1158.87,Debit Card,bank_timeout,0,0,877,18,0,0,0.8,0,2026-08-25 18:02:00
TX007021,CUST01061,8507.54,Debit Card,issuer_declined,0,1,274,8,0,0,0.37,1,2026-08-10 05:29:00
TX007022,CUST02539,215.83,Wallet,insufficient_funds,1,2,273,21,1,0,0.26,0,2026-08-07 17:49:00
TX007023,CUST02507,628.43,Credit Card,bank_timeout,1,0,752,21,0,0,0.74,1,2026-08-25 06:57:00
TX007024,CUST01682,1133.02,Debit Card,bank_timeout,0,0,176,12,0,0,0.75,0,2026-08-17 02:29:00
TX007025,CUST00388,3419.95,UPI,issuer_declined,3,1,664,11,0,0,0.24,0,2026-08-03 13:01:00
TX007026,CUST02760,1635.12,UPI,insufficient_funds,1,1,868,21,0,0,0.49,0,2026-08-09 10:55:00
TX007027,CUST02620,1495.88,UPI,bank_timeout,0,0,1101,8,0,0,0.8,1,2026-08-02 02:36:00
TX007028,CUST01742,355.22,Credit Card,network_error,1,0,1012,16,0,0,0.69,1,2026-08-27 15:02:00
TX007029,CUST02875,344.83,UPI,bank_timeout,1,2,1023,21,0,0,0.58,0,2026-08-27 05:39:00
TX007030,CUST00408,1513.99,Net Banking,bank_timeout,0,0,885,10,1,0,0.7,1,2026-08-22 21:53:00
TX007031,CUST00755,280.31,UPI,issuer_declined,0,0,42,19,0,0,0.45,0,2026-08-23 01:32:00
TX007032,CUST00241,644.27,Credit Card,bank_timeout,1,1,671,21,0,0,0.66,1,2026-08-25 17:43:00
TX007033,CUST01848,1809.7,Wallet,insufficient_funds,3,0,1337,10,0,0,0.45,0,2026-08-07 13:51:00
TX007034,CUST00922,410.62,Credit Card,issuer_declined,1,0,1324,6,0,0,0.44,0,2026-08-08 22:11:00
TX007035,CUST02642,5460.83,UPI,suspicious_transaction,1,0,15,4,0,0,0.09,0,2026-08-12 04:51:00
TX007036,CUST02836,3729.15,UPI,bank_timeout,1,0,277,4,0,0,0.69,0,2026-08-01 16:01:00
TX007037,CUST01046,227.83,Net Banking,suspicious_transaction,0,1,1341,7,1,0,0.02,0,2026-08-06 12:10:00
TX007038,CUST00126,431.66,Net Banking,authentication_failed,2,0,1492,17,0,0,0.33,0,2026-08-14 21:04:00
TX007039,CUST01391,111.52,Credit Card,suspicious_transaction,0,0,1494,7,0,0,0.2,0,2026-08-10 23:19:00
TX007040,CUST01867,501.4,UPI,network_error,1,2,1400,1,0,0,0.53,1,2026-08-04 19:12:00
TX007041,CUST00839,2359.93,Net Banking,bank_timeout,2,2,50,13,1,1,0.29,1,2026-08-18 00:32:00
TX007042,CUST00400,724.95,UPI,issuer_declined,2,3,1140,9,0,0,0.14,0,2026-08-29 10:51:00
TX007043,CUST00963,1738.53,Net Banking,network_error,0,0,27,7,0,0,0.7,0,2026-08-01 04:04:00
TX007044,CUST00692,239.29,Net Banking,authentication_failed,0,0,823,19,0,0,0.45,0,2026-08-29 23:21:00
TX007045,CUST02120,2435.67,Net Banking,bank_timeout,0,1,29,0,0,0,0.67,1,2026-08-04 04:10:00
TX007046,CUST00016,629.48,Credit Card,insufficient_funds,1,2,542,0,0,0,0.41,0,2026-08-20 00:33:00
TX007047,CUST01917,1110.06,Wallet,insufficient_funds,0,1,563,23,0,0,0.55,0,2026-08-05 03:52:00
TX007048,CUST01810,999.37,UPI,bank_timeout,3,1,330,18,0,0,0.49,1,2026-08-08 14:03:00
TX007049,CUST00440,307.49,Credit Card,insufficient_funds,2,1,262,2,0,0,0.38,1,2026-08-02 16:44:00
TX007050,CUST00252,346.17,UPI,issuer_declined,3,2,769,0,0,0,0.16,0,2026-08-01 01:54:00
TX007051,CUST02382,2886.48,Debit Card,authentication_failed,1,0,55,5,1,0,0.24,1,2026-08-01 21:40:00
TX007052,CUST02847,1634.34,Credit Card,issuer_declined,0,0,172,16,0,1,0.37,0,2026-08-11 03:22:00
TX007053,CUST02613,3133.95,UPI,issuer_declined,1,1,618,7,0,0,0.36,1,2026-08-17 00:38:00
TX007054,CUST02523,1517.26,Net Banking,bank_timeout,1,0,30,1,0,0,0.69,1,2026-08-11 10:30:00
TX007055,CUST02600,1265.21,Credit Card,issuer_declined,1,0,1244,14,0,0,0.44,0,2026-08-26 00:01:00
TX007056,CUST02246,195.19,UPI,issuer_declined,1,1,300,0,0,0,0.31,0,2026-08-29 00:47:00
TX007057,CUST01271,836.84,UPI,network_error,0,1,60,3,0,0,0.62,1,2026-08-26 12:47:00
TX007058,CUST01265,1067.01,Credit Card,suspicious_transaction,0,0,1476,14,1,0,0.1,0,2026-08-09 12:41:00
TX007059,CUST02195,7731.88,Debit Card,bank_timeout,1,2,1092,16,0,0,0.58,1,2026-08-09 07:56:00
TX007060,CUST02699,2179.73,Wallet,network_error,0,0,105,1,0,0,0.7,1,2026-08-26 05:21:00
TX007061,CUST02868,5095.24,Debit Card,network_error,3,2,721,18,0,0,0.41,0,2026-08-02 10:28:00
TX007062,CUST00772,1993.28,Credit Card,suspicious_transaction,1,0,490,19,0,1,0.06,0,2026-08-26 01:29:00
TX007063,CUST02243,538.45,Wallet,issuer_declined,2,2,1266,8,1,0,0.12,1,2026-08-27 04:19:00
TX007064,CUST02215,1232.9,UPI,authentication_failed,1,0,702,20,0,0,0.39,0,2026-08-07 15:49:00
TX007065,CUST00586,1388.84,Debit Card,expired_card,0,0,879,10,0,0,0.6,0,2026-08-30 21:24:00
TX007066,CUST01846,428.74,Credit Card,authentication_failed,3,2,1351,11,0,0,0.11,0,2026-08-13 18:26:00
TX007067,CUST02821,746.66,Wallet,issuer_declined,4,1,957,1,0,0,0.18,0,2026-08-13 15:53:00
TX007068,CUST01548,892.68,UPI,insufficient_funds,0,1,115,13,0,0,0.5,1,2026-08-01 02:57:00
TX007069,CUST01730,5462.27,Net Banking,issuer_declined,1,0,1401,5,0,0,0.44,0,2026-08-30 00:32:00
TX007070,CUST00224,136.9,UPI,network_error,3,0,221,0,0,0,0.52,1,2026-08-07 14:10:00
TX007071,CUST00797,3662.2,Credit Card,suspicious_transaction,1,2,813,18,0,0,0.02,0,2026-08-01 17:30:00
TX007072,CUST00254,429.75,Wallet,insufficient_funds,3,0,583,16,0,0,0.45,1,2026-08-15 23:19:00
TX007073,CUST01074,278.08,UPI,expired_card,0,0,296,19,0,0,0.55,1,2026-08-29 05:20:00
TX007074,CUST00338,3568.65,Credit Card,network_error,0,0,971,22,0,0,0.75,1,2026-08-07 13:33:00
TX007075,CUST02817,2279.93,UPI,insufficient_funds,0,0,434,21,0,0,0.63,1,2026-08-21 16:01:00
TX007076,CUST01688,3844.96,Debit Card,insufficient_funds,1,2,814,7,0,0,0.41,0,2026-08-25 02:14:00
TX007077,CUST01432,2442.32,Debit Card,insufficient_funds,0,0,165,16,0,0,0.58,1,2026-08-24 14:33:00
TX007078,CUST00466,8602.82,Wallet,network_error,0,1,408,6,0,0,0.67,1,2026-08-21 05:50:00
TX007079,CUST00626,1917.4,Net Banking,network_error,0,0,337,12,0,0,0.7,1,2026-08-16 07:48:00
TX007080,CUST02694,937.79,Wallet,issuer_declined,0,1,1418,12,0,0,0.42,0,2026-08-09 00:21:00
TX007081,CUST02755,1545.23,Wallet,bank_timeout,2,0,987,9,0,0,0.68,0,2026-08-29 02:06:00
TX007082,CUST01674,3802.71,Credit Card,network_error,0,0,293,8,0,0,0.7,1,2026-08-06 20:54:00
TX007083,CUST00984,503.02,UPI,issuer_declined,1,1,347,2,0,0,0.31,0,2026-08-12 14:46:00
TX007084,CUST01401,571.41,UPI,issuer_declined,0,0,708,1,1,0,0.4,1,2026-08-28 11:53:00
TX007085,CUST02409,805.16,Credit Card,suspicious_transaction,0,0,396,8,0,1,0.12,0,2026-08-29 06:18:00
TX007086,CUST02694,133.68,Credit Card,network_error,1,1,1188,9,0,0,0.61,0,2026-08-07 03:57:00
TX007087,CUST01813,1259.01,UPI,insufficient_funds,0,0,564,19,0,0,0.63,1,2026-08-19 00:09:00
TX007088,CUST02512,166.31,UPI,insufficient_funds,2,0,481,4,0,0,0.51,1,2026-08-21 21:54:00
TX007089,CUST02680,1156.39,Net Banking,insufficient_funds,2,1,1413,23,1,0,0.33,0,2026-08-02 15:20:00
TX007090,CUST01496,2605.27,Credit Card,issuer_declined,3,3,28,19,1,0,0.02,0,2026-08-06 12:03:00
TX007091,CUST01972,680.7,Credit Card,authentication_failed,1,2,591,0,0,0,0.23,0,2026-08-27 04:01:00
TX007092,CUST01111,5867.1,Credit Card,suspicious_transaction,0,0,190,19,0,0,0.15,0,2026-08-22 11:47:00
TX007093,CUST02142,254.55,Net Banking,network_error,0,1,1424,2,0,0,0.67,1,2026-08-19 03:22:00
TX007094,CUST01117,3609.27,Net Banking,expired_card,0,0,583,10,0,0,0.6,0,2026-08-19 20:55:00
TX007095,CUST00656,2154.12,Wallet,issuer_declined,0,1,634,19,0,0,0.42,1,2026-08-22 09:28:00
TX007096,CUST00313,197.15,UPI,network_error,0,1,479,11,0,0,0.67,1,2026-08-12 02:06:00
TX007097,CUST00482,16494.7,UPI,expired_card,1,1,107,13,0,0,0.41,1,2026-08-25 01:16:00
TX007098,CUST00839,1028.91,Wallet,network_error,1,0,572,18,0,0,0.69,1,2026-08-02 19:38:00
TX007099,CUST02996,456.01,Credit Card,issuer_declined,1,2,237,12,1,0,0.13,0,2026-08-08 07:39:00
TX007100,CUST02524,268.52,Net Banking,issuer_declined,0,1,528,9,0,0,0.42,0,2026-08-15 13:50:00
TX007101,CUST01971,880.05,Net Banking,insufficient_funds,2,0,596,0,0,0,0.51,1,2026-08-02 23:37:00
TX007102,CUST01410,965.45,Debit Card,bank_timeout,0,1,1001,8,1,0,0.62,0,2026-08-16 08:26:00
TX007103,CUST00438,1215.18,Net Banking,issuer_declined,0,0,499,16,0,0,0.5,1,2026-08-30 12:39:00
TX007104,CUST00742,814.2,Credit Card,network_error,0,0,804,7,0,0,0.75,0,2026-08-18 10:42:00
TX007105,CUST00411,2065.7,Net Banking,insufficient_funds,1,2,92,9,0,0,0.36,0,2026-08-03 09:49:00
TX007106,CUST00043,744.24,Net Banking,bank_timeout,0,1,58,14,0,0,0.67,1,2026-08-12 23:05:00
TX007107,CUST02108,158.39,Net Banking,insufficient_funds,0,1,1221,1,0,0,0.55,0,2026-08-11 06:09:00
TX007108,CUST02279,944.48,Credit Card,network_error,0,0,110,1,0,0,0.7,1,2026-08-24 22:07:00
TX007109,CUST02465,102.77,Credit Card,bank_timeout,0,1,47,18,0,0,0.67,1,2026-08-28 09:41:00
TX007110,CUST01145,1562.08,Net Banking,expired_card,1,2,451,21,0,0,0.38,0,2026-08-28 09:30:00
TX007111,CUST00046,411.87,Net Banking,expired_card,0,1,73,7,0,0,0.47,1,2026-08-07 17:15:00
TX007112,CUST02800,1291.24,Credit Card,insufficient_funds,2,1,491,11,0,0,0.43,0,2026-08-07 04:26:00
TX007113,CUST01905,4080.91,UPI,issuer_declined,0,1,58,20,1,0,0.27,0,2026-08-25 08:39:00
TX007114,CUST01820,424.64,Credit Card,bank_timeout,1,1,904,15,0,0,0.66,0,2026-08-22 04:07:00
TX007115,CUST02240,3169.27,Wallet,insufficient_funds,0,0,1050,20,0,0,0.63,1,2026-08-23 14:14:00
TX007116,CUST00537,710.96,UPI,authentication_failed,0,1,436,4,0,0,0.37,0,2026-08-18 02:38:00
TX007117,CUST01450,6330.88,Net Banking,issuer_declined,4,1,821,14,0,0,0.18,0,2026-08-03 23:40:00
TX007118,CUST02324,761.16,Net Banking,authentication_failed,0,0,1074,2,0,0,0.45,0,2026-08-12 17:07:00
TX007119,CUST00840,473.19,Wallet,insufficient_funds,0,0,144,11,0,1,0.5,0,2026-08-25 06:02:00
TX007120,CUST00861,2180.35,Debit Card,expired_card,0,1,1337,17,0,0,0.52,1,2026-08-04 03:07:00
TX007121,CUST01129,709.25,UPI,suspicious_transaction,0,1,448,14,0,1,0.04,0,2026-08-10 00:31:00
TX007122,CUST00766,472.74,Debit Card,insufficient_funds,1,0,1435,12,0,0,0.57,0,2026-08-30 08:10:00
TX007123,CUST01500,680.05,Credit Card,issuer_declined,2,1,1408,13,1,0,0.2,1,2026-08-27 01:34:00
TX007124,CUST02383,1048.79,UPI,issuer_declined,2,0,142,19,0,0,0.33,0,2026-08-26 11:45:00
TX007125,CUST02354,4197.23,Wallet,bank_timeout,2,2,484,22,0,0,0.52,1,2026-08-17 11:27:00
TX007126,CUST02033,158.52,Debit Card,authentication_failed,0,0,646,18,0,1,0.37,0,2026-08-26 08:20:00
TX007127,CUST01651,1122.24,Wallet,issuer_declined,1,2,455,23,0,0,0.28,0,2026-08-05 16:32:00
TX007128,CUST00202,2048.58,Net Banking,bank_timeout,0,1,278,3,0,1,0.59,1,2026-08-16 07:12:00
TX007129,CUST02444,1330.68,UPI,bank_timeout,0,1,946,0,0,0,0.72,0,2026-08-04 20:22:00
TX007130,CUST01063,4063.77,Wallet,bank_timeout,0,0,38,5,0,0,0.75,1,2026-08-26 09:29:00
TX007131,CUST01493,1018.06,Debit Card,authentication_failed,0,0,1241,15,0,0,0.45,1,2026-08-25 17:42:00
TX007132,CUST01471,911.83,Debit Card,bank_timeout,5,3,323,11,0,0,0.21,1,2026-08-11 19:31:00
TX007133,CUST01298,1982.93,Credit Card,network_error,2,2,835,19,0,0,0.47,1,2026-08-01 15:53:00
TX007134,CUST01931,1211.14,UPI,issuer_declined,2,1,972,6,0,0,0.3,1,2026-08-16 16:55:00
TX007135,CUST02672,742.18,Credit Card,insufficient_funds,1,0,959,9,0,0,0.57,1,2026-08-25 04:34:00
TX007136,CUST01233,1837.47,Debit Card,insufficient_funds,1,0,732,4,0,0,0.57,1,2026-08-03 06:49:00
TX007137,CUST02332,571.05,UPI,bank_timeout,4,2,659,16,0,0,0.4,0,2026-08-10 01:25:00
TX007138,CUST00449,595.16,Credit Card,bank_timeout,0,0,475,14,0,0,0.8,1,2026-08-14 17:17:00
TX007139,CUST00173,646.78,Debit Card,expired_card,0,1,1,3,0,0,0.47,0,2026-08-21 22:36:00
TX007140,CUST02225,4243.18,Debit Card,expired_card,2,3,65,19,0,0,0.19,0,2026-08-29 05:37:00
TX007141,CUST02197,100.0,Net Banking,issuer_declined,4,0,44,4,0,0,0.21,0,2026-08-04 04:01:00
TX007142,CUST01184,1628.8,Net Banking,issuer_declined,1,0,1155,21,0,0,0.44,1,2026-08-02 00:09:00
TX007143,CUST01604,1134.87,UPI,issuer_declined,1,0,164,19,0,0,0.39,0,2026-08-24 05:16:00
TX007144,CUST02918,204.21,Net Banking,insufficient_funds,0,1,955,20,0,1,0.47,0,2026-08-09 08:22:00
TX007145,CUST00576,1494.77,Debit Card,network_error,3,0,925,15,0,1,0.49,0,2026-08-25 20:49:00
TX007146,CUST02642,1764.73,Wallet,bank_timeout,1,0,408,18,0,0,0.74,0,2026-08-15 00:38:00
TX007147,CUST02627,1977.6,Debit Card,insufficient_funds,1,2,1291,0,0,1,0.33,0,2026-08-29 01:36:00
TX007148,CUST01558,100.0,Debit Card,bank_timeout,0,0,145,23,1,0,0.65,1,2026-08-23 21:59:00
TX007149,CUST00651,4300.08,Credit Card,authentication_failed,0,1,18,3,0,0,0.32,1,2026-08-12 14:13:00
TX007150,CUST01101,524.4,Debit Card,bank_timeout,1,1,169,6,0,0,0.61,1,2026-08-25 15:09:00
TX007151,CUST02741,2178.88,Debit Card,expired_card,1,0,250,10,0,0,0.49,1,2026-08-29 11:08:00
TX007152,CUST01866,2300.94,Debit Card,issuer_declined,0,0,1153,3,0,0,0.5,1,2026-08-27 22:15:00
TX007153,CUST01152,456.37,Wallet,bank_timeout,0,1,269,23,0,0,0.67,1,2026-08-29 20:21:00
TX007154,CUST01618,2122.73,UPI,insufficient_funds,0,0,390,20,0,0,0.63,0,2026-08-01 23:30:00
TX007155,CUST00608,745.84,UPI,network_error,2,1,292,0,0,0,0.5,0,2026-08-13 20:38:00
TX007156,CUST01380,138.19,Credit Card,insufficient_funds,0,1,1054,10,0,0,0.55,1,2026-08-07 19:35:00
TX007157,CUST00916,3525.37,Credit Card,issuer_declined,0,0,430,17,0,0,0.5,1,2026-08-01 08:08:00
TX007158,CUST01309,505.2,UPI,expired_card,0,1,135,7,1,0,0.37,0,2026-08-29 06:08:00
TX007159,CUST01607,466.62,Credit Card,expired_card,0,1,596,20,0,0,0.52,1,2026-08-01 22:17:00
TX007160,CUST00896,732.84,Debit Card,issuer_declined,0,1,736,10,0,0,0.42,1,2026-08-06 00:12:00
TX007161,CUST01636,1439.77,Wallet,suspicious_transaction,1,1,994,11,0,0,0.06,0,2026-08-26 20:24:00
TX007162,CUST02989,1035.59,UPI,issuer_declined,0,0,891,10,0,0,0.5,0,2026-08-07 16:00:00
TX007163,CUST02495,1897.07,Credit Card,issuer_declined,1,2,1072,12,0,0,0.28,0,2026-08-05 21:58:00
TX007164,CUST02164,287.3,Net Banking,authentication_failed,3,3,552,19,0,0,0.03,0,2026-08-01 14:37:00
TX007165,CUST01703,521.97,UPI,insufficient_funds,0,0,389,3,0,0,0.63,1,2026-08-15 10:13:00
TX007166,CUST00761,976.53,UPI,suspicious_transaction,0,1,1269,5,0,0,0.12,0,2026-08-17 04:08:00
TX007167,CUST00119,7316.5,Net Banking,insufficient_funds,0,1,1082,16,0,0,0.55,0,2026-08-29 09:01:00
TX007168,CUST00988,978.66,Wallet,insufficient_funds,1,1,1395,21,1,0,0.39,1,2026-08-23 18:16:00
TX007169,CUST00087,3246.14,Net Banking,network_error,0,0,331,0,0,0,0.7,0,2026-08-10 17:11:00
TX007170,CUST01694,1139.74,UPI,bank_timeout,0,0,496,5,0,0,0.8,1,2026-08-14 02:44:00
TX007171,CUST00548,676.1,UPI,issuer_declined,0,0,1472,18,0,0,0.5,1,2026-08-23 00:03:00
TX007172,CUST00290,856.86,Wallet,issuer_declined,0,0,500,22,0,0,0.5,0,2026-08-30 18:31:00
TX007173,CUST00854,926.65,Credit Card,suspicious_transaction,5,1,1166,6,0,0,0.02,0,2026-08-17 04:33:00
TX007174,CUST02858,2005.49,Net Banking,bank_timeout,2,3,413,2,1,0,0.34,0,2026-08-19 18:53:00
TX007175,CUST02006,4335.58,Net Banking,expired_card,4,3,736,17,0,0,0.12,1,2026-08-05 09:27:00
TX007176,CUST02899,1571.33,Net Banking,authentication_failed,1,0,71,21,0,0,0.34,0,2026-08-13 11:49:00
TX007177,CUST00646,3594.2,Net Banking,bank_timeout,4,0,1500,11,0,0,0.56,1,2026-08-16 03:20:00
TX007178,CUST02713,417.89,Net Banking,expired_card,0,0,384,19,0,1,0.52,0,2026-08-04 01:08:00
TX007179,CUST00668,724.42,Wallet,authentication_failed,0,0,1155,2,0,0,0.45,1,2026-08-24 22:33:00
TX007180,CUST00766,531.5,Net Banking,insufficient_funds,4,0,936,18,0,0,0.39,1,2026-08-29 20:05:00
TX007181,CUST02298,1501.84,Net Banking,network_error,0,0,165,22,0,0,0.7,0,2026-08-12 18:02:00
TX007182,CUST01273,765.89,UPI,issuer_declined,0,1,586,6,0,0,0.42,0,2026-08-16 06:53:00
TX007183,CUST02458,2275.09,Wallet,bank_timeout,4,0,442,4,0,0,0.56,1,2026-08-01 15:25:00
TX007184,CUST00389,432.25,Credit Card,expired_card,0,1,1368,8,0,0,0.52,1,2026-08-18 18:33:00
TX007185,CUST01080,1144.85,UPI,network_error,0,1,1285,18,1,0,0.57,1,2026-08-17 21:54:00
TX007186,CUST00587,2179.52,Net Banking,issuer_declined,5,2,729,13,0,0,0.04,0,2026-08-29 20:02:00
TX007187,CUST00729,139.03,Wallet,bank_timeout,1,0,865,10,1,0,0.64,1,2026-08-09 10:37:00
TX007188,CUST02347,9151.12,Wallet,bank_timeout,2,1,921,1,0,0,0.6,1,2026-08-16 20:58:00
TX007189,CUST00497,826.21,UPI,bank_timeout,1,0,1391,5,0,0,0.74,1,2026-08-20 17:06:00
TX007190,CUST00405,144.74,Debit Card,insufficient_funds,2,2,1430,2,1,0,0.25,0,2026-08-22 13:40:00
TX007191,CUST02839,1284.46,Debit Card,suspicious_transaction,0,0,1148,10,0,0,0.2,0,2026-08-10 21:00:00
TX007192,CUST00702,1133.93,Wallet,insufficient_funds,1,0,597,0,0,0,0.57,0,2026-08-25 08:50:00
TX007193,CUST00383,1010.4,Debit Card,authentication_failed,0,0,824,4,0,0,0.45,0,2026-08-24 16:33:00
TX007194,CUST02990,2954.81,UPI,insufficient_funds,0,1,1485,17,0,0,0.55,0,2026-08-20 15:56:00
TX007195,CUST01191,2315.65,Credit Card,network_error,1,2,800,17,0,0,0.53,1,2026-08-23 04:25:00
TX007196,CUST02828,1477.16,Debit Card,expired_card,2,3,1230,4,0,0,0.24,1,2026-08-28 20:30:00
TX007197,CUST00205,1720.13,UPI,issuer_declined,3,3,249,1,0,1,0.02,0,2026-08-05 14:49:00
TX007198,CUST02007,987.96,UPI,issuer_declined,0,1,1115,20,0,0,0.42,1,2026-08-14 14:51:00
TX007199,CUST02091,6473.62,UPI,issuer_declined,0,1,1492,0,0,0,0.42,1,2026-08-22 23:36:00
TX007200,CUST00231,249.84,UPI,insufficient_funds,0,0,867,4,0,0,0.63,1,2026-08-03 08:34:00
TX007201,CUST01850,1260.99,Net Banking,bank_timeout,0,1,890,15,0,0,0.72,1,2026-08-19 07:32:00
TX007202,CUST01576,1170.31,UPI,insufficient_funds,1,2,1393,23,0,0,0.41,1,2026-08-29 17:50:00
TX007203,CUST01279,2473.23,Debit Card,expired_card,0,0,559,23,0,0,0.6,1,2026-08-17 02:42:00
TX007204,CUST00910,471.61,Wallet,insufficient_funds,5,2,648,3,0,0,0.17,0,2026-08-19 21:52:00
TX007205,CUST01727,191.78,Net Banking,suspicious_transaction,0,0,703,11,0,0,0.2,1,2026-08-22 05:11:00
TX007206,CUST02209,1282.83,Credit Card,authentication_failed,0,0,778,17,0,0,0.45,0,2026-08-02 02:05:00
TX007207,CUST01601,1452.77,Credit Card,issuer_declined,4,2,854,23,0,0,0.1,0,2026-08-01 01:24:00
TX007208,CUST01184,4863.92,Debit Card,expired_card,0,0,890,22,0,0,0.6,1,2026-08-10 09:00:00
TX007209,CUST01473,307.86,Wallet,bank_timeout,3,3,24,0,0,0,0.33,0,2026-08-18 22:43:00
TX007210,CUST00746,3479.67,Net Banking,suspicious_transaction,3,2,1094,12,1,0,0.02,0,2026-08-12 16:43:00
TX007211,CUST00043,11700.82,Wallet,issuer_declined,4,3,530,4,0,0,0.02,0,2026-08-22 06:48:00
TX007212,CUST00479,751.62,Credit Card,bank_timeout,2,1,968,11,0,0,0.6,0,2026-08-09 09:03:00
TX007213,CUST00136,301.59,UPI,insufficient_funds,0,0,891,17,0,0,0.63,1,2026-08-22 08:55:00
TX007214,CUST01162,729.99,Wallet,bank_timeout,3,1,474,20,0,0,0.54,1,2026-08-24 12:15:00
TX007215,CUST02581,1112.1,Debit Card,expired_card,1,0,1144,6,0,0,0.54,1,2026-08-03 20:05:00
TX007216,CUST01845,1927.13,Debit Card,insufficient_funds,0,0,649,10,0,0,0.63,0,2026-08-20 12:00:00
TX007217,CUST02860,607.05,UPI,network_error,0,1,239,20,1,0,0.52,0,2026-08-15 13:59:00
TX007218,CUST02280,5193.68,Debit Card,issuer_declined,1,2,1191,6,0,0,0.28,0,2026-08-05 04:58:00
TX007219,CUST01835,359.77,Net Banking,insufficient_funds,2,1,1040,8,0,0,0.43,1,2026-08-13 07:03:00
TX007220,CUST01853,192.63,Net Banking,suspicious_transaction,1,1,316,16,1,0,0.02,0,2026-08-21 19:12:00
TX007221,CUST00302,3316.65,Debit Card,bank_timeout,0,1,772,8,1,0,0.62,1,2026-08-22 14:10:00
TX007222,CUST00967,112.77,Net Banking,bank_timeout,5,2,922,23,0,0,0.34,0,2026-08-06 04:57:00
TX007223,CUST01600,894.15,Debit Card,authentication_failed,1,2,192,3,0,1,0.1,0,2026-08-30 19:04:00
TX007224,CUST02476,24777.25,Debit Card,issuer_declined,1,2,653,4,1,0,0.18,1,2026-08-07 05:48:00
TX007225,CUST00461,1083.51,Debit Card,insufficient_funds,0,1,504,6,0,0,0.55,0,2026-08-22 12:39:00
TX007226,CUST02332,357.53,Wallet,issuer_declined,0,1,1215,1,1,0,0.32,0,2026-08-29 07:00:00
TX007227,CUST02636,1035.46,UPI,expired_card,0,0,403,14,1,0,0.5,0,2026-08-18 06:08:00
TX007228,CUST00932,1042.31,Wallet,network_error,1,2,833,23,0,1,0.45,1,2026-08-10 20:32:00
TX007229,CUST01672,1287.75,Debit Card,insufficient_funds,1,2,1432,18,1,0,0.31,0,2026-08-04 09:31:00
TX007230,CUST02413,2126.56,UPI,network_error,0,1,255,5,0,0,0.62,0,2026-08-13 12:07:00
TX007231,CUST00047,387.95,Debit Card,network_error,0,0,1039,21,0,0,0.75,1,2026-08-16 00:14:00
TX007232,CUST01144,5928.63,Net Banking,bank_timeout,2,3,1445,8,1,0,0.34,0,2026-08-20 21:22:00
TX007233,CUST02114,1401.24,Debit Card,network_error,0,0,642,10,0,0,0.75,1,2026-08-23 22:20:00
TX007234,CUST01561,2268.32,Wallet,issuer_declined,0,0,11,4,0,1,0.37,0,2026-08-20 04:51:00
TX007235,CUST01125,585.14,Net Banking,issuer_declined,0,1,1363,11,0,0,0.42,0,2026-08-07 01:21:00
TX007236,CUST02812,3969.45,Net Banking,issuer_declined,2,1,616,21,0,0,0.3,0,2026-08-11 22:44:00
TX007237,CUST01178,848.06,Credit Card,expired_card,1,0,945,10,0,0,0.54,0,2026-08-24 07:57:00
TX007238,CUST01534,1447.44,Net Banking,issuer_declined,4,0,784,20,0,0,0.26,0,2026-08-26 01:39:00
TX007239,CUST02496,431.34,Credit Card,issuer_declined,1,1,181,12,0,0,0.31,1,2026-08-05 17:41:00
TX007240,CUST00494,404.67,Net Banking,bank_timeout,2,2,241,5,0,0,0.47,0,2026-08-16 21:32:00
TX007241,CUST00856,2182.45,Credit Card,issuer_declined,1,2,773,7,0,0,0.28,0,2026-08-24 23:07:00
TX007242,CUST01356,703.73,Debit Card,issuer_declined,0,1,5,19,0,0,0.37,0,2026-08-29 10:57:00
TX007243,CUST01618,466.93,UPI,bank_timeout,1,2,529,18,0,0,0.58,0,2026-08-01 07:10:00
TX007244,CUST01644,576.41,UPI,authentication_failed,1,0,1047,4,1,0,0.29,1,2026-08-14 15:37:00
TX007245,CUST02292,2206.04,Net Banking,issuer_declined,1,1,1447,17,1,0,0.26,1,2026-08-08 10:16:00
TX007246,CUST01062,584.62,UPI,bank_timeout,0,0,1146,2,0,0,0.8,1,2026-08-15 15:52:00
TX007247,CUST02853,974.91,Debit Card,bank_timeout,0,1,1299,13,0,1,0.64,1,2026-08-29 02:56:00
TX007248,CUST01183,1113.24,UPI,suspicious_transaction,0,0,584,2,1,0,0.1,0,2026-08-11 04:53:00
TX007249,CUST01718,161.2,UPI,authentication_failed,0,0,542,1,0,0,0.45,0,2026-08-10 04:36:00
TX007250,CUST00150,251.86,UPI,issuer_declined,0,1,422,5,0,0,0.42,0,2026-08-11 07:41:00
TX007251,CUST00904,1534.99,UPI,insufficient_funds,0,0,1225,18,0,0,0.63,0,2026-08-26 01:18:00
TX007252,CUST00269,524.78,Net Banking,network_error,0,0,589,9,0,0,0.75,1,2026-08-16 15:49:00
TX007253,CUST00638,3154.94,UPI,issuer_declined,0,0,1375,20,0,0,0.5,0,2026-08-23 13:31:00
TX007254,CUST01256,2883.64,Net Banking,suspicious_transaction,1,1,1163,4,0,1,0.02,0,2026-08-04 05:53:00
TX007255,CUST00942,2251.09,Net Banking,bank_timeout,2,3,1228,14,0,0,0.44,0,2026-08-01 17:39:00
TX007256,CUST02289,6766.72,Net Banking,insufficient_funds,3,0,938,16,0,0,0.45,0,2026-08-30 13:26:00
TX007257,CUST00917,1009.2,Wallet,network_error,0,0,1170,9,0,0,0.75,1,2026-08-15 23:40:00
TX007258,CUST02015,2098.3,Credit Card,bank_timeout,0,1,335,3,1,0,0.57,0,2026-08-06 09:32:00
TX007259,CUST01063,611.31,Net Banking,insufficient_funds,0,0,500,2,0,0,0.63,0,2026-08-14 03:38:00
TX007260,CUST02355,12738.32,Credit Card,bank_timeout,0,0,571,19,0,0,0.8,1,2026-08-13 16:30:00
TX007261,CUST00408,7971.55,Net Banking,issuer_declined,2,2,1438,3,0,0,0.22,1,2026-08-04 05:11:00
TX007262,CUST01687,1109.74,Debit Card,authentication_failed,2,0,467,19,0,0,0.33,0,2026-08-06 21:20:00
TX007263,CUST00473,1614.19,UPI,insufficient_funds,1,1,1256,1,0,0,0.49,0,2026-08-04 15:17:00
TX007264,CUST00442,4269.69,Debit Card,expired_card,0,0,348,0,0,0,0.55,1,2026-08-14 01:51:00
TX007265,CUST00262,946.58,Wallet,issuer_declined,0,1,860,23,0,0,0.42,1,2026-08-01 19:59:00
TX007266,CUST02480,568.71,Wallet,issuer_declined,1,1,791,16,0,1,0.28,1,2026-08-11 02:36:00
TX007267,CUST00316,2628.03,Debit Card,issuer_declined,0,0,193,8,0,0,0.45,0,2026-08-24 13:02:00
TX007268,CUST02647,1186.12,Credit Card,network_error,0,1,497,8,0,0,0.67,0,2026-08-20 12:46:00
TX007269,CUST00682,1316.85,Debit Card,authentication_failed,0,0,1171,3,0,0,0.45,1,2026-08-21 02:58:00
TX007270,CUST00816,476.15,UPI,insufficient_funds,2,2,21,7,0,0,0.3,0,2026-08-01 13:32:00
TX007271,CUST02819,196.83,Credit Card,expired_card,0,1,19,13,0,0,0.47,0,2026-08-29 14:47:00
TX007272,CUST02748,1388.73,Net Banking,expired_card,1,1,133,15,0,0,0.41,0,2026-08-15 06:19:00
TX007273,CUST00900,2710.7,Credit Card,insufficient_funds,5,1,1303,12,0,0,0.25,0,2026-08-05 22:29:00
TX007274,CUST01067,874.97,Wallet,bank_timeout,0,1,1264,0,0,0,0.72,1,2026-08-01 13:37:00
TX007275,CUST00975,4612.06,UPI,insufficient_funds,0,0,634,6,0,0,0.63,1,2026-08-20 07:49:00
TX007276,CUST00821,542.44,UPI,insufficient_funds,3,0,776,13,0,0,0.45,0,2026-08-14 01:22:00
TX007277,CUST02507,381.95,Debit Card,bank_timeout,0,1,618,9,0,0,0.72,1,2026-08-05 06:41:00
TX007278,CUST01989,1025.33,Wallet,bank_timeout,0,0,26,4,0,0,0.75,0,2026-08-27 07:27:00
TX007279,CUST02696,1009.7,Credit Card,authentication_failed,0,1,680,10,0,0,0.37,0,2026-08-30 08:29:00
TX007280,CUST00703,2368.4,Wallet,expired_card,0,0,402,22,0,0,0.6,1,2026-08-02 08:54:00
TX007281,CUST00215,505.24,UPI,bank_timeout,3,2,888,16,0,0,0.46,0,2026-08-28 04:16:00
TX007282,CUST00207,4307.42,Credit Card,suspicious_transaction,2,2,1248,12,0,0,0.02,0,2026-08-06 05:36:00
TX007283,CUST01650,7839.4,Wallet,insufficient_funds,1,2,348,22,0,0,0.36,0,2026-08-21 15:41:00
TX007284,CUST02379,1054.54,Credit Card,authentication_failed,1,1,1270,13,0,0,0.31,0,2026-08-06 16:47:00
TX007285,CUST00527,3826.52,Credit Card,network_error,0,1,69,11,0,0,0.62,1,2026-08-04 03:05:00
TX007286,CUST01283,381.27,Net Banking,issuer_declined,0,0,74,2,0,0,0.45,0,2026-08-03 21:21:00
TX007287,CUST00736,3213.84,Debit Card,suspicious_transaction,1,1,1390,18,0,0,0.06,0,2026-08-03 14:16:00
TX007288,CUST00601,3125.27,UPI,network_error,0,1,1318,1,0,0,0.67,1,2026-08-18 11:51:00
TX007289,CUST02927,2600.44,UPI,insufficient_funds,2,1,308,21,0,0,0.38,0,2026-08-28 05:22:00
TX007290,CUST02887,1079.7,UPI,network_error,2,2,927,7,0,0,0.47,1,2026-08-07 03:22:00
TX007291,CUST01646,100.0,UPI,bank_timeout,3,2,295,12,0,0,0.41,0,2026-08-10 09:04:00
TX007292,CUST00685,577.25,UPI,authentication_failed,1,2,164,4,0,0,0.18,0,2026-08-30 18:26:00
TX007293,CUST02544,586.45,UPI,network_error,0,1,680,12,0,0,0.67,1,2026-08-16 22:31:00
TX007294,CUST01965,412.3,Credit Card,bank_timeout,2,1,1355,23,0,0,0.6,1,2026-08-21 02:40:00
TX007295,CUST00326,1239.23,Debit Card,issuer_declined,0,0,1276,4,0,0,0.5,1,2026-08-24 18:12:00
TX007296,CUST00870,721.29,Credit Card,insufficient_funds,0,0,240,13,0,0,0.58,0,2026-08-13 04:50:00
TX007297,CUST00991,480.77,Debit Card,bank_timeout,1,1,1296,14,0,0,0.66,0,2026-08-17 21:25:00
TX007298,CUST00341,380.39,Debit Card,authentication_failed,0,1,534,10,0,0,0.37,0,2026-08-06 07:48:00
TX007299,CUST01495,536.19,UPI,insufficient_funds,2,1,1048,13,1,0,0.33,1,2026-08-16 22:21:00
TX007300,CUST01234,3366.06,UPI,expired_card,0,0,399,4,0,0,0.6,1,2026-08-27 20:24:00
TX007301,CUST02473,566.22,Debit Card,bank_timeout,0,0,1447,22,0,0,0.8,1,2026-08-20 00:10:00
TX007302,CUST02903,655.28,Debit Card,authentication_failed,0,0,292,11,0,0,0.4,0,2026-08-19 20:50:00
TX007303,CUST01900,694.58,UPI,insufficient_funds,3,0,88,12,0,1,0.32,1,2026-08-04 21:17:00
TX007304,CUST02881,1539.16,Credit Card,expired_card,0,0,333,6,0,0,0.55,1,2026-08-14 20:54:00
TX007305,CUST00917,1730.65,Credit Card,expired_card,2,2,653,6,0,0,0.32,0,2026-08-02 17:05:00
TX007306,CUST00564,100.0,Net Banking,insufficient_funds,0,0,353,2,0,0,0.58,1,2026-08-12 10:02:00
TX007307,CUST01288,3046.15,Wallet,authentication_failed,3,1,465,19,0,0,0.19,0,2026-08-25 11:01:00
TX007308,CUST01076,4611.77,Credit Card,insufficient_funds,2,0,1224,18,0,1,0.43,0,2026-08-09 15:48:00
TX007309,CUST02378,383.68,UPI,bank_timeout,4,2,1291,0,0,1,0.32,0,2026-08-25 03:47:00
TX007310,CUST00318,414.76,Net Banking,network_error,2,1,1416,10,0,0,0.55,1,2026-08-03 20:50:00
TX007311,CUST01496,699.07,Credit Card,expired_card,0,0,1144,7,0,0,0.6,1,2026-08-13 12:30:00
TX007312,CUST02620,514.91,Wallet,issuer_declined,2,2,349,22,0,0,0.17,1,2026-08-19 23:19:00
TX007313,CUST01078,1371.87,Wallet,suspicious_transaction,0,1,916,21,0,0,0.12,0,2026-08-09 10:02:00
TX007314,CUST01099,156.57,Net Banking,network_error,1,2,545,19,0,0,0.53,0,2026-08-20 17:27:00
TX007315,CUST00824,358.55,Wallet,expired_card,1,1,1043,0,1,0,0.36,0,2026-08-28 21:30:00
TX007316,CUST00790,5111.24,UPI,bank_timeout,0,1,573,5,0,0,0.72,1,2026-08-26 14:15:00
TX007317,CUST00731,433.45,Wallet,bank_timeout,1,0,317,10,0,0,0.69,1,2026-08-28 00:51:00
TX007318,CUST00269,3802.55,Net Banking,expired_card,0,1,322,19,0,0,0.47,1,2026-08-29 00:31:00
TX007319,CUST02830,1564.53,UPI,insufficient_funds,0,0,265,18,0,1,0.5,1,2026-08-03 04:25:00
TX007320,CUST00480,179.6,Credit Card,issuer_declined,0,0,1389,6,0,0,0.5,0,2026-08-20 00:15:00
TX007321,CUST00017,2070.05,Wallet,insufficient_funds,0,1,978,15,0,0,0.55,1,2026-08-02 00:04:00
TX007322,CUST01073,974.9,Net Banking,authentication_failed,0,0,89,21,0,0,0.4,0,2026-08-14 12:31:00
TX007323,CUST02022,695.43,Wallet,insufficient_funds,0,1,511,0,0,1,0.47,1,2026-08-18 15:24:00
TX007324,CUST02476,1401.02,Debit Card,bank_timeout,0,1,515,6,0,0,0.72,0,2026-08-30 09:53:00
TX007325,CUST02654,1762.76,Debit Card,network_error,1,0,301,2,0,0,0.64,0,2026-08-29 06:11:00
TX007326,CUST00910,2225.18,Credit Card,authentication_failed,0,1,1300,0,0,0,0.37,0,2026-08-25 03:45:00
TX007327,CUST00996,3562.62,Debit Card,authentication_failed,0,0,299,10,0,0,0.4,0,2026-08-15 00:40:00
TX007328,CUST00106,1649.35,Credit Card,insufficient_funds,4,1,279,4,0,0,0.26,0,2026-08-27 16:22:00
TX007329,CUST00739,277.1,UPI,insufficient_funds,5,3,670,16,0,0,0.09,0,2026-08-29 11:23:00
TX007330,CUST02097,682.9,Debit Card,network_error,2,1,1257,18,0,0,0.55,1,2026-08-06 02:53:00
TX007331,CUST02117,20807.07,UPI,issuer_declined,5,0,1258,14,0,1,0.12,0,2026-08-18 02:18:00
TX007332,CUST00820,2263.1,Debit Card,bank_timeout,1,2,224,17,0,0,0.53,0,2026-08-22 07:03:00
TX007333,CUST01882,11722.76,Debit Card,issuer_declined,0,1,1305,1,0,0,0.42,1,2026-08-30 18:43:00
TX007334,CUST02679,4426.81,Credit Card,suspicious_transaction,2,1,1321,8,0,0,0.02,0,2026-08-09 23:17:00
TX007335,CUST02948,1396.61,Debit Card,authentication_failed,0,1,623,7,0,0,0.37,1,2026-08-15 17:49:00
TX007336,CUST01089,1482.38,Net Banking,network_error,1,0,970,17,1,0,0.59,1,2026-08-15 01:47:00
TX007337,CUST02261,1057.24,Debit Card,suspicious_transaction,4,3,1121,22,0,0,0.02,0,2026-08-23 18:25:00
TX007338,CUST01462,192.9,Debit Card,bank_timeout,1,0,196,3,0,0,0.69,1,2026-08-11 07:15:00
TX007339,CUST02968,1116.6,Net Banking,bank_timeout,1,2,657,10,0,0,0.58,1,2026-08-16 05:09:00
TX007340,CUST01118,3680.02,UPI,authentication_failed,0,0,1431,17,0,0,0.45,1,2026-08-28 15:55:00
TX007341,CUST01249,602.06,UPI,issuer_declined,1,0,319,11,0,1,0.31,0,2026-08-04 20:34:00
TX007342,CUST02605,1655.66,UPI,suspicious_transaction,1,2,51,11,1,0,0.02,0,2026-08-08 18:24:00
TX007343,CUST02739,2569.82,Wallet,bank_timeout,0,1,1033,22,0,1,0.64,0,2026-08-05 23:04:00
TX007344,CUST00141,441.56,Net Banking,network_error,3,2,207,18,0,0,0.36,1,2026-08-13 09:54:00
TX007345,CUST01464,698.33,Debit Card,insufficient_funds,2,1,595,15,0,0,0.43,0,2026-08-15 09:26:00
TX007346,CUST02190,396.27,Debit Card,issuer_declined,1,0,99,11,1,0,0.29,0,2026-08-02 00:29:00
TX007347,CUST00574,481.95,Net Banking,insufficient_funds,1,1,975,14,0,0,0.49,1,2026-08-09 01:04:00
TX007348,CUST00196,302.59,Credit Card,insufficient_funds,1,0,901,14,0,0,0.57,0,2026-08-21 03:40:00
TX007349,CUST02552,445.66,Debit Card,network_error,0,0,785,12,0,1,0.67,1,2026-08-17 07:18:00
TX007350,CUST00831,4534.43,Debit Card,bank_timeout,5,1,1145,12,0,0,0.42,0,2026-08-25 09:51:00
TX007351,CUST01952,439.01,Wallet,bank_timeout,1,2,1403,14,0,0,0.58,0,2026-08-21 15:56:00
TX007352,CUST02600,1244.46,Credit Card,insufficient_funds,4,1,160,10,0,0,0.26,0,2026-08-22 11:19:00
TX007353,CUST00297,663.24,Credit Card,authentication_failed,1,1,975,21,0,0,0.31,0,2026-08-29 23:15:00
TX007354,CUST02600,3564.81,UPI,insufficient_funds,0,1,505,19,0,1,0.47,1,2026-08-10 22:27:00
TX007355,CUST01672,4069.04,Debit Card,authentication_failed,1,2,1113,10,1,0,0.13,0,2026-08-08 02:04:00
TX007356,CUST02950,2602.09,UPI,issuer_declined,2,2,944,9,1,0,0.12,0,2026-08-11 04:19:00
TX007357,CUST01949,1489.41,Debit Card,bank_timeout,3,3,1,10,0,0,0.33,1,2026-08-22 20:44:00
TX007358,CUST02083,870.39,Net Banking,expired_card,3,1,476,15,0,0,0.34,0,2026-08-11 19:08:00
TX007359,CUST01482,332.99,Net Banking,insufficient_funds,3,2,889,8,0,0,0.29,1,2026-08-29 03:28:00
TX007360,CUST02375,7658.17,Wallet,bank_timeout,0,1,168,15,0,0,0.67,0,2026-08-05 09:06:00
TX007361,CUST01732,513.03,Wallet,insufficient_funds,0,1,1077,18,0,0,0.55,0,2026-08-16 07:14:00
TX007362,CUST00423,2129.51,Net Banking,bank_timeout,1,1,582,6,0,0,0.66,0,2026-08-05 19:49:00
TX007363,CUST00008,3163.92,UPI,insufficient_funds,2,0,1479,14,0,1,0.43,0,2026-08-13 01:48:00
TX007364,CUST01501,629.37,Credit Card,bank_timeout,1,2,939,20,0,1,0.5,1,2026-08-13 13:44:00
TX007365,CUST02720,3096.45,Credit Card,network_error,5,0,504,6,0,0,0.45,1,2026-08-24 22:09:00
TX007366,CUST00225,2354.81,UPI,network_error,3,3,1448,11,0,0,0.33,1,2026-08-08 22:04:00
TX007367,CUST02971,6173.15,Net Banking,bank_timeout,4,3,1296,23,0,0,0.32,0,2026-08-18 13:33:00
TX007368,CUST00302,685.85,Wallet,insufficient_funds,1,1,268,0,0,0,0.44,1,2026-08-25 08:04:00
TX007369,CUST01872,303.12,Wallet,bank_timeout,1,0,330,17,0,0,0.69,0,2026-08-20 13:06:00
TX007370,CUST01425,661.5,Debit Card,bank_timeout,0,0,1103,9,0,1,0.72,1,2026-08-17 01:20:00
TX007371,CUST00420,1351.34,Debit Card,insufficient_funds,0,0,1234,10,0,0,0.63,1,2026-08-28 04:37:00
TX007372,CUST00062,1162.37,Debit Card,suspicious_transaction,0,1,1408,1,0,0,0.12,1,2026-08-23 21:19:00
TX007373,CUST00819,739.93,Debit Card,bank_timeout,0,1,596,14,0,0,0.72,1,2026-08-26 05:29:00
TX007374,CUST01323,162.52,Debit Card,network_error,2,3,365,0,0,0,0.34,1,2026-08-30 10:42:00
TX007375,CUST01163,1755.45,Wallet,authentication_failed,4,1,934,0,0,0,0.13,0,2026-08-22 17:29:00
TX007376,CUST01606,7882.06,UPI,insufficient_funds,0,0,863,9,0,1,0.55,1,2026-08-09 10:22:00
TX007377,CUST01475,1744.55,Debit Card,bank_timeout,0,1,46,3,0,0,0.67,1,2026-08-01 16:51:00
TX007378,CUST02505,2016.53,UPI,bank_timeout,0,0,776,7,0,0,0.8,1,2026-08-05 15:34:00
TX007379,CUST02466,1943.89,Wallet,bank_timeout,2,2,1149,17,0,1,0.44,1,2026-08-02 15:46:00
TX007380,CUST01735,1631.16,UPI,insufficient_funds,1,0,1092,14,0,0,0.57,1,2026-08-09 14:59:00
TX007381,CUST01065,2784.06,Debit Card,bank_timeout,0,0,1363,1,0,0,0.8,1,2026-08-27 19:52:00
TX007382,CUST01165,1628.43,Credit Card,expired_card,2,3,595,5,0,0,0.24,0,2026-08-24 05:40:00
TX007383,CUST00907,802.17,UPI,issuer_declined,1,0,563,10,0,0,0.44,0,2026-08-11 22:03:00
TX007384,CUST00691,494.73,UPI,bank_timeout,3,0,1216,6,0,0,0.62,0,2026-08-24 09:19:00
TX007385,CUST00666,854.94,Credit Card,issuer_declined,4,1,704,13,1,0,0.08,0,2026-08-19 16:31:00
TX007386,CUST00403,1501.36,Debit Card,insufficient_funds,0,0,1202,14,0,0,0.63,1,2026-08-10 12:40:00
TX007387,CUST00290,799.44,Wallet,suspicious_transaction,1,2,527,9,0,0,0.02,0,2026-08-02 22:13:00
TX007388,CUST01225,1501.68,Wallet,insufficient_funds,0,0,584,15,1,0,0.53,0,2026-08-24 23:42:00
TX007389,CUST00240,1701.3,UPI,authentication_failed,1,0,119,17,0,0,0.34,0,2026-08-12 20:20:00
TX007390,CUST00163,2522.94,Net Banking,issuer_declined,0,0,405,11,0,0,0.5,1,2026-08-02 12:50:00
TX007391,CUST01931,3955.23,Net Banking,bank_timeout,0,0,167,22,0,0,0.75,1,2026-08-04 21:45:00
TX007392,CUST00784,1185.6,Net Banking,bank_timeout,0,1,1211,20,0,0,0.72,1,2026-08-07 23:36:00
TX007393,CUST02504,296.55,UPI,bank_timeout,3,0,904,14,0,0,0.62,0,2026-08-15 17:20:00
TX007394,CUST02497,776.58,Wallet,bank_timeout,1,2,1207,21,0,0,0.58,0,2026-08-20 17:37:00
TX007395,CUST02407,1146.03,Net Banking,network_error,4,1,1089,7,0,0,0.43,0,2026-08-07 18:46:00
TX007396,CUST01678,174.9,Debit Card,insufficient_funds,0,1,244,10,0,1,0.42,0,2026-08-01 23:30:00
TX007397,CUST01383,4396.94,UPI,issuer_declined,5,0,1343,15,0,0,0.2,0,2026-08-05 09:22:00
TX007398,CUST02859,1264.43,Debit Card,bank_timeout,1,1,42,7,0,0,0.61,1,2026-08-24 00:36:00
TX007399,CUST00538,1605.76,Net Banking,suspicious_transaction,1,1,1377,13,0,0,0.06,0,2026-08-16 19:28:00
TX007400,CUST00178,4296.37,Net Banking,issuer_declined,0,0,1155,17,0,0,0.5,0,2026-08-25 17:27:00
TX007401,CUST00888,583.97,Debit Card,insufficient_funds,0,1,1039,8,0,1,0.47,1,2026-08-27 17:09:00
TX007402,CUST00526,1946.99,Debit Card,insufficient_funds,0,1,159,8,0,0,0.5,0,2026-08-13 23:47:00
TX007403,CUST00729,982.53,Wallet,network_error,0,1,906,6,0,0,0.67,1,2026-08-03 03:38:00
TX007404,CUST00512,912.25,Net Banking,issuer_declined,0,0,902,19,1,0,0.4,0,2026-08-16 15:35:00
TX007405,CUST01135,506.64,UPI,suspicious_transaction,1,2,751,12,0,1,0.02,0,2026-08-10 04:29:00
TX007406,CUST01222,5799.94,Wallet,bank_timeout,0,0,640,20,0,0,0.8,1,2026-08-29 21:42:00
TX007407,CUST01949,753.33,Debit Card,network_error,0,1,742,18,0,1,0.59,0,2026-08-22 16:55:00
TX007408,CUST02313,2207.17,UPI,suspicious_transaction,0,1,1364,16,0,0,0.12,0,2026-08-21 03:20:00
TX007409,CUST02486,168.17,Credit Card,suspicious_transaction,0,0,1266,12,0,0,0.2,0,2026-08-23 09:36:00
TX007410,CUST02608,3568.81,Credit Card,expired_card,0,0,190,21,0,0,0.55,1,2026-08-03 06:28:00
TX007411,CUST02207,3140.73,Debit Card,network_error,0,0,192,23,1,0,0.6,0,2026-08-09 07:51:00
TX007412,CUST02203,1208.86,Wallet,network_error,0,0,532,11,0,0,0.75,1,2026-08-15 13:37:00
TX007413,CUST01157,873.98,Credit Card,bank_timeout,0,1,1207,22,0,0,0.72,1,2026-08-07 09:37:00
TX007414,CUST02852,1635.98,Debit Card,issuer_declined,0,0,357,1,0,0,0.45,0,2026-08-05 23:57:00
TX007415,CUST00101,10816.1,Debit Card,network_error,0,1,1498,23,1,0,0.57,0,2026-08-19 10:43:00
TX007416,CUST02573,188.06,Net Banking,bank_timeout,4,1,824,18,0,1,0.4,0,2026-08-22 02:52:00
TX007417,CUST00889,2397.13,Wallet,issuer_declined,0,0,592,20,0,0,0.5,0,2026-08-27 23:04:00
TX007418,CUST01170,440.71,UPI,issuer_declined,3,0,1261,9,0,0,0.32,0,2026-08-19 15:43:00
TX007419,CUST00801,1075.01,Net Banking,insufficient_funds,0,1,200,22,0,0,0.5,0,2026-08-01 05:45:00
TX007420,CUST01623,855.87,Credit Card,issuer_declined,1,0,359,20,0,0,0.39,1,2026-08-07 18:32:00
TX007421,CUST02801,714.57,Credit Card,network_error,0,0,750,14,0,0,0.75,0,2026-08-06 23:55:00
TX007422,CUST00826,1085.22,Net Banking,insufficient_funds,1,0,928,18,0,0,0.57,0,2026-08-21 23:19:00
TX007423,CUST01533,352.77,Debit Card,bank_timeout,2,0,499,6,0,0,0.68,0,2026-08-05 19:04:00
TX007424,CUST00731,3069.23,Credit Card,bank_timeout,0,0,212,3,0,0,0.75,1,2026-08-13 17:59:00
TX007425,CUST00435,182.34,Debit Card,expired_card,3,1,285,2,0,0,0.29,0,2026-08-17 20:58:00
TX007426,CUST00312,1881.39,UPI,bank_timeout,1,0,1436,19,0,0,0.74,1,2026-08-19 12:44:00
TX007427,CUST01527,791.13,Wallet,network_error,3,2,811,3,0,0,0.41,1,2026-08-05 10:42:00
TX007428,CUST01235,340.04,Debit Card,bank_timeout,1,2,804,0,0,0,0.58,0,2026-08-23 00:07:00
TX007429,CUST01258,1342.63,Debit Card,insufficient_funds,0,1,516,19,0,0,0.55,1,2026-08-28 15:27:00
TX007430,CUST02535,231.15,Debit Card,expired_card,1,2,907,12,0,0,0.38,1,2026-08-03 03:43:00
TX007431,CUST01839,1141.06,Net Banking,insufficient_funds,0,1,668,21,0,1,0.47,0,2026-08-16 20:24:00
TX007432,CUST00517,264.31,Wallet,issuer_declined,2,3,502,10,0,0,0.14,0,2026-08-20 17:26:00
TX007433,CUST01817,1739.36,Wallet,suspicious_transaction,0,0,567,9,0,0,0.2,0,2026-08-16 16:37:00
TX007434,CUST02641,435.13,Wallet,insufficient_funds,3,0,1137,20,0,0,0.45,1,2026-08-14 16:11:00
TX007435,CUST02949,698.55,Credit Card,suspicious_transaction,0,1,184,3,0,0,0.07,0,2026-08-30 14:35:00
TX007436,CUST02915,1471.37,UPI,issuer_declined,0,1,356,0,0,0,0.37,1,2026-08-27 04:43:00
TX007437,CUST02310,506.47,Wallet,network_error,0,0,1181,14,0,0,0.75,0,2026-08-10 09:40:00
TX007438,CUST02585,1034.88,Wallet,bank_timeout,0,0,323,16,0,0,0.75,0,2026-08-29 07:09:00
TX007439,CUST01799,241.33,Net Banking,network_error,0,0,45,4,0,0,0.7,0,2026-08-02 11:32:00
TX007440,CUST00718,2060.85,Wallet,insufficient_funds,0,1,682,20,0,1,0.47,0,2026-08-12 08:06:00
TX007441,CUST00264,6405.51,Wallet,bank_timeout,0,0,649,16,0,0,0.8,1,2026-08-30 03:43:00
TX007442,CUST01545,17893.79,Debit Card,bank_timeout,0,1,600,16,0,1,0.64,1,2026-08-19 12:19:00
TX007443,CUST00952,1201.31,Net Banking,authentication_failed,4,0,1415,21,0,0,0.21,1,2026-08-28 16:06:00
TX007444,CUST01794,2411.98,Credit Card,authentication_failed,0,1,764,15,0,0,0.37,0,2026-08-26 07:14:00
TX007445,CUST01043,184.82,UPI,insufficient_funds,0,0,1074,13,1,0,0.53,1,2026-08-07 16:52:00
TX007446,CUST01674,4928.23,UPI,issuer_declined,1,2,327,22,0,0,0.23,0,2026-08-07 16:23:00
TX007447,CUST02144,2383.27,Credit Card,network_error,0,1,1027,23,0,0,0.67,1,2026-08-08 16:03:00
TX007448,CUST02158,675.91,Wallet,insufficient_funds,1,0,671,18,0,0,0.57,0,2026-08-14 11:50:00
TX007449,CUST00499,3778.87,Wallet,issuer_declined,4,2,969,2,0,0,0.1,0,2026-08-22 01:28:00
TX007450,CUST00720,850.24,Wallet,suspicious_transaction,0,1,877,11,0,0,0.12,1,2026-08-20 14:38:00
TX007451,CUST01479,693.66,Wallet,insufficient_funds,0,1,410,1,0,0,0.55,1,2026-08-08 04:54:00
TX007452,CUST00422,1763.99,Wallet,insufficient_funds,3,0,1325,11,0,0,0.45,1,2026-08-24 06:37:00
TX007453,CUST02957,378.66,Net Banking,network_error,0,0,474,21,0,1,0.67,1,2026-08-28 11:39:00
TX007454,CUST00425,3046.12,Net Banking,issuer_declined,0,0,1052,21,0,0,0.5,1,2026-08-19 17:16:00
TX007455,CUST01549,381.46,Net Banking,bank_timeout,3,3,1344,11,0,0,0.38,0,2026-08-03 01:51:00
TX007456,CUST02513,383.73,Net Banking,expired_card,1,0,505,20,0,0,0.54,0,2026-08-13 10:48:00
TX007457,CUST01928,441.56,Debit Card,expired_card,1,0,100,9,0,1,0.41,0,2026-08-29 18:36:00
TX007458,CUST00230,2343.73,UPI,network_error,0,0,17,15,0,0,0.7,1,2026-08-14 23:31:00
TX007459,CUST00977,591.83,Net Banking,issuer_declined,0,1,170,10,0,0,0.37,0,2026-08-22 13:18:00
TX007460,CUST02467,284.86,Credit Card,issuer_declined,0,1,1135,12,0,0,0.42,0,2026-08-13 01:01:00
TX007461,CUST00293,598.44,Credit Card,suspicious_transaction,1,1,1069,15,1,0,0.02,0,2026-08-03 08:23:00
TX007462,CUST00359,1062.05,Debit Card,bank_timeout,1,1,1294,1,0,1,0.58,1,2026-08-08 14:33:00
TX007463,CUST02916,336.64,UPI,insufficient_funds,0,1,560,20,0,1,0.47,0,2026-08-23 15:19:00
TX007464,CUST01223,346.65,Credit Card,bank_timeout,0,0,1092,1,0,0,0.8,1,2026-08-30 18:16:00
TX007465,CUST00623,9057.03,Net Banking,suspicious_transaction,1,0,128,3,0,0,0.09,0,2026-08-25 09:34:00
TX007466,CUST02286,463.79,Net Banking,authentication_failed,2,0,1193,1,0,0,0.33,1,2026-08-19 14:31:00
TX007467,CUST02613,793.9,Net Banking,issuer_declined,0,1,633,10,1,0,0.32,0,2026-08-22 18:53:00
TX007468,CUST02425,759.58,Debit Card,network_error,1,2,290,4,1,1,0.3,1,2026-08-30 06:16:00
TX007469,CUST01339,719.56,Credit Card,bank_timeout,2,2,1395,7,0,0,0.52,1,2026-08-06 13:33:00
TX007470,CUST02640,2041.31,Wallet,network_error,2,3,82,3,0,0,0.34,0,2026-08-14 22:16:00
TX007471,CUST01274,2830.31,UPI,expired_card,3,3,312,3,0,0,0.13,0,2026-08-14 22:06:00
TX007472,CUST02783,807.58,Wallet,authentication_failed,1,1,983,20,1,0,0.21,0,2026-08-11 04:02:00
TX007473,CUST01726,318.47,UPI,insufficient_funds,0,0,1377,20,0,0,0.63,1,2026-08-12 18:04:00
TX007474,CUST02741,3922.33,UPI,suspicious_transaction,0,0,177,20,0,0,0.15,1,2026-08-13 19:58:00
TX007475,CUST02763,996.91,UPI,authentication_failed,1,0,1313,7,0,0,0.39,1,2026-08-29 23:30:00
TX007476,CUST00698,6187.72,Wallet,expired_card,1,0,246,16,0,0,0.49,1,2026-08-02 15:08:00
TX007477,CUST00371,116.1,Net Banking,bank_timeout,0,1,1175,9,0,0,0.72,1,2026-08-07 05:52:00
TX007478,CUST01480,1333.29,Credit Card,insufficient_funds,1,0,59,22,0,0,0.52,0,2026-08-15 17:56:00
TX007479,CUST02669,7469.67,Debit Card,suspicious_transaction,0,0,1498,18,0,0,0.2,1,2026-08-24 14:14:00
TX007480,CUST00574,770.27,UPI,expired_card,2,3,388,0,0,0,0.24,0,2026-08-22 18:15:00
TX007481,CUST00561,875.25,Debit Card,bank_timeout,1,2,469,6,0,0,0.58,1,2026-08-14 17:43:00
TX007482,CUST02402,1473.67,UPI,suspicious_transaction,0,1,461,19,0,0,0.12,0,2026-08-17 18:07:00
TX007483,CUST01207,627.16,Debit Card,insufficient_funds,1,0,917,10,0,0,0.57,1,2026-08-25 21:00:00
TX007484,CUST00698,802.66,Credit Card,issuer_declined,2,0,1158,3,0,0,0.38,0,2026-08-26 18:33:00
TX007485,CUST01314,782.26,Net Banking,suspicious_transaction,0,0,1078,4,0,0,0.2,0,2026-08-21 01:30:00
TX007486,CUST01445,585.57,Wallet,suspicious_transaction,4,3,1075,1,0,0,0.02,0,2026-08-17 04:50:00
TX007487,CUST00500,3747.55,Credit Card,bank_timeout,0,0,1191,19,0,0,0.8,1,2026-08-10 20:47:00
TX007488,CUST01086,1739.02,Debit Card,insufficient_funds,0,1,509,20,0,0,0.55,0,2026-08-23 21:00:00
TX007489,CUST01178,1408.99,Wallet,insufficient_funds,0,1,763,15,0,0,0.55,1,2026-08-25 04:47:00
TX007490,CUST01674,2461.61,Wallet,insufficient_funds,0,1,618,10,1,0,0.45,1,2026-08-04 09:12:00
TX007491,CUST02160,841.89,Net Banking,network_error,2,0,1339,1,1,0,0.53,0,2026-08-12 04:02:00
TX007492,CUST01397,505.63,Credit Card,authentication_failed,1,0,950,20,0,0,0.39,1,2026-08-29 10:00:00
TX007493,CUST01253,600.27,Wallet,insufficient_funds,2,1,869,1,0,1,0.35,1,2026-08-23 23:50:00
TX007494,CUST01241,1098.59,Debit Card,expired_card,2,1,1033,2,0,0,0.4,1,2026-08-08 14:57:00
TX007495,CUST01924,380.23,UPI,bank_timeout,1,0,1053,17,0,0,0.74,1,2026-08-06 23:11:00
TX007496,CUST02808,664.97,Wallet,issuer_declined,0,1,865,17,0,0,0.42,1,2026-08-12 10:24:00
TX007497,CUST02235,654.51,Net Banking,insufficient_funds,1,0,926,6,0,0,0.57,1,2026-08-08 23:56:00
TX007498,CUST01142,9177.92,Wallet,bank_timeout,5,3,583,6,0,0,0.26,0,2026-08-26 23:19:00
TX007499,CUST00867,100.0,Credit Card,insufficient_funds,1,1,1439,7,0,0,0.49,1,2026-08-03 09:02:00
TX007500,CUST01355,916.33,UPI,bank_timeout,0,0,723,1,0,0,0.8,0,2026-08-13 23:27:00
TX007501,CUST01425,6159.15,UPI,bank_timeout,2,1,764,0,0,0,0.6,0,2026-08-26 20:43:00
TX007502,CUST00707,1238.73,Debit Card,expired_card,1,2,332,13,1,0,0.23,0,2026-08-12 15:01:00
TX007503,CUST00356,2329.52,Wallet,suspicious_transaction,1,2,365,21,0,1,0.02,0,2026-08-10 21:46:00
TX007504,CUST01759,1211.76,UPI,bank_timeout,1,0,427,4,0,0,0.74,1,2026-08-21 05:13:00
TX007505,CUST02933,562.65,Debit Card,suspicious_transaction,1,1,673,3,0,0,0.06,0,2026-08-20 03:16:00
TX007506,CUST02667,116.52,UPI,suspicious_transaction,2,3,880,0,0,0,0.02,0,2026-08-14 03:15:00
TX007507,CUST02657,1346.76,Credit Card,network_error,3,0,1012,15,1,0,0.47,1,2026-08-27 01:31:00
TX007508,CUST02506,504.92,Credit Card,network_error,3,0,359,17,0,0,0.52,1,2026-08-24 02:57:00
TX007509,CUST01761,492.58,UPI,issuer_declined,0,0,208,20,0,0,0.45,1,2026-08-21 11:33:00
TX007510,CUST01109,665.82,Wallet,suspicious_transaction,3,2,810,12,0,0,0.02,0,2026-08-16 13:39:00
TX007511,CUST00099,6278.34,Debit Card,insufficient_funds,1,2,547,7,0,0,0.41,0,2026-08-29 20:17:00
TX007512,CUST01307,12147.0,UPI,suspicious_transaction,0,0,163,11,0,0,0.15,0,2026-08-18 00:14:00
TX007513,CUST00035,1362.68,Debit Card,insufficient_funds,4,2,442,8,0,0,0.23,0,2026-08-07 20:35:00
TX007514,CUST02053,688.99,Wallet,bank_timeout,0,0,863,0,0,0,0.8,1,2026-08-14 04:04:00
TX007515,CUST02298,337.91,UPI,network_error,1,1,1417,20,0,0,0.61,1,2026-08-10 10:11:00
TX007516,CUST01412,1752.05,Credit Card,bank_timeout,1,2,931,12,0,1,0.5,0,2026-08-28 06:23:00
TX007517,CUST01831,6521.8,Net Banking,suspicious_transaction,5,1,1062,13,0,0,0.02,0,2026-08-30 13:36:00
TX007518,CUST01409,856.33,Credit Card,issuer_declined,2,0,1127,18,0,0,0.38,0,2026-08-22 03:36:00
TX007519,CUST02536,101.6,UPI,expired_card,0,1,1066,12,0,0,0.52,1,2026-08-17 06:16:00
TX007520,CUST01413,2143.19,UPI,expired_card,0,0,517,12,0,0,0.6,1,2026-08-25 14:45:00
TX007521,CUST00027,2937.75,Debit Card,insufficient_funds,0,0,354,23,0,0,0.58,0,2026-08-13 15:15:00
TX007522,CUST01764,224.56,UPI,bank_timeout,2,0,749,13,0,0,0.68,1,2026-08-29 17:56:00
TX007523,CUST00494,1308.3,UPI,bank_timeout,3,2,1116,11,0,0,0.46,0,2026-08-09 18:07:00
TX007524,CUST02469,1721.97,Credit Card,authentication_failed,1,0,513,0,1,0,0.29,0,2026-08-27 12:20:00
TX007525,CUST01632,1019.32,Debit Card,insufficient_funds,0,1,1260,3,1,0,0.45,1,2026-08-27 02:59:00
TX007526,CUST01815,497.32,UPI,insufficient_funds,0,0,561,6,0,1,0.55,0,2026-08-04 04:14:00
TX007527,CUST00778,3028.85,Wallet,authentication_failed,3,0,1156,6,1,1,0.09,0,2026-08-05 18:35:00
TX007528,CUST01974,732.61,Credit Card,issuer_declined,0,1,252,15,0,0,0.37,1,2026-08-18 09:25:00
TX007529,CUST01184,248.34,UPI,authentication_failed,0,1,365,10,0,0,0.32,1,2026-08-13 06:17:00
TX007530,CUST01863,141.25,Wallet,network_error,0,0,1028,19,0,0,0.75,1,2026-08-27 04:34:00
TX007531,CUST01425,3869.38,Net Banking,bank_timeout,2,1,1017,21,0,0,0.6,1,2026-08-06 16:28:00
TX007532,CUST02759,2031.77,UPI,authentication_failed,0,0,1398,7,0,0,0.45,1,2026-08-22 16:11:00
TX007533,CUST01631,1197.48,UPI,network_error,2,2,287,15,0,0,0.42,0,2026-08-16 16:40:00
TX007534,CUST01272,706.08,Credit Card,authentication_failed,0,1,1138,21,1,0,0.27,0,2026-08-30 21:29:00
TX007535,CUST00045,646.13,Net Banking,issuer_declined,0,0,690,16,0,0,0.5,1,2026-08-26 02:53:00
TX007536,CUST01089,374.0,Net Banking,insufficient_funds,5,3,819,10,0,1,0.02,0,2026-08-17 01:10:00
TX007537,CUST00070,712.33,Credit Card,bank_timeout,0,0,539,20,0,0,0.8,1,2026-08-06 03:05:00
TX007538,CUST01046,131.62,Credit Card,insufficient_funds,0,1,1036,18,1,0,0.45,1,2026-08-14 15:27:00
TX007539,CUST01355,525.28,Wallet,bank_timeout,1,0,940,22,0,0,0.74,1,2026-08-27 16:53:00
TX007540,CUST00821,803.57,Wallet,expired_card,0,0,1073,10,0,0,0.6,1,2026-08-03 16:22:00
TX007541,CUST00047,2018.04,Net Banking,bank_timeout,1,2,1449,15,0,0,0.58,1,2026-08-24 03:12:00
TX007542,CUST00523,1053.71,Wallet,bank_timeout,2,0,64,21,0,0,0.63,1,2026-08-15 15:46:00
TX007543,CUST00628,2428.24,Wallet,authentication_failed,3,2,1012,0,0,0,0.11,0,2026-08-23 14:02:00
TX007544,CUST00647,4226.52,UPI,insufficient_funds,0,0,738,14,0,0,0.63,0,2026-08-15 23:07:00
TX007545,CUST00986,3159.5,Net Banking,issuer_declined,0,1,1343,19,1,0,0.32,0,2026-08-24 23:02:00
TX007546,CUST01152,1755.5,Credit Card,expired_card,0,0,328,18,0,0,0.55,1,2026-08-27 13:09:00
TX007547,CUST00303,1109.72,Wallet,issuer_declined,0,0,22,1,0,1,0.37,1,2026-08-15 01:04:00
TX007548,CUST01031,411.25,UPI,issuer_declined,1,2,1188,21,0,0,0.28,1,2026-08-25 20:35:00
TX007549,CUST01858,2298.34,Debit Card,authentication_failed,1,0,1401,21,0,0,0.39,0,2026-08-30 19:30:00
TX007550,CUST01000,5882.56,Wallet,bank_timeout,2,0,669,22,0,0,0.68,0,2026-08-01 06:57:00
TX007551,CUST02189,1543.96,Credit Card,network_error,3,3,1440,5,0,0,0.33,1,2026-08-11 14:29:00
TX007552,CUST00357,7459.62,UPI,authentication_failed,1,0,121,9,0,0,0.34,1,2026-08-09 14:31:00
TX007553,CUST01024,238.51,Net Banking,suspicious_transaction,1,2,757,15,0,1,0.02,0,2026-08-28 12:30:00
TX007554,CUST01670,345.79,Net Banking,bank_timeout,0,0,1320,13,0,0,0.8,1,2026-08-19 11:57:00
TX007555,CUST01724,2579.11,Wallet,insufficient_funds,2,1,1316,21,0,0,0.43,1,2026-08-26 17:19:00
TX007556,CUST01665,1428.37,Net Banking,issuer_declined,1,2,140,6,0,0,0.23,0,2026-08-25 19:25:00
TX007557,CUST00857,4079.71,Wallet,suspicious_transaction,0,1,707,21,0,0,0.12,0,2026-08-16 10:09:00
TX007558,CUST00190,1079.8,Wallet,bank_timeout,1,0,1466,8,0,0,0.74,0,2026-08-02 00:06:00
TX007559,CUST00390,460.37,Wallet,bank_timeout,1,0,915,8,0,0,0.74,1,2026-08-05 12:06:00
TX007560,CUST02242,885.73,Credit Card,expired_card,0,1,958,4,1,0,0.42,0,2026-08-30 08:53:00
TX007561,CUST02410,236.82,UPI,bank_timeout,2,1,567,23,0,0,0.6,0,2026-08-08 21:07:00
TX007562,CUST00204,354.75,Wallet,insufficient_funds,0,0,1260,0,0,0,0.63,0,2026-08-22 02:32:00
TX007563,CUST01162,2899.94,Wallet,suspicious_transaction,1,1,272,4,1,0,0.02,0,2026-08-22 20:56:00
TX007564,CUST01002,2624.87,Net Banking,suspicious_transaction,0,1,131,11,0,0,0.07,0,2026-08-09 07:55:00
TX007565,CUST02643,1576.57,UPI,authentication_failed,5,0,144,12,0,0,0.1,0,2026-08-17 12:17:00
TX007566,CUST00287,196.16,Net Banking,issuer_declined,0,0,498,21,0,0,0.5,1,2026-08-29 11:25:00
TX007567,CUST01715,766.32,Debit Card,insufficient_funds,1,2,597,20,0,0,0.41,0,2026-08-10 21:23:00
TX007568,CUST00985,322.14,Debit Card,bank_timeout,0,0,1440,3,0,0,0.8,1,2026-08-19 11:21:00
TX007569,CUST01431,3556.5,UPI,expired_card,0,0,76,14,0,0,0.55,0,2026-08-16 14:41:00
TX007570,CUST01674,611.72,Wallet,expired_card,5,3,478,4,0,0,0.06,0,2026-08-06 14:04:00
TX007571,CUST02491,370.28,Debit Card,suspicious_transaction,1,2,994,12,0,0,0.02,0,2026-08-12 06:37:00
TX007572,CUST02451,1129.8,Wallet,network_error,0,0,848,7,0,0,0.75,1,2026-08-21 05:55:00
TX007573,CUST02930,578.16,Net Banking,expired_card,0,0,1257,16,0,0,0.6,0,2026-08-30 03:50:00
TX007574,CUST00330,4835.52,Wallet,insufficient_funds,1,1,788,20,0,0,0.49,1,2026-08-30 13:49:00
TX007575,CUST00360,525.94,UPI,issuer_declined,3,3,999,21,0,0,0.08,0,2026-08-13 11:02:00
TX007576,CUST00540,270.64,UPI,suspicious_transaction,1,2,606,5,0,0,0.02,0,2026-08-03 21:14:00
TX007577,CUST00787,127.37,Net Banking,authentication_failed,3,3,626,17,0,0,0.03,0,2026-08-06 02:48:00
TX007578,CUST01080,1063.39,Credit Card,insufficient_funds,4,1,769,2,0,0,0.31,0,2026-08-01 12:11:00
TX007579,CUST02051,625.2,Wallet,expired_card,1,0,122,4,0,0,0.49,0,2026-08-08 18:53:00
TX007580,CUST02286,262.72,UPI,authentication_failed,0,0,668,7,0,0,0.45,0,2026-08-06 04:59:00
TX007581,CUST00005,3601.93,Credit Card,bank_timeout,0,0,147,13,1,0,0.65,0,2026-08-07 18:29:00
TX007582,CUST02161,2137.19,Wallet,suspicious_transaction,1,2,1223,23,0,0,0.02,0,2026-08-20 01:13:00
TX007583,CUST01003,1066.12,Credit Card,bank_timeout,0,0,1362,1,0,1,0.72,0,2026-08-08 17:55:00
TX007584,CUST02224,4291.22,Debit Card,bank_timeout,0,0,84,12,0,0,0.75,1,2026-08-14 19:19:00
TX007585,CUST02163,2127.15,Net Banking,bank_timeout,0,0,514,14,0,0,0.8,1,2026-08-08 17:14:00
TX007586,CUST02425,481.61,UPI,authentication_failed,0,1,1200,22,0,1,0.29,0,2026-08-13 05:02:00
TX007587,CUST01292,387.91,UPI,expired_card,1,0,1303,5,0,0,0.54,0,2026-08-29 06:53:00
TX007588,CUST00543,2484.88,Net Banking,insufficient_funds,2,3,331,23,0,0,0.22,0,2026-08-23 06:56:00
TX007589,CUST01187,1630.05,Debit Card,issuer_declined,0,0,382,12,0,0,0.5,1,2026-08-25 09:47:00
TX007590,CUST01410,1299.52,Net Banking,issuer_declined,0,0,843,10,0,0,0.5,1,2026-08-07 15:08:00
TX007591,CUST01080,470.36,Wallet,issuer_declined,2,1,921,19,1,0,0.2,0,2026-08-14 20:21:00
TX007592,CUST01381,2014.14,Net Banking,issuer_declined,1,2,674,8,1,0,0.18,1,2026-08-20 20:15:00
TX007593,CUST01562,515.17,UPI,insufficient_funds,2,1,458,1,0,0,0.43,0,2026-08-04 01:50:00
TX007594,CUST02447,990.31,Net Banking,bank_timeout,2,2,1260,9,0,0,0.52,1,2026-08-07 17:25:00
TX007595,CUST01148,4660.81,Credit Card,expired_card,0,0,847,21,0,0,0.6,0,2026-08-28 19:30:00
TX007596,CUST00051,566.32,Net Banking,network_error,2,1,247,20,0,0,0.5,0,2026-08-11 09:34:00
TX007597,CUST02704,227.47,Wallet,issuer_declined,2,0,351,4,1,0,0.23,0,2026-08-20 18:20:00
TX007598,CUST01868,382.78,Wallet,suspicious_transaction,2,2,211,5,0,0,0.02,1,2026-08-15 06:51:00
TX007599,CUST02004,2964.01,UPI,network_error,1,2,43,21,0,0,0.48,1,2026-08-03 16:02:00
TX007600,CUST00223,1414.78,UPI,expired_card,0,0,183,3,1,1,0.37,0,2026-08-08 21:26:00
TX007601,CUST02291,964.03,Credit Card,bank_timeout,4,0,405,17,0,0,0.56,1,2026-08-16 05:05:00
TX007602,CUST00470,659.12,Debit Card,bank_timeout,1,0,872,11,0,1,0.66,1,2026-08-18 22:17:00
TX007603,CUST00722,1781.77,Debit Card,authentication_failed,1,2,751,11,0,0,0.23,1,2026-08-22 18:22:00
TX007604,CUST02381,469.14,UPI,issuer_declined,0,0,1454,23,0,0,0.5,0,2026-08-07 06:59:00
TX007605,CUST02903,1488.71,Wallet,issuer_declined,0,1,1086,15,0,0,0.42,0,2026-08-10 18:12:00
TX007606,CUST00744,527.81,Debit Card,authentication_failed,5,3,830,1,0,0,0.02,0,2026-08-13 03:32:00
TX007607,CUST00630,446.9,Credit Card,authentication_failed,2,0,30,3,0,0,0.28,0,2026-08-02 19:25:00
TX007608,CUST00277,579.7,Net Banking,expired_card,1,2,53,23,0,0,0.33,1,2026-08-12 02:48:00
TX007609,CUST00046,753.4,Credit Card,issuer_declined,4,1,714,1,0,0,0.18,0,2026-08-08 23:07:00
TX007610,CUST00840,1044.37,Credit Card,network_error,1,0,730,3,0,0,0.69,0,2026-08-06 14:21:00
TX007611,CUST00962,1387.77,Debit Card,suspicious_transaction,1,2,1053,3,0,0,0.02,0,2026-08-11 23:14:00
TX007612,CUST02324,100.0,Wallet,bank_timeout,0,0,1471,11,0,0,0.8,1,2026-08-26 03:07:00
TX007613,CUST02933,488.99,Net Banking,issuer_declined,0,0,1069,3,0,0,0.5,1,2026-08-06 05:42:00
TX007614,CUST02886,741.32,Credit Card,authentication_failed,0,0,1297,9,0,0,0.45,0,2026-08-29 10:48:00
TX007615,CUST00816,4939.71,Wallet,issuer_declined,0,1,626,8,0,0,0.42,1,2026-08-15 13:20:00
TX007616,CUST01098,372.41,Net Banking,issuer_declined,0,0,909,0,1,0,0.4,0,2026-08-07 07:50:00
TX007617,CUST01759,1290.51,Wallet,authentication_failed,0,0,1144,9,0,0,0.45,0,2026-08-30 02:34:00
TX007618,CUST02001,4890.4,Net Banking,expired_card,2,3,1402,5,0,0,0.24,0,2026-08-11 12:56:00
TX007619,CUST00812,295.02,Wallet,expired_card,1,2,1067,10,0,0,0.38,1,2026-08-26 07:24:00
TX007620,CUST02097,1626.16,UPI,issuer_declined,1,2,332,11,0,0,0.23,0,2026-08-26 08:18:00
TX007621,CUST00121,491.63,Credit Card,network_error,2,1,1238,23,0,0,0.55,0,2026-08-09 20:30:00
TX007622,CUST00303,662.07,Credit Card,issuer_declined,0,1,1482,16,0,0,0.42,1,2026-08-21 11:35:00
TX007623,CUST01096,491.22,Credit Card,network_error,4,1,1291,13,0,0,0.43,0,2026-08-12 04:53:00
TX007624,CUST00429,527.5,Debit Card,issuer_declined,0,1,618,5,0,0,0.42,0,2026-08-18 20:58:00
TX007625,CUST00013,16679.11,UPI,insufficient_funds,4,2,822,22,1,0,0.13,0,2026-08-01 20:05:00
TX007626,CUST01985,2551.55,Debit Card,expired_card,3,2,624,20,0,0,0.26,0,2026-08-30 08:29:00
TX007627,CUST01352,3300.2,UPI,suspicious_transaction,0,0,190,1,0,0,0.15,0,2026-08-01 19:26:00
TX007628,CUST00798,1793.62,UPI,insufficient_funds,0,1,980,2,1,0,0.45,0,2026-08-03 18:17:00
TX007629,CUST01016,220.03,Net Banking,bank_timeout,2,0,1200,9,0,0,0.68,0,2026-08-21 18:02:00
TX007630,CUST00316,1627.76,UPI,bank_timeout,0,1,883,0,0,0,0.72,1,2026-08-22 11:49:00
TX007631,CUST02538,3206.48,Wallet,insufficient_funds,2,2,1459,21,0,0,0.35,0,2026-08-18 22:40:00
TX007632,CUST02344,467.13,Debit Card,suspicious_transaction,1,2,1213,18,0,0,0.02,0,2026-08-13 02:49:00
TX007633,CUST00739,2879.37,Net Banking,expired_card,1,2,63,3,0,0,0.33,0,2026-08-29 11:37:00
TX007634,CUST02787,2217.94,Net Banking,issuer_declined,2,0,781,5,0,0,0.38,0,2026-08-01 06:59:00
TX007635,CUST00122,6988.63,Debit Card,expired_card,2,1,89,16,0,0,0.35,1,2026-08-29 03:51:00
TX007636,CUST01552,722.14,Wallet,insufficient_funds,2,1,137,2,0,0,0.38,0,2026-08-19 17:41:00
TX007637,CUST02030,365.91,Net Banking,insufficient_funds,3,2,562,2,0,0,0.29,1,2026-08-28 02:12:00
TX007638,CUST00274,763.85,Net Banking,network_error,0,0,1282,3,0,0,0.75,1,2026-08-19 18:45:00
TX007639,CUST00016,4608.1,Credit Card,bank_timeout,0,0,1357,18,1,0,0.7,1,2026-08-15 02:02:00
TX007640,CUST00559,176.2,Debit Card,expired_card,2,1,1199,22,0,0,0.4,1,2026-08-16 06:21:00
TX007641,CUST02419,138.6,Net Banking,authentication_failed,3,0,382,21,0,0,0.27,1,2026-08-09 23:41:00
TX007642,CUST01625,1199.18,UPI,expired_card,0,1,482,5,0,0,0.52,1,2026-08-08 11:15:00
TX007643,CUST01023,704.45,Credit Card,bank_timeout,3,2,677,9,1,0,0.36,1,2026-08-18 03:39:00
TX007644,CUST02934,1105.14,Wallet,expired_card,1,1,1174,3,0,1,0.38,1,2026-08-19 15:12:00
TX007645,CUST01525,2822.31,Net Banking,expired_card,0,0,1484,20,0,0,0.6,0,2026-08-15 13:25:00
TX007646,CUST02627,631.08,Debit Card,insufficient_funds,3,3,788,2,0,0,0.21,1,2026-08-09 18:48:00
TX007647,CUST01121,168.51,Debit Card,issuer_declined,0,1,973,2,0,0,0.42,0,2026-08-01 12:31:00
TX007648,CUST01421,8471.66,UPI,network_error,0,1,584,3,0,0,0.67,0,2026-08-06 08:10:00
TX007649,CUST02638,404.55,UPI,bank_timeout,1,0,653,13,0,0,0.74,1,2026-08-08 21:19:00
TX007650,CUST00989,380.3,Credit Card,expired_card,2,3,292,11,1,0,0.09,0,2026-08-22 13:41:00
TX007651,CUST01623,3306.75,Wallet,bank_timeout,0,0,1051,9,0,0,0.8,1,2026-08-13 02:31:00
TX007652,CUST01269,746.59,Net Banking,insufficient_funds,0,1,578,19,0,0,0.55,0,2026-08-08 22:05:00
TX007653,CUST00194,1029.28,Wallet,authentication_failed,1,2,831,16,1,0,0.13,0,2026-08-24 11:59:00
TX007654,CUST02912,1777.19,Wallet,authentication_failed,0,0,1315,5,0,0,0.45,0,2026-08-05 00:30:00
TX007655,CUST02491,3240.82,UPI,authentication_failed,0,1,620,4,1,0,0.27,1,2026-08-10 03:30:00
TX007656,CUST00154,785.67,Net Banking,network_error,3,0,297,17,0,0,0.52,1,2026-08-14 03:15:00
TX007657,CUST02073,5013.81,UPI,expired_card,2,0,152,6,0,0,0.43,0,2026-08-15 00:58:00
TX007658,CUST02308,129.57,Debit Card,insufficient_funds,2,1,246,8,0,0,0.38,0,2026-08-25 09:37:00
TX007659,CUST00744,2344.41,Net Banking,bank_timeout,2,0,603,10,0,0,0.68,1,2026-08-26 17:07:00
TX007660,CUST01745,473.65,Credit Card,issuer_declined,1,1,974,20,0,0,0.36,1,2026-08-22 09:18:00
TX007661,CUST01751,4325.45,Wallet,suspicious_transaction,1,2,1424,18,0,1,0.02,0,2026-08-12 22:25:00
TX007662,CUST01098,1264.01,Credit Card,network_error,0,1,616,1,0,0,0.67,0,2026-08-29 05:00:00
TX007663,CUST01477,559.53,Wallet,suspicious_transaction,1,0,86,19,0,0,0.09,0,2026-08-12 03:00:00
TX007664,CUST00982,2127.79,Wallet,suspicious_transaction,0,0,51,18,1,0,0.05,0,2026-08-10 13:49:00
TX007665,CUST00367,2678.97,Wallet,insufficient_funds,1,0,1368,18,0,0,0.57,1,2026-08-12 14:47:00
TX007666,CUST02832,2083.69,Net Banking,expired_card,3,3,1476,22,0,0,0.18,0,2026-08-27 03:40:00
TX007667,CUST00205,391.62,UPI,insufficient_funds,1,0,977,7,0,0,0.57,1,2026-08-29 11:03:00
TX007668,CUST01455,675.86,UPI,issuer_declined,3,3,1417,6,0,0,0.08,0,2026-08-21 13:33:00
TX007669,CUST02800,1092.18,UPI,insufficient_funds,2,2,595,11,0,1,0.27,0,2026-08-17 12:42:00
TX007670,CUST02912,1052.31,Net Banking,insufficient_funds,0,0,604,15,0,0,0.63,0,2026-08-03 10:15:00
TX007671,CUST02925,2320.98,UPI,bank_timeout,4,1,1147,22,0,0,0.48,0,2026-08-21 23:19:00
TX007672,CUST00294,146.22,Wallet,authentication_failed,3,1,1276,5,1,0,0.09,1,2026-08-15 19:27:00
TX007673,CUST02380,1532.0,Debit Card,issuer_declined,1,0,530,21,0,0,0.44,0,2026-08-10 01:05:00
TX007674,CUST02089,820.59,Wallet,bank_timeout,1,2,190,7,0,0,0.53,0,2026-08-27 20:01:00
TX007675,CUST02733,474.14,Debit Card,network_error,2,0,1295,21,1,0,0.53,1,2026-08-02 06:16:00
TX007676,CUST01267,521.92,Credit Card,authentication_failed,0,0,175,22,0,0,0.4,1,2026-08-26 09:51:00
TX007677,CUST02432,884.89,Wallet,network_error,4,2,51,6,0,0,0.3,0,2026-08-12 21:16:00
TX007678,CUST00185,100.0,Credit Card,insufficient_funds,2,3,1037,15,0,0,0.27,0,2026-08-10 15:47:00
TX007679,CUST00765,543.87,Net Banking,bank_timeout,0,0,1374,17,0,0,0.8,1,2026-08-26 17:50:00
TX007680,CUST00491,456.77,Debit Card,issuer_declined,0,0,216,18,0,0,0.45,0,2026-08-10 17:33:00
TX007681,CUST02881,1868.3,UPI,insufficient_funds,2,3,290,22,0,0,0.22,0,2026-08-05 00:55:00
TX007682,CUST00514,490.03,Debit Card,bank_timeout,0,1,156,10,0,0,0.67,0,2026-08-30 12:25:00
TX007683,CUST00246,884.38,Net Banking,bank_timeout,1,2,1166,19,0,0,0.58,0,2026-08-13 15:47:00
TX007684,CUST02579,5127.0,UPI,network_error,2,1,789,13,0,0,0.55,0,2026-08-27 05:16:00
TX007685,CUST00936,2964.17,Net Banking,insufficient_funds,0,1,754,13,0,1,0.47,0,2026-08-09 03:23:00
TX007686,CUST02387,2703.42,Debit Card,network_error,3,3,51,7,0,0,0.28,1,2026-08-18 01:35:00
TX007687,CUST00869,665.23,Debit Card,bank_timeout,0,1,1227,22,0,0,0.72,1,2026-08-12 01:22:00
TX007688,CUST01716,1887.54,Wallet,network_error,0,1,384,1,0,0,0.67,1,2026-08-12 03:16:00
TX007689,CUST01166,867.92,Net Banking,insufficient_funds,0,1,614,13,0,0,0.55,1,2026-08-14 12:54:00
TX007690,CUST02944,901.36,UPI,expired_card,0,0,366,18,1,0,0.5,0,2026-08-07 14:59:00
TX007691,CUST00222,1651.91,Net Banking,issuer_declined,0,1,737,19,0,1,0.34,0,2026-08-07 05:10:00
TX007692,CUST00701,603.66,Net Banking,authentication_failed,1,2,859,20,0,0,0.23,0,2026-08-30 18:21:00
TX007693,CUST00221,4880.5,Wallet,suspicious_transaction,1,2,484,6,0,0,0.02,0,2026-08-24 23:59:00
TX007694,CUST00038,934.37,Net Banking,insufficient_funds,1,0,407,16,0,0,0.57,1,2026-08-29 01:21:00
TX007695,CUST02613,2035.22,Wallet,expired_card,1,1,310,6,0,0,0.41,0,2026-08-26 10:04:00
TX007696,CUST02204,4701.33,UPI,issuer_declined,3,1,887,19,0,0,0.24,0,2026-08-02 03:07:00
TX007697,CUST00097,3076.83,Credit Card,bank_timeout,2,3,927,0,0,1,0.36,1,2026-08-17 21:12:00
TX007698,CUST00259,268.03,Net Banking,bank_timeout,1,2,497,5,0,0,0.58,1,2026-08-06 05:28:00
TX007699,CUST00167,1711.11,Debit Card,insufficient_funds,0,0,237,2,0,1,0.5,0,2026-08-19 15:16:00
TX007700,CUST01788,2567.58,UPI,network_error,1,2,1341,19,0,0,0.53,1,2026-08-06 01:39:00
TX007701,CUST01228,2675.42,Net Banking,bank_timeout,0,1,67,3,0,1,0.59,0,2026-08-13 21:37:00
TX007702,CUST00120,360.22,Credit Card,bank_timeout,0,1,1196,1,1,0,0.62,1,2026-08-15 06:52:00
TX007703,CUST00834,568.48,UPI,expired_card,3,3,916,2,0,0,0.18,0,2026-08-10 01:30:00
TX007704,CUST00244,2964.78,UPI,insufficient_funds,0,1,110,19,0,0,0.5,1,2026-08-22 20:05:00
TX007705,CUST02778,511.96,Debit Card,issuer_declined,1,1,1323,12,0,0,0.36,1,2026-08-03 15:40:00
TX007706,CUST02904,812.65,Net Banking,expired_card,1,0,629,3,0,0,0.54,0,2026-08-10 22:41:00
TX007707,CUST00172,5302.19,Credit Card,issuer_declined,0,0,910,12,0,1,0.42,0,2026-08-15 06:21:00
TX007708,CUST01343,1045.45,UPI,bank_timeout,3,2,1390,14,0,1,0.38,0,2026-08-24 11:44:00
TX007709,CUST02663,530.18,Wallet,suspicious_transaction,0,0,959,7,0,0,0.2,0,2026-08-07 18:46:00
TX007710,CUST01021,455.95,UPI,bank_timeout,1,2,63,19,0,0,0.53,0,2026-08-22 03:34:00
TX007711,CUST01454,1529.54,UPI,issuer_declined,0,0,1023,7,1,0,0.4,1,2026-08-14 03:35:00
TX007712,CUST02052,289.12,UPI,bank_timeout,2,0,276,14,0,0,0.63,0,2026-08-16 00:57:00
TX007713,CUST02651,856.34,Net Banking,network_error,1,0,888,2,0,0,0.69,0,2026-08-12 00:45:00
TX007714,CUST01586,1530.32,UPI,network_error,4,1,718,17,0,0,0.43,1,2026-08-09 20:47:00
TX007715,CUST01222,4020.45,Wallet,authentication_failed,0,0,1044,10,0,0,0.45,1,2026-08-10 14:38:00
TX007716,CUST01577,2137.83,Credit Card,issuer_declined,0,0,512,23,0,1,0.42,1,2026-08-16 15:09:00
TX007717,CUST01301,536.97,Credit Card,issuer_declined,0,1,1417,20,1,0,0.32,0,2026-08-10 09:36:00
TX007718,CUST01434,3563.22,Net Banking,network_error,2,1,89,11,0,0,0.5,0,2026-08-08 19:53:00
TX007719,CUST02240,812.8,Credit Card,expired_card,0,0,819,9,0,0,0.6,0,2026-08-30 06:20:00
TX007720,CUST02247,318.71,UPI,bank_timeout,0,1,153,21,1,0,0.57,1,2026-08-08 11:46:00
TX007721,CUST02578,923.3,UPI,authentication_failed,2,0,346,4,0,0,0.28,0,2026-08-15 00:20:00
TX007722,CUST02012,4620.09,Credit Card,issuer_declined,1,1,1055,9,0,0,0.36,0,2026-08-30 10:13:00
TX007723,CUST01675,1293.67,Wallet,suspicious_transaction,0,0,342,10,0,0,0.15,0,2026-08-22 06:13:00
TX007724,CUST02893,1110.45,Wallet,network_error,0,1,372,3,0,1,0.59,0,2026-08-02 00:49:00
TX007725,CUST02326,5637.59,Wallet,issuer_declined,3,0,545,12,0,0,0.32,0,2026-08-26 18:15:00
TX007726,CUST00672,262.08,Net Banking,bank_timeout,0,1,595,23,0,0,0.72,1,2026-08-05 23:10:00
TX007727,CUST02880,303.2,Debit Card,insufficient_funds,0,1,27,11,1,0,0.4,0,2026-08-19 21:37:00
TX007728,CUST02050,217.93,UPI,authentication_failed,0,1,931,10,0,0,0.37,1,2026-08-11 00:21:00
TX007729,CUST01295,1591.84,Debit Card,network_error,1,0,1194,10,0,0,0.69,1,2026-08-07 16:34:00
TX007730,CUST01149,1295.29,UPI,bank_timeout,1,2,180,10,0,0,0.53,0,2026-08-08 17:11:00
TX007731,CUST00707,5129.36,Wallet,suspicious_transaction,1,1,839,12,0,0,0.06,0,2026-08-14 09:45:00
TX007732,CUST02268,1398.95,Credit Card,issuer_declined,2,2,931,5,0,0,0.22,0,2026-08-16 06:44:00
TX007733,CUST02706,732.05,UPI,bank_timeout,0,0,1247,23,0,0,0.8,1,2026-08-18 05:29:00
TX007734,CUST02803,1098.6,Net Banking,network_error,3,3,776,2,0,0,0.33,0,2026-08-29 09:24:00
TX007735,CUST00102,1233.62,Debit Card,bank_timeout,0,1,449,9,1,0,0.62,0,2026-08-01 18:46:00
TX007736,CUST00434,206.07,Credit Card,bank_timeout,0,0,501,4,0,0,0.8,1,2026-08-26 03:13:00
TX007737,CUST01679,16487.07,Wallet,issuer_declined,0,1,1087,12,0,0,0.42,1,2026-08-24 07:23:00
TX007738,CUST00512,1844.33,Debit Card,expired_card,3,0,375,5,0,1,0.34,1,2026-08-09 18:23:00
TX007739,CUST02863,1352.9,Net Banking,bank_timeout,0,0,549,7,0,0,0.8,1,2026-08-12 14:01:00
TX007740,CUST01054,2028.73,Net Banking,network_error,0,0,1328,2,0,1,0.67,1,2026-08-29 00:10:00
TX007741,CUST02501,2229.23,UPI,suspicious_transaction,0,0,470,5,0,0,0.2,0,2026-08-16 09:41:00
TX007742,CUST00385,952.84,Wallet,insufficient_funds,0,0,1386,9,0,0,0.63,0,2026-08-19 05:41:00
TX007743,CUST00938,583.33,Wallet,insufficient_funds,1,0,1060,9,1,1,0.39,1,2026-08-12 16:25:00
TX007744,CUST02580,1997.1,Wallet,authentication_failed,1,0,1427,20,0,0,0.39,0,2026-08-30 05:16:00
TX007745,CUST00899,1612.77,Debit Card,insufficient_funds,0,1,225,13,0,0,0.5,0,2026-08-21 04:27:00
TX007746,CUST01464,487.9,UPI,network_error,0,0,211,10,0,0,0.7,1,2026-08-01 16:12:00
TX007747,CUST01335,4532.53,UPI,network_error,4,3,1461,22,0,0,0.27,0,2026-08-29 13:19:00
TX007748,CUST00507,1470.49,Net Banking,expired_card,2,0,413,21,0,0,0.48,0,2026-08-27 23:00:00
TX007749,CUST00963,2275.19,Net Banking,issuer_declined,1,2,1047,3,0,0,0.28,0,2026-08-07 04:30:00
TX007750,CUST00368,4411.28,Net Banking,bank_timeout,1,1,581,18,0,0,0.66,1,2026-08-10 09:42:00
TX007751,CUST01044,1120.9,UPI,bank_timeout,3,0,893,3,0,0,0.62,0,2026-08-25 17:31:00
TX007752,CUST01364,1505.61,Credit Card,insufficient_funds,0,1,1023,0,0,0,0.55,0,2026-08-22 21:22:00
TX007753,CUST00027,2465.2,Credit Card,issuer_declined,1,0,265,15,0,0,0.39,1,2026-08-08 04:40:00
TX007754,CUST01630,531.2,Wallet,expired_card,2,3,1095,2,1,0,0.14,1,2026-08-28 00:03:00
TX007755,CUST01190,1157.54,UPI,insufficient_funds,1,2,869,7,1,0,0.31,0,2026-08-17 21:47:00
TX007756,CUST00520,1243.33,Debit Card,insufficient_funds,0,1,1106,14,0,0,0.55,1,2026-08-14 16:31:00
TX007757,CUST00503,421.55,UPI,insufficient_funds,2,3,1221,2,1,0,0.17,0,2026-08-30 01:07:00
TX007758,CUST01298,11132.64,Credit Card,network_error,0,1,1356,18,0,0,0.67,0,2026-08-19 17:05:00
TX007759,CUST02115,268.46,Net Banking,expired_card,1,0,105,14,0,0,0.49,0,2026-08-19 05:11:00
TX007760,CUST00049,299.43,Debit Card,bank_timeout,0,1,555,21,1,0,0.62,0,2026-08-22 21:32:00
TX007761,CUST00175,4081.53,Credit Card,insufficient_funds,0,0,489,2,0,1,0.55,1,2026-08-30 00:29:00
TX007762,CUST01971,2237.84,UPI,bank_timeout,0,1,1040,9,0,1,0.64,1,2026-08-12 09:37:00
TX007763,CUST01419,393.09,Net Banking,bank_timeout,2,2,474,4,1,0,0.42,0,2026-08-07 20:59:00
TX007764,CUST00526,2012.81,Credit Card,insufficient_funds,1,2,712,8,1,0,0.31,1,2026-08-10 00:38:00
TX007765,CUST02294,4759.27,Debit Card,suspicious_transaction,0,0,1283,14,0,0,0.2,1,2026-08-18 17:58:00
TX007766,CUST02661,1063.94,Debit Card,suspicious_transaction,2,3,476,11,0,0,0.02,0,2026-08-26 19:26:00
TX007767,CUST01557,14747.41,UPI,expired_card,0,1,1443,13,0,0,0.52,1,2026-08-10 12:35:00
TX007768,CUST01185,195.57,Net Banking,expired_card,2,1,538,16,0,0,0.4,1,2026-08-15 22:51:00
TX007769,CUST02005,2194.75,Wallet,insufficient_funds,0,1,1044,7,0,0,0.55,1,2026-08-11 20:10:00
TX007770,CUST01660,3521.1,UPI,insufficient_funds,4,0,145,14,0,0,0.34,0,2026-08-05 02:51:00
TX007771,CUST00168,2674.04,Wallet,issuer_declined,0,0,1468,23,0,0,0.5,1,2026-08-18 01:58:00
TX007772,CUST02298,893.95,Credit Card,authentication_failed,0,0,875,22,1,1,0.27,0,2026-08-16 17:46:00
TX007773,CUST00376,820.21,Debit Card,expired_card,0,0,351,5,0,0,0.55,1,2026-08-16 10:37:00
TX007774,CUST02093,1709.82,Wallet,issuer_declined,0,1,98,10,0,1,0.29,0,2026-08-25 21:17:00
TX007775,CUST02232,2479.36,Credit Card,authentication_failed,0,1,1396,19,1,0,0.27,0,2026-08-18 00:39:00
TX007776,CUST00374,2003.14,Debit Card,insufficient_funds,1,0,1256,9,0,0,0.57,1,2026-08-04 12:24:00
TX007777,CUST02165,3102.79,Wallet,network_error,1,0,1301,14,0,0,0.69,1,2026-08-18 20:27:00
TX007778,CUST01718,395.89,UPI,suspicious_transaction,0,0,1347,20,0,0,0.2,0,2026-08-02 05:45:00
TX007779,CUST00330,873.26,Credit Card,insufficient_funds,0,0,18,2,0,0,0.58,1,2026-08-05 18:48:00
TX007780,CUST00982,428.37,Net Banking,issuer_declined,0,1,1215,17,0,0,0.42,1,2026-08-05 14:22:00
TX007781,CUST02944,745.37,Credit Card,bank_timeout,3,2,427,10,0,0,0.46,1,2026-08-02 16:20:00
TX007782,CUST00388,3026.68,Wallet,issuer_declined,0,1,477,12,0,0,0.42,0,2026-08-05 20:31:00
TX007783,CUST01452,1221.68,Credit Card,bank_timeout,4,2,1326,7,1,1,0.22,0,2026-08-05 01:40:00
TX007784,CUST00138,14866.4,UPI,bank_timeout,1,1,919,11,0,0,0.66,1,2026-08-04 23:53:00
TX007785,CUST01908,1330.63,UPI,suspicious_transaction,0,1,139,20,0,0,0.07,0,2026-08-27 09:52:00
TX007786,CUST02845,1164.09,UPI,insufficient_funds,1,1,176,4,0,0,0.44,0,2026-08-23 06:16:00
TX007787,CUST00701,1219.48,Debit Card,bank_timeout,2,3,1103,6,0,0,0.44,1,2026-08-17 13:35:00
TX007788,CUST01416,579.51,Wallet,suspicious_transaction,2,3,143,7,0,0,0.02,0,2026-08-08 00:07:00
TX007789,CUST00529,1035.01,Net Banking,expired_card,0,1,936,21,1,1,0.34,1,2026-08-03 02:06:00
TX007790,CUST02258,3387.3,Debit Card,network_error,2,2,1416,2,0,0,0.47,1,2026-08-25 21:56:00
TX007791,CUST02915,1229.02,Wallet,insufficient_funds,0,0,189,18,0,0,0.58,1,2026-08-14 18:12:00
TX007792,CUST00139,495.98,Debit Card,bank_timeout,0,1,521,0,0,0,0.72,1,2026-08-19 00:56:00
TX007793,CUST01259,434.81,Credit Card,authentication_failed,3,0,102,16,0,0,0.22,1,2026-08-27 04:33:00
TX007794,CUST00284,699.1,Debit Card,insufficient_funds,0,1,7,13,0,0,0.5,1,2026-08-07 22:33:00
TX007795,CUST02472,1180.7,Wallet,authentication_failed,3,1,674,0,0,0,0.19,0,2026-08-09 16:08:00
TX007796,CUST00383,3617.67,Credit Card,bank_timeout,1,2,1418,8,0,1,0.5,1,2026-08-24 19:56:00
TX007797,CUST01117,287.01,Debit Card,issuer_declined,0,0,91,8,0,0,0.45,1,2026-08-23 17:36:00
TX007798,CUST02603,796.46,Wallet,insufficient_funds,0,0,497,21,0,0,0.63,0,2026-08-05 00:05:00
TX007799,CUST00441,1266.88,Wallet,bank_timeout,5,1,1361,18,0,0,0.42,1,2026-08-13 12:20:00
TX007800,CUST00879,175.26,Wallet,authentication_failed,2,3,353,19,1,0,0.02,0,2026-08-30 23:37:00
TX007801,CUST01761,476.47,Debit Card,authentication_failed,0,1,750,13,0,0,0.37,1,2026-08-09 15:13:00
TX007802,CUST01798,555.63,Net Banking,bank_timeout,1,0,900,14,0,0,0.74,1,2026-08-23 01:26:00
TX007803,CUST02983,494.74,Net Banking,expired_card,4,3,482,4,0,1,0.04,0,2026-08-02 14:51:00
TX007804,CUST01432,1328.61,UPI,authentication_failed,1,0,1226,4,0,0,0.39,1,2026-08-10 22:52:00
TX007805,CUST01624,933.97,Wallet,authentication_failed,0,0,940,1,0,0,0.45,0,2026-08-17 01:51:00
TX007806,CUST02687,629.37,Debit Card,expired_card,2,3,930,8,0,0,0.24,0,2026-08-13 23:48:00
TX007807,CUST01245,1682.38,Credit Card,bank_timeout,0,0,1129,6,0,0,0.8,1,2026-08-09 22:33:00
TX007808,CUST00033,6143.04,Credit Card,expired_card,0,0,63,9,0,0,0.55,0,2026-08-01 13:09:00
TX007809,CUST01120,5649.13,Debit Card,bank_timeout,0,1,379,5,0,0,0.72,0,2026-08-07 01:36:00
TX007810,CUST02050,160.33,UPI,insufficient_funds,1,1,497,6,0,0,0.49,0,2026-08-13 02:07:00
TX007811,CUST02181,1952.9,Debit Card,issuer_declined,4,3,786,4,0,0,0.02,0,2026-08-17 17:29:00
TX007812,CUST02340,917.8,Wallet,issuer_declined,1,2,334,23,0,0,0.23,0,2026-08-17 14:08:00
TX007813,CUST01509,1280.69,Wallet,insufficient_funds,0,1,218,7,0,1,0.42,0,2026-08-20 23:08:00
TX007814,CUST00383,736.36,UPI,insufficient_funds,0,0,808,18,0,0,0.63,1,2026-08-13 00:15:00
TX007815,CUST01133,1233.47,Net Banking,expired_card,1,1,1435,12,0,0,0.46,1,2026-08-19 20:54:00
TX007816,CUST00047,1275.9,Credit Card,expired_card,1,2,290,8,0,0,0.33,0,2026-08-11 19:40:00
TX007817,CUST02992,614.65,UPI,insufficient_funds,0,0,943,23,0,0,0.63,0,2026-08-22 21:07:00
TX007818,CUST02454,447.48,Debit Card,suspicious_transaction,0,1,1410,9,0,0,0.12,0,2026-08-29 23:54:00
TX007819,CUST01310,700.16,Credit Card,insufficient_funds,0,1,720,8,0,1,0.47,0,2026-08-14 23:28:00
TX007820,CUST01112,1386.11,Wallet,bank_timeout,1,0,289,5,0,0,0.69,0,2026-08-17 23:17:00
TX007821,CUST02713,1996.19,Wallet,insufficient_funds,4,0,154,12,0,0,0.34,0,2026-08-24 18:09:00
TX007822,CUST02489,2574.34,UPI,issuer_declined,0,1,865,19,0,0,0.42,0,2026-08-26 05:34:00
TX007823,CUST00123,669.02,UPI,issuer_declined,1,1,1182,1,0,1,0.28,0,2026-08-18 03:39:00
TX007824,CUST02040,1456.58,Wallet,bank_timeout,0,0,1234,7,0,0,0.8,1,2026-08-28 09:36:00
TX007825,CUST01842,2871.25,Wallet,issuer_declined,0,0,1033,2,0,1,0.42,1,2026-08-30 00:07:00
TX007826,CUST01222,3517.81,Wallet,expired_card,2,1,1213,19,0,0,0.4,0,2026-08-07 04:09:00
TX007827,CUST00142,1033.98,Debit Card,bank_timeout,0,0,591,4,0,0,0.8,1,2026-08-23 11:56:00
TX007828,CUST01517,879.25,Wallet,insufficient_funds,2,3,1415,23,0,0,0.27,0,2026-08-18 18:30:00
TX007829,CUST02572,1327.59,Wallet,authentication_failed,1,1,937,13,0,0,0.31,0,2026-08-15 15:45:00
TX007830,CUST01926,347.34,Debit Card,insufficient_funds,3,3,739,22,0,0,0.21,1,2026-08-26 21:24:00
TX007831,CUST02765,903.6,UPI,insufficient_funds,2,0,1274,8,1,0,0.41,0,2026-08-12 10:28:00
TX007832,CUST01695,2309.04,Debit Card,authentication_failed,1,0,1439,17,0,0,0.39,0,2026-08-17 15:00:00
TX007833,CUST02238,2083.8,Credit Card,bank_timeout,0,0,1390,0,0,0,0.8,1,2026-08-02 01:48:00
TX007834,CUST00580,836.92,Debit Card,issuer_declined,2,0,991,22,0,0,0.38,1,2026-08-18 12:46:00
TX007835,CUST00631,1363.37,Net Banking,issuer_declined,2,3,1147,23,0,0,0.14,0,2026-08-04 00:46:00
TX007836,CUST00982,480.75,Debit Card,bank_timeout,0,1,1487,10,0,0,0.72,0,2026-08-02 03:40:00
TX007837,CUST01522,2216.07,Net Banking,network_error,0,0,1353,13,0,0,0.75,1,2026-08-07 22:50:00
TX007838,CUST00013,1014.53,UPI,expired_card,3,2,181,4,0,0,0.21,0,2026-08-19 16:54:00
TX007839,CUST02820,832.18,UPI,issuer_declined,1,0,280,20,0,1,0.31,1,2026-08-02 10:04:00
TX007840,CUST00509,763.78,UPI,expired_card,1,1,335,12,1,0,0.31,0,2026-08-07 04:27:00
TX007841,CUST02006,1029.79,UPI,bank_timeout,0,0,265,11,0,0,0.75,1,2026-08-19 11:13:00
TX007842,CUST00019,700.73,Debit Card,bank_timeout,1,2,1416,6,0,0,0.58,1,2026-08-24 11:10:00
TX007843,CUST02742,2117.82,Debit Card,suspicious_transaction,2,1,701,8,1,1,0.02,0,2026-08-17 14:04:00
TX007844,CUST02740,738.57,UPI,network_error,2,1,568,23,0,0,0.55,0,2026-08-26 16:14:00
TX007845,CUST01225,5393.58,Net Banking,insufficient_funds,1,1,1272,4,0,0,0.49,0,2026-08-29 19:09:00
TX007846,CUST00290,4746.73,UPI,insufficient_funds,2,0,841,22,0,0,0.51,1,2026-08-29 13:20:00
TX007847,CUST00888,449.64,Credit Card,insufficient_funds,0,0,1051,17,0,0,0.63,1,2026-08-30 04:38:00
TX007848,CUST01883,1175.8,Net Banking,insufficient_funds,2,2,759,16,0,0,0.35,1,2026-08-18 22:16:00
TX007849,CUST01763,572.12,Credit Card,suspicious_transaction,0,1,901,10,0,0,0.12,0,2026-08-08 20:57:00
TX007850,CUST01227,791.04,UPI,authentication_failed,5,0,846,17,0,0,0.15,0,2026-08-09 02:10:00
TX007851,CUST00469,8122.78,Debit Card,insufficient_funds,1,2,67,6,0,1,0.28,0,2026-08-14 14:24:00
TX007852,CUST01142,806.28,UPI,bank_timeout,4,0,355,8,0,0,0.51,0,2026-08-16 02:34:00
TX007853,CUST02166,1572.19,Wallet,expired_card,0,1,1249,0,0,0,0.52,1,2026-08-20 20:29:00
TX007854,CUST00396,1884.32,Credit Card,issuer_declined,1,0,629,20,0,0,0.44,0,2026-08-15 19:23:00
TX007855,CUST02802,403.17,Credit Card,expired_card,0,0,426,22,0,0,0.6,1,2026-08-11 07:59:00
TX007856,CUST00690,466.34,Net Banking,network_error,0,1,755,18,0,0,0.67,1,2026-08-04 23:55:00
TX007857,CUST01951,328.32,Net Banking,authentication_failed,1,0,24,5,0,0,0.34,1,2026-08-26 15:24:00
TX007858,CUST00869,452.16,Wallet,bank_timeout,0,1,639,22,0,0,0.72,0,2026-08-08 12:14:00
TX007859,CUST00339,100.0,Debit Card,insufficient_funds,2,0,958,16,0,0,0.51,1,2026-08-22 00:25:00
TX007860,CUST01881,1890.47,Credit Card,issuer_declined,0,0,93,18,0,0,0.45,1,2026-08-29 20:15:00
TX007861,CUST01762,8554.34,UPI,authentication_failed,0,0,1271,2,0,0,0.45,0,2026-08-13 09:30:00
TX007862,CUST00369,1271.33,UPI,insufficient_funds,4,3,293,14,0,0,0.1,0,2026-08-11 11:46:00
TX007863,CUST00339,266.06,Net Banking,issuer_declined,2,1,885,6,0,0,0.3,0,2026-08-18 07:53:00
TX007864,CUST02653,576.64,Wallet,network_error,1,1,1218,21,1,0,0.51,0,2026-08-25 20:52:00
TX007865,CUST02271,693.06,Debit Card,authentication_failed,1,0,537,3,0,0,0.39,1,2026-08-06 01:28:00
TX007866,CUST01750,396.4,Debit Card,bank_timeout,0,0,924,7,0,0,0.8,1,2026-08-13 03:58:00
TX007867,CUST01508,2591.99,Net Banking,suspicious_transaction,0,0,1260,17,0,0,0.2,0,2026-08-22 14:26:00
TX007868,CUST01967,2465.77,Wallet,network_error,3,2,320,10,0,0,0.36,0,2026-08-02 01:40:00
TX007869,CUST00530,345.35,Net Banking,insufficient_funds,1,0,202,20,0,0,0.52,1,2026-08-24 09:54:00
TX007870,CUST02304,2264.44,Net Banking,network_error,1,1,1042,4,0,0,0.61,1,2026-08-29 11:44:00
TX007871,CUST00838,5048.33,UPI,network_error,4,2,581,16,0,0,0.35,0,2026-08-08 03:01:00
TX007872,CUST01305,7350.75,Credit Card,expired_card,1,2,431,4,0,0,0.38,1,2026-08-07 17:16:00
TX007873,CUST00290,19248.95,Debit Card,issuer_declined,0,0,437,18,0,0,0.5,0,2026-08-16 09:36:00
TX007874,CUST02448,444.97,UPI,suspicious_transaction,0,0,1115,23,0,1,0.12,0,2026-08-26 19:16:00
TX007875,CUST01976,18475.86,Credit Card,bank_timeout,4,0,1143,18,1,0,0.46,1,2026-08-24 12:43:00
TX007876,CUST02459,769.54,Wallet,issuer_declined,0,0,452,16,0,0,0.5,1,2026-08-11 01:41:00
TX007877,CUST00527,606.4,UPI,issuer_declined,0,1,60,6,0,0,0.37,0,2026-08-04 06:10:00
TX007878,CUST00691,1520.92,Net Banking,insufficient_funds,0,0,1485,16,1,0,0.53,1,2026-08-14 01:13:00
TX007879,CUST01197,612.74,Net Banking,expired_card,1,2,1186,3,1,0,0.28,0,2026-08-11 23:27:00
TX007880,CUST01814,1634.42,Wallet,network_error,1,2,1382,16,0,1,0.45,1,2026-08-19 08:31:00
TX007881,CUST00009,292.93,UPI,insufficient_funds,1,0,1239,8,0,0,0.57,0,2026-08-08 05:57:00
TX007882,CUST00247,863.72,Credit Card,insufficient_funds,0,0,633,18,0,0,0.63,0,2026-08-15 22:28:00
TX007883,CUST01324,3966.27,UPI,bank_timeout,4,2,449,0,1,0,0.3,0,2026-08-20 13:02:00
TX007884,CUST01994,1035.81,UPI,network_error,3,1,1405,2,1,0,0.39,0,2026-08-09 23:44:00
TX007885,CUST01452,1263.44,Debit Card,expired_card,0,0,875,11,0,0,0.6,1,2026-08-17 22:54:00
TX007886,CUST02181,1763.86,Debit Card,expired_card,0,0,787,9,0,0,0.6,1,2026-08-24 11:42:00
TX007887,CUST01369,3535.68,Wallet,issuer_declined,1,1,831,10,0,0,0.36,1,2026-08-21 00:46:00
TX007888,CUST00914,209.51,Wallet,suspicious_transaction,4,1,1329,0,1,0,0.02,0,2026-08-22 08:57:00
TX007889,CUST02487,1967.51,Credit Card,issuer_declined,0,0,136,10,0,1,0.37,1,2026-08-25 04:36:00
TX007890,CUST02323,838.71,Credit Card,suspicious_transaction,0,0,997,3,1,0,0.1,0,2026-08-15 09:47:00
TX007891,CUST00858,1295.48,UPI,bank_timeout,0,1,117,10,0,0,0.67,0,2026-08-13 12:41:00
TX007892,CUST01004,3165.13,UPI,bank_timeout,0,1,927,20,0,0,0.72,1,2026-08-24 06:48:00
TX007893,CUST00521,332.23,Debit Card,network_error,0,1,290,23,0,0,0.62,1,2026-08-02 04:25:00
TX007894,CUST00169,398.36,Wallet,issuer_declined,0,1,259,19,0,0,0.37,0,2026-08-14 11:31:00
TX007895,CUST00571,158.31,Net Banking,issuer_declined,0,0,252,6,0,0,0.45,1,2026-08-08 21:15:00
TX007896,CUST02589,633.23,Net Banking,issuer_declined,3,2,28,22,0,0,0.11,0,2026-08-06 20:32:00
TX007897,CUST02479,4148.21,Net Banking,insufficient_funds,2,0,829,3,0,0,0.51,1,2026-08-11 00:40:00
TX007898,CUST01143,972.06,Wallet,authentication_failed,0,1,811,8,0,0,0.37,0,2026-08-09 11:48:00
TX007899,CUST00231,287.11,Net Banking,authentication_failed,1,1,1491,22,0,0,0.31,0,2026-08-22 12:01:00
TX007900,CUST00077,674.74,Debit Card,network_error,2,3,564,17,0,0,0.39,0,2026-08-22 00:33:00
TX007901,CUST00330,247.68,Debit Card,bank_timeout,0,1,856,6,0,0,0.72,0,2026-08-24 00:12:00
TX007902,CUST00429,355.96,Net Banking,insufficient_funds,0,0,249,23,0,0,0.58,1,2026-08-20 00:54:00
TX007903,CUST01862,1617.79,Credit Card,suspicious_transaction,1,1,391,20,1,0,0.02,0,2026-08-04 17:10:00
TX007904,CUST01742,339.04,Debit Card,insufficient_funds,2,3,48,19,0,0,0.22,0,2026-08-17 17:29:00
TX007905,CUST01133,3336.36,UPI,issuer_declined,1,0,1357,8,0,0,0.44,1,2026-08-13 12:21:00
TX007906,CUST00564,1021.35,Wallet,bank_timeout,1,2,1030,13,0,0,0.58,1,2026-08-15 19:46:00
TX007907,CUST00943,1194.63,Debit Card,network_error,0,0,1319,4,0,0,0.75,1,2026-08-27 15:52:00
TX007908,CUST02702,830.17,Net Banking,bank_timeout,0,1,106,19,0,0,0.67,1,2026-08-28 04:54:00
TX007909,CUST01154,2375.23,Net Banking,issuer_declined,0,0,619,8,0,0,0.5,1,2026-08-05 12:45:00
TX007910,CUST02441,2399.85,Debit Card,expired_card,1,1,151,14,0,1,0.33,1,2026-08-04 09:13:00
TX007911,CUST01422,1533.11,Debit Card,network_error,1,2,1499,10,1,0,0.43,0,2026-08-18 12:43:00
TX007912,CUST00518,1929.06,Credit Card,insufficient_funds,0,1,1138,5,0,0,0.55,1,2026-08-01 20:28:00
TX007913,CUST01564,887.06,Wallet,authentication_failed,3,3,513,13,0,0,0.03,0,2026-08-15 22:50:00
TX007914,CUST01983,1885.98,Credit Card,issuer_declined,1,1,1470,12,0,0,0.36,1,2026-08-28 04:36:00
TX007915,CUST02089,782.21,Wallet,insufficient_funds,1,0,9,23,0,1,0.44,1,2026-08-19 01:54:00
TX007916,CUST01678,1099.08,Net Banking,bank_timeout,3,2,1396,5,0,0,0.46,0,2026-08-07 05:14:00
TX007917,CUST01230,833.27,Net Banking,bank_timeout,3,0,677,5,1,0,0.52,1,2026-08-26 15:23:00
TX007918,CUST00262,694.21,Wallet,expired_card,2,3,29,12,0,0,0.19,0,2026-08-24 05:03:00
TX007919,CUST02496,550.53,UPI,network_error,0,0,1459,2,0,0,0.75,1,2026-08-27 20:11:00
TX007920,CUST00353,1750.56,Debit Card,issuer_declined,1,1,1003,6,0,0,0.36,0,2026-08-21 17:44:00
TX007921,CUST00008,4066.78,Debit Card,expired_card,1,1,835,7,0,0,0.46,1,2026-08-04 04:08:00
TX007922,CUST02396,3537.24,Credit Card,bank_timeout,1,2,1495,15,0,0,0.58,1,2026-08-25 18:35:00
TX007923,CUST01931,312.13,Debit Card,suspicious_transaction,0,1,512,14,0,0,0.12,0,2026-08-27 22:47:00
TX007924,CUST02015,3980.66,Debit Card,bank_timeout,0,0,943,2,0,0,0.8,0,2026-08-06 10:01:00
TX007925,CUST01702,797.79,Wallet,issuer_declined,1,2,682,18,0,0,0.28,0,2026-08-10 21:58:00
TX007926,CUST01271,1999.66,Wallet,issuer_declined,5,0,668,22,0,0,0.2,0,2026-08-30 06:10:00
TX007927,CUST02759,443.1,Debit Card,insufficient_funds,0,1,1443,3,0,0,0.55,1,2026-08-01 11:18:00
TX007928,CUST00323,1263.93,UPI,insufficient_funds,2,3,1320,5,0,0,0.27,0,2026-08-29 02:25:00
TX007929,CUST01260,1500.75,Net Banking,bank_timeout,1,2,260,12,0,0,0.53,0,2026-08-18 00:28:00
TX007930,CUST02809,248.49,Wallet,insufficient_funds,1,0,968,22,1,0,0.47,0,2026-08-11 01:37:00
TX007931,CUST02892,2014.78,UPI,network_error,0,1,573,19,0,1,0.59,1,2026-08-14 09:47:00
TX007932,CUST02316,4213.02,Net Banking,insufficient_funds,0,0,314,17,0,0,0.58,1,2026-08-02 08:35:00
TX007933,CUST01857,920.9,Credit Card,network_error,1,2,737,1,0,0,0.53,1,2026-08-26 12:19:00
TX007934,CUST00576,4273.41,Debit Card,issuer_declined,1,0,380,17,0,0,0.44,0,2026-08-03 05:41:00
TX007935,CUST02132,907.15,Credit Card,insufficient_funds,1,2,272,14,0,0,0.36,0,2026-08-18 04:48:00
TX007936,CUST01274,2564.67,Net Banking,network_error,0,1,69,8,0,0,0.62,0,2026-08-02 01:32:00
TX007937,CUST01975,119.27,Credit Card,suspicious_transaction,2,3,1427,11,0,0,0.02,0,2026-08-09 16:54:00
TX007938,CUST00586,12317.52,UPI,issuer_declined,0,0,1217,21,0,0,0.5,1,2026-08-20 11:44:00
TX007939,CUST00008,4892.5,Net Banking,issuer_declined,2,2,540,22,0,0,0.22,1,2026-08-20 21:37:00
TX007940,CUST00035,824.99,Net Banking,suspicious_transaction,1,1,395,9,0,0,0.06,0,2026-08-10 22:56:00
TX007941,CUST00645,152.61,UPI,authentication_failed,0,1,1175,12,1,0,0.27,0,2026-08-24 03:25:00
TX007942,CUST02146,1462.68,Debit Card,network_error,1,2,231,17,0,0,0.48,0,2026-08-29 16:50:00
TX007943,CUST00059,258.8,Wallet,issuer_declined,2,2,630,15,0,0,0.22,1,2026-08-09 23:20:00
TX007944,CUST01240,1711.03,Debit Card,insufficient_funds,2,0,1203,21,0,0,0.51,1,2026-08-26 23:08:00
TX007945,CUST01216,1655.02,Credit Card,expired_card,0,1,861,22,0,0,0.52,1,2026-08-15 02:09:00
TX007946,CUST02810,427.77,Net Banking,bank_timeout,4,3,242,7,0,0,0.27,0,2026-08-03 02:32:00
TX007947,CUST01789,3364.27,Wallet,issuer_declined,1,1,254,7,1,0,0.21,0,2026-08-30 23:45:00
TX007948,CUST02680,2454.25,Wallet,insufficient_funds,0,1,1422,4,0,0,0.55,1,2026-08-19 22:55:00
TX007949,CUST02311,2909.75,Debit Card,bank_timeout,0,0,1021,2,0,0,0.8,1,2026-08-06 19:22:00
TX007950,CUST00586,1106.39,UPI,suspicious_transaction,4,0,909,4,0,0,0.02,0,2026-08-30 11:17:00
TX007951,CUST02231,266.26,UPI,bank_timeout,2,2,1246,9,0,0,0.52,0,2026-08-22 13:28:00
TX007952,CUST01036,2915.72,Wallet,issuer_declined,0,1,846,14,1,0,0.32,0,2026-08-18 21:18:00
TX007953,CUST02745,836.84,Debit Card,bank_timeout,0,0,376,12,0,0,0.8,0,2026-08-01 05:14:00
TX007954,CUST02559,273.2,Debit Card,suspicious_transaction,2,3,164,23,0,0,0.02,0,2026-08-10 21:32:00
TX007955,CUST02307,4238.82,Wallet,insufficient_funds,0,1,962,4,0,1,0.47,1,2026-08-30 09:04:00
TX007956,CUST00287,8949.99,Wallet,suspicious_transaction,0,0,1440,15,0,0,0.2,0,2026-08-29 06:30:00
TX007957,CUST02631,1052.32,Net Banking,bank_timeout,5,0,530,16,0,0,0.5,0,2026-08-25 12:10:00
TX007958,CUST00402,9500.7,Wallet,bank_timeout,2,0,257,19,0,0,0.63,1,2026-08-19 21:20:00
TX007959,CUST02403,1201.49,Wallet,expired_card,0,0,524,22,0,0,0.6,0,2026-08-29 14:34:00
TX007960,CUST01719,749.6,Wallet,expired_card,0,0,169,9,0,0,0.55,1,2026-08-01 06:41:00
TX007961,CUST01131,583.79,UPI,network_error,0,1,1446,13,0,0,0.67,1,2026-08-04 21:45:00
TX007962,CUST02193,5636.86,UPI,authentication_failed,0,0,590,12,0,0,0.45,0,2026-08-03 03:39:00
TX007963,CUST01844,502.63,Wallet,authentication_failed,1,0,1023,1,0,0,0.39,1,2026-08-26 13:22:00
TX007964,CUST00974,2287.62,Wallet,bank_timeout,5,1,1079,4,0,0,0.42,1,2026-08-06 08:21:00
TX007965,CUST01436,626.93,Credit Card,bank_timeout,1,2,625,3,0,0,0.58,1,2026-08-11 17:44:00
TX007966,CUST00513,692.07,Credit Card,issuer_declined,5,3,928,19,1,0,0.02,0,2026-08-05 23:23:00
TX007967,CUST02434,3072.51,Net Banking,expired_card,0,0,445,12,1,0,0.5,0,2026-08-14 05:35:00
TX007968,CUST02369,749.92,Wallet,insufficient_funds,2,3,1085,22,0,0,0.27,0,2026-08-19 12:11:00
TX007969,CUST02722,731.58,Net Banking,suspicious_transaction,0,0,243,23,0,0,0.15,0,2026-08-28 18:06:00
TX007970,CUST00706,3404.33,Wallet,expired_card,0,0,1498,7,0,0,0.6,0,2026-08-25 06:59:00
TX007971,CUST00148,5417.54,UPI,bank_timeout,0,1,897,3,0,0,0.72,1,2026-08-18 12:04:00
TX007972,CUST02182,2089.52,Debit Card,insufficient_funds,1,0,130,1,0,0,0.52,0,2026-08-28 05:33:00
TX007973,CUST02015,569.77,Credit Card,issuer_declined,1,2,98,8,0,0,0.23,0,2026-08-06 19:28:00
TX007974,CUST01675,658.12,Net Banking,bank_timeout,0,0,1403,11,0,0,0.8,1,2026-08-10 06:40:00
TX007975,CUST01955,1187.87,UPI,insufficient_funds,0,1,637,5,0,0,0.55,1,2026-08-16 07:31:00
TX007976,CUST02218,1511.61,Credit Card,bank_timeout,1,1,15,9,0,0,0.61,0,2026-08-02 19:29:00
TX007977,CUST02557,408.35,UPI,bank_timeout,0,1,947,5,0,0,0.72,1,2026-08-23 23:55:00
TX007978,CUST01871,2259.81,Debit Card,bank_timeout,0,0,1444,21,0,0,0.8,1,2026-08-14 18:15:00
TX007979,CUST02221,1194.54,Debit Card,network_error,2,0,286,22,0,0,0.58,0,2026-08-26 05:08:00
TX007980,CUST01535,197.21,Wallet,insufficient_funds,1,1,318,11,1,1,0.26,0,2026-08-20 21:46:00
TX007981,CUST01218,433.15,UPI,insufficient_funds,1,2,661,21,0,1,0.33,0,2026-08-26 16:32:00
TX007982,CUST01505,662.4,Debit Card,issuer_declined,2,2,710,6,0,0,0.22,0,2026-08-24 21:19:00
TX007983,CUST01498,1019.58,Credit Card,bank_timeout,0,0,158,22,1,0,0.65,1,2026-08-28 01:37:00
TX007984,CUST02937,7253.79,Net Banking,network_error,2,2,379,5,0,0,0.47,0,2026-08-05 17:55:00
TX007985,CUST01008,1391.55,Credit Card,issuer_declined,0,0,1041,19,0,0,0.5,1,2026-08-15 10:49:00
TX007986,CUST00472,473.06,Wallet,issuer_declined,0,1,732,22,0,0,0.42,1,2026-08-19 09:13:00
TX007987,CUST01565,1367.35,UPI,expired_card,0,1,535,2,0,0,0.52,1,2026-08-29 11:47:00
TX007988,CUST02723,771.17,Debit Card,insufficient_funds,0,1,1218,8,0,0,0.55,1,2026-08-06 21:55:00
TX007989,CUST01507,1517.41,Wallet,expired_card,0,1,64,5,1,0,0.37,0,2026-08-22 16:29:00
TX007990,CUST00113,1959.74,Wallet,bank_timeout,3,3,856,22,0,0,0.38,0,2026-08-26 04:33:00
TX007991,CUST00558,3674.71,Credit Card,bank_timeout,1,0,438,0,0,0,0.74,1,2026-08-22 22:54:00
TX007992,CUST00291,1070.32,Debit Card,bank_timeout,3,1,299,13,0,1,0.41,0,2026-08-29 13:24:00
TX007993,CUST00781,5647.46,Net Banking,issuer_declined,0,0,987,9,0,0,0.5,1,2026-08-02 17:00:00
TX007994,CUST00732,2719.01,UPI,expired_card,3,2,159,12,0,0,0.21,0,2026-08-21 18:04:00
TX007995,CUST02534,540.54,Net Banking,authentication_failed,1,1,1117,19,0,0,0.31,1,2026-08-29 14:33:00
TX007996,CUST01067,9995.15,Wallet,network_error,1,1,1477,8,1,0,0.51,1,2026-08-10 11:50:00
TX007997,CUST00395,1520.8,Debit Card,insufficient_funds,5,0,777,2,0,0,0.33,1,2026-08-12 04:10:00
TX007998,CUST02108,475.74,Credit Card,network_error,2,2,1000,3,0,0,0.47,1,2026-08-29 00:38:00
TX007999,CUST02507,5726.8,Wallet,issuer_declined,3,3,317,11,0,0,0.03,0,2026-08-15 09:07:00
TX008000,CUST02802,8758.48,Debit Card,issuer_declined,0,1,1203,5,0,0,0.42,0,2026-08-07 06:58:00
TX008001,CUST01311,1061.01,UPI,insufficient_funds,2,0,467,22,0,0,0.51,1,2026-08-11 06:30:00
TX008002,CUST00422,662.72,Credit Card,insufficient_funds,3,2,71,7,0,1,0.16,0,2026-08-28 23:57:00
TX008003,CUST00151,923.0,Net Banking,network_error,3,3,178,11,1,0,0.18,0,2026-08-26 00:18:00
TX008004,CUST01576,2241.12,Credit Card,bank_timeout,1,0,31,16,0,0,0.69,1,2026-08-08 22:51:00
TX008005,CUST02508,3935.75,Wallet,authentication_failed,0,0,232,17,0,0,0.4,0,2026-08-21 23:10:00
TX008006,CUST02482,1940.09,Wallet,network_error,0,0,1008,7,0,0,0.75,1,2026-08-24 19:38:00
TX008007,CUST01575,1214.06,Debit Card,network_error,1,2,1196,5,0,0,0.53,1,2026-08-09 05:27:00
TX008008,CUST01099,4905.01,Debit Card,network_error,3,0,386,20,1,0,0.47,0,2026-08-23 00:42:00
TX008009,CUST02949,802.04,Credit Card,bank_timeout,1,2,1106,10,0,0,0.58,1,2026-08-07 00:31:00
TX008010,CUST02943,3074.57,Credit Card,network_error,0,0,1013,13,0,0,0.75,1,2026-08-07 12:05:00
TX008011,CUST02925,822.16,Wallet,bank_timeout,0,0,127,22,0,0,0.75,1,2026-08-05 04:20:00
TX008012,CUST02648,1687.53,UPI,bank_timeout,2,2,858,7,0,1,0.44,0,2026-08-29 17:50:00
TX008013,CUST01937,978.91,Debit Card,network_error,1,1,1319,8,0,0,0.61,1,2026-08-27 05:46:00
TX008014,CUST00803,1037.06,Credit Card,bank_timeout,4,2,333,6,0,0,0.35,1,2026-08-02 18:48:00
TX008015,CUST01273,751.91,Wallet,network_error,1,0,859,18,0,1,0.61,0,2026-08-21 23:32:00
TX008016,CUST00567,4208.47,UPI,authentication_failed,0,1,1458,23,0,0,0.37,0,2026-08-26 14:13:00
TX008017,CUST00666,526.93,Credit Card,issuer_declined,0,0,752,12,0,1,0.42,0,2026-08-04 13:51:00
TX008018,CUST01858,523.1,Debit Card,issuer_declined,0,0,497,6,1,0,0.4,0,2026-08-04 03:36:00
TX008019,CUST02657,9145.28,Credit Card,bank_timeout,0,1,1131,20,0,0,0.72,1,2026-08-12 12:59:00
TX008020,CUST01048,2915.65,Credit Card,issuer_declined,2,1,515,18,0,1,0.22,0,2026-08-18 14:51:00
TX008021,CUST00506,100.98,Credit Card,authentication_failed,3,3,772,6,0,0,0.03,0,2026-08-21 22:28:00
TX008022,CUST01378,623.12,Net Banking,issuer_declined,0,0,191,5,0,0,0.45,0,2026-08-27 06:04:00
TX008023,CUST00021,179.11,Debit Card,network_error,0,1,282,9,0,0,0.62,0,2026-08-23 11:30:00
TX008024,CUST01447,423.82,UPI,bank_timeout,1,2,938,6,0,1,0.5,1,2026-08-14 20:09:00
TX008025,CUST02526,100.0,Wallet,suspicious_transaction,0,0,960,11,0,0,0.2,0,2026-08-26 04:04:00
TX008026,CUST00806,956.24,Credit Card,bank_timeout,2,3,928,6,0,0,0.44,1,2026-08-20 15:47:00
TX008027,CUST02802,350.04,Wallet,bank_timeout,0,0,125,9,0,0,0.75,0,2026-08-17 05:23:00
TX008028,CUST02505,1164.33,UPI,issuer_declined,1,2,1110,23,0,0,0.28,0,2026-08-16 10:23:00
TX008029,CUST00219,215.91,Credit Card,bank_timeout,0,1,276,2,0,0,0.67,1,2026-08-24 18:24:00
TX008030,CUST00533,1191.43,Credit Card,expired_card,0,0,525,4,0,0,0.6,1,2026-08-07 11:37:00
TX008031,CUST02548,724.21,UPI,authentication_failed,0,0,1496,7,1,0,0.35,1,2026-08-01 13:03:00
TX008032,CUST00016,4924.38,Net Banking,suspicious_transaction,0,0,584,17,0,0,0.2,0,2026-08-13 15:46:00
TX008033,CUST00247,4497.86,Debit Card,bank_timeout,1,1,577,20,0,0,0.66,1,2026-08-12 14:29:00
TX008034,CUST02166,2405.1,UPI,bank_timeout,1,0,674,4,0,0,0.74,1,2026-08-29 00:40:00
TX008035,CUST00942,791.07,UPI,suspicious_transaction,2,1,408,6,0,0,0.02,0,2026-08-04 23:52:00
TX008036,CUST01432,7985.48,Credit Card,authentication_failed,0,0,443,7,0,1,0.37,0,2026-08-05 21:51:00
TX008037,CUST01537,232.05,Credit Card,issuer_declined,0,1,112,18,0,0,0.37,0,2026-08-30 15:16:00
TX008038,CUST00363,269.47,UPI,issuer_declined,2,2,996,20,0,0,0.22,1,2026-08-08 15:03:00
TX008039,CUST02000,1008.5,Debit Card,authentication_failed,0,0,1410,7,0,0,0.45,0,2026-08-17 18:58:00
TX008040,CUST01508,10446.67,Credit Card,issuer_declined,0,1,1483,14,0,0,0.42,0,2026-08-11 03:08:00
TX008041,CUST02277,895.75,Wallet,issuer_declined,0,1,8,6,0,0,0.37,0,2026-08-02 05:24:00
TX008042,CUST01733,913.02,Credit Card,issuer_declined,1,2,1240,0,0,0,0.28,0,2026-08-07 05:13:00
TX008043,CUST00904,259.33,UPI,authentication_failed,2,0,1080,3,1,0,0.23,1,2026-08-05 17:11:00
TX008044,CUST01779,2824.06,Credit Card,bank_timeout,1,1,271,5,1,0,0.51,0,2026-08-20 00:33:00
TX008045,CUST01280,2844.6,Debit Card,insufficient_funds,0,0,569,2,0,0,0.63,1,2026-08-18 02:46:00
TX008046,CUST02219,2414.08,Net Banking,authentication_failed,5,1,666,6,0,0,0.07,0,2026-08-10 09:18:00
TX008047,CUST02717,584.51,Wallet,bank_timeout,2,2,1053,14,0,0,0.52,1,2026-08-22 09:34:00
TX008048,CUST01904,540.93,UPI,bank_timeout,3,0,1394,18,0,0,0.62,0,2026-08-08 08:36:00
TX008049,CUST00044,300.93,Net Banking,expired_card,5,2,987,6,1,0,0.04,0,2026-08-07 20:28:00
TX008050,CUST02269,1192.58,Debit Card,insufficient_funds,1,1,1256,2,0,0,0.49,0,2026-08-29 05:41:00
TX008051,CUST00377,372.26,UPI,authentication_failed,0,1,885,14,0,0,0.37,1,2026-08-25 16:19:00
TX008052,CUST00741,337.84,Net Banking,issuer_declined,1,2,1251,14,0,0,0.28,0,2026-08-10 07:08:00
TX008053,CUST00289,717.88,Debit Card,authentication_failed,3,1,832,10,0,0,0.19,0,2026-08-19 09:41:00
TX008054,CUST02135,672.39,Debit Card,insufficient_funds,1,0,1342,5,0,0,0.57,1,2026-08-11 02:58:00
TX008055,CUST02202,640.35,Net Banking,expired_card,0,0,516,3,0,0,0.6,1,2026-08-27 06:20:00
TX008056,CUST02514,1748.38,UPI,bank_timeout,2,3,382,3,1,0,0.34,0,2026-08-28 11:43:00
TX008057,CUST01756,1186.84,Debit Card,insufficient_funds,1,0,70,12,0,0,0.52,0,2026-08-10 02:02:00
TX008058,CUST02302,822.09,Debit Card,bank_timeout,2,1,814,21,0,0,0.6,1,2026-08-01 21:12:00
TX008059,CUST00249,1316.87,UPI,suspicious_transaction,0,0,1074,0,1,1,0.02,0,2026-08-07 03:24:00
TX008060,CUST01054,406.86,Debit Card,insufficient_funds,0,0,348,18,0,0,0.58,0,2026-08-16 12:18:00
TX008061,CUST02402,1218.38,Wallet,expired_card,0,1,625,1,0,0,0.52,0,2026-08-04 06:56:00
TX008062,CUST00955,1274.87,Credit Card,insufficient_funds,2,0,841,22,0,0,0.51,1,2026-08-02 18:56:00
TX008063,CUST00233,243.95,Debit Card,bank_timeout,0,0,750,3,0,0,0.8,1,2026-08-28 10:40:00
TX008064,CUST01256,2968.15,Wallet,bank_timeout,0,0,389,6,0,0,0.8,0,2026-08-07 19:17:00
TX008065,CUST00696,454.21,Wallet,insufficient_funds,0,0,1134,21,0,0,0.63,1,2026-08-17 19:54:00
TX008066,CUST01574,1200.28,Debit Card,bank_timeout,1,2,1125,9,0,0,0.58,0,2026-08-17 09:05:00
TX008067,CUST01478,3513.65,Net Banking,insufficient_funds,2,1,400,12,0,0,0.43,1,2026-08-30 00:03:00
TX008068,CUST01400,2767.44,Net Banking,issuer_declined,0,1,759,13,0,0,0.42,0,2026-08-09 23:25:00
TX008069,CUST00632,1134.94,Wallet,expired_card,4,0,569,7,0,0,0.36,1,2026-08-05 02:49:00
TX008070,CUST00630,763.19,UPI,suspicious_transaction,1,0,555,6,0,0,0.14,0,2026-08-26 09:56:00
TX008071,CUST01155,2828.53,Credit Card,bank_timeout,1,0,513,3,0,0,0.74,1,2026-08-28 22:03:00
TX008072,CUST01808,2153.17,Wallet,bank_timeout,0,0,985,21,0,0,0.8,1,2026-08-03 11:14:00
TX008073,CUST02682,590.89,Net Banking,issuer_declined,0,1,647,21,1,0,0.32,0,2026-08-23 08:04:00
TX008074,CUST02087,495.27,Debit Card,suspicious_transaction,0,0,91,22,0,0,0.15,0,2026-08-25 20:59:00
TX008075,CUST01979,138.05,Wallet,insufficient_funds,0,1,977,8,0,0,0.55,1,2026-08-10 20:40:00
TX008076,CUST00324,1279.25,Net Banking,bank_timeout,4,3,1257,15,1,0,0.22,0,2026-08-29 00:48:00
TX008077,CUST02441,1009.59,Debit Card,issuer_declined,0,1,123,7,0,0,0.37,0,2026-08-20 18:48:00
TX008078,CUST00614,3415.88,Debit Card,insufficient_funds,0,1,841,12,0,0,0.55,1,2026-08-29 07:21:00
TX008079,CUST01257,1570.35,Net Banking,bank_timeout,0,1,650,8,0,1,0.64,1,2026-08-23 03:28:00
TX008080,CUST01406,4163.99,Debit Card,network_error,0,0,1173,21,0,0,0.75,0,2026-08-21 00:51:00
TX008081,CUST00066,546.01,Wallet,authentication_failed,1,1,783,4,0,0,0.31,0,2026-08-09 09:17:00
TX008082,CUST00879,3422.58,UPI,insufficient_funds,0,1,452,23,0,0,0.55,0,2026-08-27 12:58:00
TX008083,CUST00926,646.18,Net Banking,issuer_declined,2,3,1185,0,0,0,0.14,0,2026-08-20 13:18:00
TX008084,CUST02216,2386.53,Wallet,network_error,1,2,1480,8,0,1,0.45,0,2026-08-06 11:54:00
TX008085,CUST01499,254.99,Net Banking,network_error,0,0,1150,18,0,1,0.67,0,2026-08-10 20:06:00
TX008086,CUST01379,1387.33,UPI,network_error,2,3,290,22,0,0,0.34,0,2026-08-26 11:33:00
TX008087,CUST02250,150.7,UPI,insufficient_funds,0,1,933,12,0,0,0.55,1,2026-08-29 15:14:00
TX008088,CUST02610,839.55,UPI,bank_timeout,1,0,1265,7,0,0,0.74,1,2026-08-05 03:23:00
TX008089,CUST01141,1703.35,Debit Card,bank_timeout,2,3,278,9,0,0,0.39,1,2026-08-02 05:18:00
TX008090,CUST02529,651.34,UPI,issuer_declined,0,0,622,14,0,0,0.5,1,2026-08-03 10:15:00
TX008091,CUST01443,383.59,Net Banking,authentication_failed,0,0,653,20,0,0,0.45,0,2026-08-03 15:49:00
TX008092,CUST00119,2555.79,Net Banking,insufficient_funds,1,2,1030,9,0,0,0.41,1,2026-08-16 07:37:00
TX008093,CUST01399,988.84,Net Banking,issuer_declined,0,1,3,21,0,0,0.37,0,2026-08-17 21:13:00
TX008094,CUST02463,672.11,Net Banking,network_error,4,0,1173,0,0,0,0.51,0,2026-08-21 19:27:00
TX008095,CUST02458,1143.55,Debit Card,insufficient_funds,1,1,179,11,0,0,0.44,0,2026-08-06 21:58:00
TX008096,CUST01528,15316.24,Wallet,authentication_failed,2,1,118,20,0,0,0.2,0,2026-08-15 21:14:00
TX008097,CUST02077,3475.53,UPI,expired_card,0,1,1054,18,0,0,0.52,1,2026-08-21 03:37:00
TX008098,CUST00777,3507.2,UPI,issuer_declined,1,0,674,11,0,0,0.44,0,2026-08-24 16:22:00
TX008099,CUST01603,1695.18,Net Banking,insufficient_funds,0,0,356,6,0,0,0.58,0,2026-08-26 12:11:00
TX008100,CUST00611,1295.28,Wallet,network_error,0,0,1121,22,0,0,0.75,1,2026-08-23 15:44:00
TX008101,CUST02609,100.0,Wallet,issuer_declined,0,0,703,4,0,0,0.5,1,2026-08-30 03:49:00
TX008102,CUST00139,556.14,Wallet,issuer_declined,2,1,1019,14,0,0,0.3,0,2026-08-26 14:19:00
TX008103,CUST01032,678.19,Credit Card,bank_timeout,0,0,1253,21,0,0,0.8,1,2026-08-18 14:31:00
TX008104,CUST02750,168.19,UPI,expired_card,0,1,1086,19,0,0,0.52,1,2026-08-05 19:11:00
TX008105,CUST02116,344.67,Debit Card,issuer_declined,0,0,468,2,0,0,0.5,0,2026-08-09 01:06:00
TX008106,CUST02817,151.28,UPI,expired_card,0,1,816,21,0,0,0.52,0,2026-08-25 19:15:00
TX008107,CUST01831,1055.4,Debit Card,expired_card,1,0,913,17,0,0,0.54,1,2026-08-25 16:45:00
TX008108,CUST00349,2486.83,Credit Card,issuer_declined,0,0,790,17,0,0,0.5,0,2026-08-13 06:00:00
TX008109,CUST02084,3316.86,Credit Card,insufficient_funds,0,1,107,12,0,0,0.5,0,2026-08-03 02:34:00
TX008110,CUST02695,1660.35,Credit Card,authentication_failed,0,1,924,7,1,0,0.27,0,2026-08-17 13:03:00
TX008111,CUST00544,418.47,Debit Card,insufficient_funds,0,0,1345,2,1,0,0.53,1,2026-08-19 05:39:00
TX008112,CUST01269,158.85,Debit Card,issuer_declined,0,1,835,18,0,0,0.42,1,2026-08-11 06:15:00
TX008113,CUST02118,189.26,Debit Card,insufficient_funds,4,3,539,13,0,0,0.15,0,2026-08-01 14:04:00
TX008114,CUST02875,308.28,Wallet,network_error,0,0,316,17,0,0,0.7,1,2026-08-29 22:41:00
TX008115,CUST00777,450.85,Credit Card,issuer_declined,3,1,642,19,0,0,0.24,1,2026-08-13 13:26:00
TX008116,CUST02898,934.72,UPI,issuer_declined,2,2,108,0,0,1,0.09,0,2026-08-13 22:58:00
TX008117,CUST01913,397.75,UPI,insufficient_funds,0,0,72,21,0,1,0.5,1,2026-08-20 19:31:00
TX008118,CUST02812,1539.14,Credit Card,authentication_failed,0,0,714,11,0,0,0.45,0,2026-08-27 13:38:00
TX008119,CUST02688,869.33,UPI,expired_card,2,3,20,23,0,0,0.19,0,2026-08-02 17:27:00
TX008120,CUST01225,1108.26,Wallet,bank_timeout,0,1,846,2,0,0,0.72,1,2026-08-26 14:52:00
TX008121,CUST02369,3429.78,Net Banking,expired_card,3,2,514,15,0,0,0.26,0,2026-08-17 13:44:00
TX008122,CUST02547,336.89,Wallet,network_error,0,1,262,21,0,0,0.62,0,2026-08-06 12:11:00
TX008123,CUST00544,1666.87,UPI,insufficient_funds,0,1,1434,10,1,0,0.45,0,2026-08-05 17:54:00
TX008124,CUST02526,1081.42,Debit Card,bank_timeout,0,1,912,2,0,0,0.72,1,2026-08-15 11:51:00
TX008125,CUST00439,785.65,Credit Card,suspicious_transaction,2,1,1479,9,0,0,0.02,0,2026-08-02 04:29:00
TX008126,CUST00506,2657.81,Credit Card,insufficient_funds,3,1,939,0,0,0,0.37,0,2026-08-08 11:39:00
TX008127,CUST02802,2641.27,Debit Card,bank_timeout,1,0,1419,10,0,0,0.74,1,2026-08-27 21:21:00
TX008128,CUST01533,425.6,Debit Card,bank_timeout,1,0,117,12,0,0,0.69,1,2026-08-28 07:28:00
TX008129,CUST01762,914.01,Net Banking,authentication_failed,1,0,472,17,0,0,0.39,0,2026-08-01 07:21:00
TX008130,CUST02244,1452.75,Credit Card,expired_card,0,0,174,15,1,0,0.45,1,2026-08-01 13:16:00
TX008131,CUST01021,834.63,Wallet,bank_timeout,0,0,395,4,0,0,0.8,1,2026-08-09 20:34:00
TX008132,CUST00917,1968.49,Net Banking,suspicious_transaction,3,2,860,16,0,0,0.02,0,2026-08-08 12:19:00
TX008133,CUST01972,1452.72,Credit Card,suspicious_transaction,0,0,909,4,0,0,0.2,1,2026-08-16 02:00:00
TX008134,CUST02548,6853.82,Wallet,insufficient_funds,1,2,875,16,0,0,0.41,1,2026-08-16 04:54:00
TX008135,CUST00128,237.39,Net Banking,insufficient_funds,1,0,796,0,0,0,0.57,0,2026-08-09 15:43:00
TX008136,CUST00865,970.26,Wallet,bank_timeout,5,3,284,20,0,0,0.21,0,2026-08-02 09:38:00
TX008137,CUST00565,442.08,Wallet,insufficient_funds,5,1,1104,22,0,0,0.25,0,2026-08-04 14:32:00
TX008138,CUST02765,2006.42,Wallet,authentication_failed,3,0,282,7,1,0,0.12,0,2026-08-09 18:11:00
TX008139,CUST00810,217.64,Debit Card,bank_timeout,3,2,1196,12,0,0,0.46,0,2026-08-29 15:07:00
TX008140,CUST01761,1550.47,Net Banking,bank_timeout,1,1,213,9,0,0,0.61,0,2026-08-28 18:18:00
TX008141,CUST01525,584.03,UPI,expired_card,3,0,1330,15,0,0,0.42,1,2026-08-27 06:18:00
TX008142,CUST01032,526.28,Net Banking,insufficient_funds,1,0,464,7,0,0,0.57,1,2026-08-13 21:44:00
TX008143,CUST00886,258.14,Debit Card,expired_card,0,1,1091,23,0,0,0.52,0,2026-08-05 06:12:00
TX008144,CUST01395,688.78,Credit Card,insufficient_funds,2,1,1436,0,0,0,0.43,0,2026-08-03 22:32:00
TX008145,CUST01560,3243.8,UPI,issuer_declined,2,1,1194,1,0,1,0.22,0,2026-08-02 17:35:00
TX008146,CUST00313,1069.36,Debit Card,bank_timeout,0,0,829,7,0,1,0.72,0,2026-08-23 15:54:00
TX008147,CUST00119,2054.28,UPI,network_error,3,1,842,7,0,0,0.49,1,2026-08-25 13:40:00
TX008148,CUST02573,5794.37,Debit Card,network_error,3,3,178,11,0,0,0.28,0,2026-08-28 09:10:00
TX008149,CUST00327,1427.61,Debit Card,insufficient_funds,0,0,536,13,1,0,0.53,1,2026-08-10 19:31:00
TX008150,CUST00749,627.16,Net Banking,authentication_failed,3,3,222,2,0,0,0.02,0,2026-08-01 16:20:00
TX008151,CUST01718,1749.79,Wallet,suspicious_transaction,0,1,1319,2,0,0,0.12,0,2026-08-27 10:32:00
TX008152,CUST02279,636.32,Wallet,insufficient_funds,0,1,1062,7,0,0,0.55,1,2026-08-09 15:47:00
TX008153,CUST01159,662.21,Net Banking,network_error,0,0,805,6,0,0,0.75,1,2026-08-02 18:18:00
TX008154,CUST01773,239.87,Debit Card,suspicious_transaction,1,0,1150,7,0,1,0.06,0,2026-08-13 06:23:00
TX008155,CUST01582,2769.04,Credit Card,issuer_declined,1,2,854,18,0,0,0.28,0,2026-08-04 23:19:00
TX008156,CUST01790,745.46,Wallet,expired_card,1,1,1493,18,1,0,0.36,0,2026-08-06 18:10:00
TX008157,CUST00259,1315.67,Credit Card,authentication_failed,0,0,1136,22,0,0,0.45,0,2026-08-20 13:17:00
TX008158,CUST00821,389.18,Net Banking,issuer_declined,1,1,825,18,0,0,0.36,1,2026-08-27 23:02:00
TX008159,CUST01340,1695.86,Wallet,authentication_failed,0,1,1336,10,1,0,0.27,0,2026-08-15 14:46:00
TX008160,CUST01561,511.86,Net Banking,bank_timeout,1,0,1374,19,0,0,0.74,1,2026-08-26 01:59:00
TX008161,CUST02062,951.74,Debit Card,authentication_failed,0,0,831,11,0,0,0.45,1,2026-08-03 20:47:00
TX008162,CUST01150,2638.13,Debit Card,bank_timeout,1,1,38,11,0,0,0.61,1,2026-08-13 11:59:00
TX008163,CUST02478,2418.15,Wallet,network_error,4,2,25,6,1,0,0.2,0,2026-08-12 20:18:00
TX008164,CUST01104,1072.74,Wallet,network_error,2,0,18,19,0,0,0.58,0,2026-08-12 15:46:00
TX008165,CUST00641,187.14,Credit Card,bank_timeout,1,1,405,22,0,0,0.66,1,2026-08-01 04:40:00
TX008166,CUST01931,21868.68,Debit Card,authentication_failed,1,1,1448,11,0,0,0.31,0,2026-08-01 07:39:00
TX008167,CUST00505,6284.61,UPI,authentication_failed,4,2,1166,20,0,0,0.05,0,2026-08-23 10:26:00
TX008168,CUST00780,2258.99,Debit Card,insufficient_funds,1,2,122,9,0,0,0.36,1,2026-08-14 10:08:00
TX008169,CUST02480,516.36,Credit Card,bank_timeout,0,1,1215,19,0,0,0.72,1,2026-08-30 12:38:00
TX008170,CUST00115,978.88,UPI,network_error,1,2,322,7,0,0,0.48,0,2026-08-16 02:20:00
TX008171,CUST02119,636.88,Net Banking,insufficient_funds,1,1,891,13,0,0,0.49,0,2026-08-17 09:45:00
TX008172,CUST00915,3881.03,UPI,issuer_declined,0,1,1411,14,0,0,0.42,0,2026-08-01 08:17:00
TX008173,CUST00213,1425.82,Wallet,issuer_declined,0,1,963,6,0,0,0.42,1,2026-08-23 23:03:00
TX008174,CUST02016,500.61,Net Banking,bank_timeout,2,1,1055,17,0,0,0.6,1,2026-08-11 12:00:00
TX008175,CUST02662,684.88,Credit Card,insufficient_funds,3,3,1234,0,0,0,0.21,0,2026-08-23 12:34:00
TX008176,CUST02178,3365.02,Net Banking,bank_timeout,0,1,597,13,0,0,0.72,1,2026-08-17 20:16:00
TX008177,CUST00944,5432.19,Debit Card,insufficient_funds,2,3,320,1,0,0,0.22,0,2026-08-23 07:23:00
TX008178,CUST00928,5056.0,Debit Card,network_error,1,1,730,4,0,0,0.61,0,2026-08-04 15:10:00
TX008179,CUST02044,2337.96,Net Banking,insufficient_funds,2,3,878,20,0,0,0.27,0,2026-08-29 16:22:00
TX008180,CUST00817,851.82,UPI,expired_card,0,1,1175,4,0,0,0.52,0,2026-08-22 07:21:00
TX008181,CUST02655,100.0,Net Banking,issuer_declined,1,0,40,5,0,0,0.39,0,2026-08-11 21:11:00
TX008182,CUST01906,1476.1,Credit Card,network_error,2,0,276,10,0,0,0.58,0,2026-08-07 07:58:00
TX008183,CUST01531,1094.63,Credit Card,issuer_declined,4,0,372,22,1,0,0.16,0,2026-08-03 18:07:00
TX008184,CUST01641,1261.41,Debit Card,bank_timeout,2,3,938,23,0,0,0.44,0,2026-08-22 04:44:00
TX008185,CUST01175,1157.36,Wallet,bank_timeout,2,0,716,1,0,0,0.68,1,2026-08-11 17:46:00
TX008186,CUST01546,291.12,Wallet,network_error,1,0,217,19,0,0,0.64,0,2026-08-22 19:33:00
TX008187,CUST02922,1914.88,Net Banking,bank_timeout,0,1,808,18,0,0,0.72,1,2026-08-26 01:58:00
TX008188,CUST02909,2063.62,UPI,bank_timeout,0,0,950,17,1,0,0.7,1,2026-08-17 04:08:00
TX008189,CUST02754,2169.69,Credit Card,insufficient_funds,1,2,1,20,0,0,0.36,1,2026-08-05 09:15:00
TX008190,CUST00702,2825.89,Wallet,authentication_failed,0,0,849,23,0,1,0.37,1,2026-08-22 21:14:00
TX008191,CUST00158,2006.31,UPI,insufficient_funds,4,0,200,0,0,0,0.34,0,2026-08-08 17:27:00
TX008192,CUST02021,727.76,Wallet,issuer_declined,2,1,908,23,0,1,0.22,0,2026-08-10 22:54:00
TX008193,CUST02748,1021.64,Wallet,expired_card,0,1,1377,14,0,0,0.52,0,2026-08-05 23:21:00
TX008194,CUST01422,1201.26,Net Banking,insufficient_funds,0,0,1037,13,0,0,0.63,1,2026-08-27 05:29:00
TX008195,CUST02352,1221.33,Net Banking,insufficient_funds,2,1,404,9,0,0,0.43,1,2026-08-22 07:07:00
TX008196,CUST02096,2975.65,Wallet,bank_timeout,1,0,115,21,0,1,0.61,1,2026-08-20 18:09:00
TX008197,CUST01059,2087.39,UPI,suspicious_transaction,1,2,605,14,0,1,0.02,0,2026-08-10 02:04:00
TX008198,CUST02158,8754.68,Wallet,insufficient_funds,0,1,1103,13,0,0,0.55,1,2026-08-28 03:34:00
TX008199,CUST02240,9961.36,Net Banking,bank_timeout,0,1,718,2,0,0,0.72,1,2026-08-29 19:36:00
TX008200,CUST02786,1187.55,Net Banking,bank_timeout,0,0,1098,2,0,0,0.8,1,2026-08-09 17:11:00
TX008201,CUST01664,100.0,UPI,network_error,0,0,1456,10,0,0,0.75,1,2026-08-14 01:12:00
TX008202,CUST01395,3777.56,UPI,expired_card,2,2,1428,16,0,1,0.24,0,2026-08-23 20:11:00
TX008203,CUST02453,638.82,Wallet,authentication_failed,2,0,245,22,0,0,0.28,0,2026-08-12 23:59:00
TX008204,CUST02161,492.02,Credit Card,issuer_declined,4,0,1466,20,0,0,0.26,1,2026-08-23 05:59:00
TX008205,CUST00473,736.24,Credit Card,issuer_declined,1,2,210,6,0,0,0.23,0,2026-08-23 16:50:00
TX008206,CUST02508,701.6,Net Banking,insufficient_funds,1,2,1242,15,0,0,0.41,1,2026-08-23 09:52:00
TX008207,CUST00513,2022.86,Debit Card,expired_card,4,1,890,23,0,0,0.28,1,2026-08-17 17:02:00
TX008208,CUST01702,230.57,Credit Card,suspicious_transaction,0,1,391,6,0,0,0.12,0,2026-08-09 19:33:00
TX008209,CUST02604,373.26,UPI,insufficient_funds,0,1,158,18,0,0,0.5,0,2026-08-03 00:52:00
TX008210,CUST01865,1545.59,Net Banking,network_error,2,0,1053,14,1,0,0.53,1,2026-08-30 10:04:00
TX008211,CUST01994,2044.57,Wallet,issuer_declined,0,1,594,3,0,0,0.42,0,2026-08-06 22:12:00
TX008212,CUST00775,2082.95,Debit Card,insufficient_funds,1,2,1156,15,0,0,0.41,1,2026-08-03 06:21:00
TX008213,CUST00293,499.18,Credit Card,issuer_declined,1,0,123,2,1,0,0.29,1,2026-08-10 18:57:00
TX008214,CUST00904,412.29,UPI,bank_timeout,1,1,1243,14,0,0,0.66,1,2026-08-23 02:21:00
TX008215,CUST02606,660.74,Net Banking,expired_card,0,1,1404,5,0,0,0.52,1,2026-08-10 04:59:00
TX008216,CUST02001,1393.92,Net Banking,insufficient_funds,0,0,182,7,1,0,0.48,1,2026-08-05 16:06:00
TX008217,CUST00582,4843.91,Credit Card,expired_card,1,2,1156,8,0,0,0.38,1,2026-08-09 17:13:00
TX008218,CUST02940,141.54,Net Banking,network_error,2,2,1365,11,0,0,0.47,0,2026-08-21 04:45:00
TX008219,CUST01003,879.43,Wallet,issuer_declined,1,2,1333,3,0,1,0.2,0,2026-08-22 15:53:00
TX008220,CUST02852,289.26,UPI,bank_timeout,2,1,1492,19,0,0,0.6,1,2026-08-06 19:03:00
TX008221,CUST01276,210.14,Debit Card,insufficient_funds,1,1,305,3,0,0,0.44,0,2026-08-18 02:49:00
TX008222,CUST00971,2884.07,Credit Card,authentication_failed,4,2,303,11,0,0,0.02,0,2026-08-17 15:22:00
TX008223,CUST02654,1890.55,Wallet,bank_timeout,0,0,1347,9,1,0,0.7,1,2026-08-12 09:15:00
TX008224,CUST00091,1718.89,Debit Card,expired_card,2,3,481,2,0,0,0.24,0,2026-08-16 06:22:00
TX008225,CUST01697,2754.6,Wallet,bank_timeout,0,1,1029,19,0,0,0.72,1,2026-08-14 07:15:00
TX008226,CUST01528,678.77,Debit Card,authentication_failed,0,1,340,15,0,0,0.32,0,2026-08-27 03:10:00
TX008227,CUST02167,711.49,Net Banking,issuer_declined,2,3,435,13,0,0,0.14,1,2026-08-19 08:42:00
TX008228,CUST01154,9756.91,UPI,bank_timeout,3,0,35,2,0,0,0.57,0,2026-08-09 10:06:00
TX008229,CUST02983,856.99,UPI,bank_timeout,1,2,500,12,0,1,0.5,1,2026-08-16 05:34:00
TX008230,CUST00390,2287.31,UPI,suspicious_transaction,1,2,402,5,0,0,0.02,0,2026-08-17 03:53:00
TX008231,CUST00547,1103.65,Wallet,issuer_declined,0,0,266,18,0,1,0.37,1,2026-08-07 01:07:00
TX008232,CUST02265,172.73,Credit Card,issuer_declined,1,2,691,10,0,0,0.28,0,2026-08-23 02:11:00
TX008233,CUST02301,141.94,Net Banking,insufficient_funds,0,0,1494,1,0,0,0.63,0,2026-08-27 06:29:00
TX008234,CUST02128,614.63,Wallet,expired_card,0,0,113,0,1,0,0.45,0,2026-08-10 05:06:00
TX008235,CUST01472,3152.97,Credit Card,network_error,3,0,1320,10,1,0,0.47,1,2026-08-10 16:01:00
TX008236,CUST00826,2412.19,Debit Card,insufficient_funds,2,0,859,10,1,0,0.41,0,2026-08-03 11:00:00
TX008237,CUST01655,2735.52,Debit Card,suspicious_transaction,0,0,918,1,1,0,0.1,0,2026-08-01 01:19:00
TX008238,CUST02982,408.69,UPI,bank_timeout,1,1,1312,14,0,0,0.66,1,2026-08-28 05:37:00
TX008239,CUST02926,5518.56,Debit Card,issuer_declined,1,1,174,18,0,0,0.31,0,2026-08-21 15:54:00
TX008240,CUST02215,417.84,Credit Card,bank_timeout,2,1,1405,4,0,0,0.6,1,2026-08-23 17:29:00
TX008241,CUST01658,1356.72,UPI,expired_card,1,0,979,0,0,0,0.54,0,2026-08-11 05:39:00
TX008242,CUST02645,1085.34,Net Banking,suspicious_transaction,0,0,236,4,0,0,0.15,0,2026-08-28 05:58:00
TX008243,CUST00626,921.61,Wallet,authentication_failed,0,0,318,5,0,0,0.4,1,2026-08-16 07:00:00
TX008244,CUST02101,4182.2,Net Banking,issuer_declined,0,1,252,20,0,0,0.37,1,2026-08-25 04:46:00
TX008245,CUST01061,541.8,Credit Card,network_error,1,2,1056,7,0,0,0.53,0,2026-08-04 13:00:00
TX008246,CUST00332,284.4,Debit Card,insufficient_funds,2,3,18,5,0,0,0.22,0,2026-08-17 11:28:00
TX008247,CUST00678,1118.78,Wallet,issuer_declined,2,1,593,9,0,0,0.3,0,2026-08-08 19:23:00
TX008248,CUST00373,735.22,UPI,bank_timeout,2,3,68,2,0,1,0.31,0,2026-08-30 21:47:00
TX008249,CUST00975,32124.78,Wallet,issuer_declined,2,0,1461,18,0,0,0.38,0,2026-08-30 00:38:00
TX008250,CUST00173,2157.07,Net Banking,expired_card,0,1,1036,11,0,0,0.52,1,2026-08-30 15:51:00
TX008251,CUST02599,728.26,UPI,bank_timeout,1,1,462,1,0,0,0.66,1,2026-08-02 07:16:00
TX008252,CUST01786,381.42,Net Banking,issuer_declined,2,3,479,18,0,0,0.14,0,2026-08-14 02:10:00
TX008253,CUST02103,167.29,Credit Card,suspicious_transaction,1,1,609,22,0,0,0.06,0,2026-08-20 04:21:00
TX008254,CUST01017,393.38,UPI,issuer_declined,0,0,338,16,0,0,0.45,0,2026-08-23 13:30:00
TX008255,CUST00947,1230.21,Net Banking,network_error,2,1,431,10,0,0,0.55,0,2026-08-22 12:54:00
TX008256,CUST02633,4570.27,Debit Card,authentication_failed,3,3,1275,10,0,0,0.03,0,2026-08-18 04:37:00
TX008257,CUST02075,3366.7,Net Banking,issuer_declined,0,1,1335,17,0,0,0.42,1,2026-08-17 20:59:00
TX008258,CUST01593,1378.97,Net Banking,bank_timeout,0,0,464,6,0,0,0.8,1,2026-08-03 01:31:00
TX008259,CUST02716,793.8,UPI,suspicious_transaction,1,1,1098,0,0,0,0.06,0,2026-08-17 19:51:00
TX008260,CUST01701,1434.85,Net Banking,bank_timeout,0,0,395,21,0,0,0.8,1,2026-08-17 22:05:00
TX008261,CUST01970,652.86,Wallet,bank_timeout,1,1,396,4,0,0,0.66,0,2026-08-19 15:46:00
TX008262,CUST01871,6114.17,Debit Card,insufficient_funds,0,0,418,14,0,0,0.63,0,2026-08-05 21:30:00
TX008263,CUST02540,907.61,UPI,suspicious_transaction,0,1,1306,20,0,0,0.12,0,2026-08-14 20:02:00
TX008264,CUST00371,1005.92,Net Banking,authentication_failed,1,1,1181,14,0,0,0.31,0,2026-08-26 00:01:00
TX008265,CUST00944,119.6,Wallet,issuer_declined,2,1,230,16,0,0,0.25,1,2026-08-05 20:20:00
TX008266,CUST02237,901.96,UPI,issuer_declined,3,0,868,3,0,0,0.32,0,2026-08-12 07:30:00
TX008267,CUST01038,2531.29,Debit Card,bank_timeout,2,1,636,15,0,0,0.6,1,2026-08-07 10:10:00
TX008268,CUST00674,377.01,Wallet,authentication_failed,1,0,43,20,0,0,0.34,0,2026-08-04 19:00:00
TX008269,CUST01828,517.64,Wallet,bank_timeout,0,0,1490,21,0,0,0.8,1,2026-08-03 20:01:00
TX008270,CUST02098,2422.88,Debit Card,network_error,0,0,332,15,0,0,0.7,1,2026-08-17 22:43:00
TX008271,CUST02710,250.47,UPI,authentication_failed,4,3,187,17,1,0,0.02,0,2026-08-18 09:13:00
TX008272,CUST00586,3158.34,Debit Card,authentication_failed,1,1,1397,10,0,1,0.23,0,2026-08-10 02:50:00
TX008273,CUST01096,644.1,Wallet,expired_card,0,1,516,9,0,1,0.44,0,2026-08-17 05:33:00
TX008274,CUST02334,743.55,Wallet,issuer_declined,0,1,685,13,0,0,0.42,1,2026-08-26 22:46:00
TX008275,CUST00402,356.42,Debit Card,expired_card,1,0,213,16,0,0,0.49,0,2026-08-22 08:41:00
TX008276,CUST00306,1600.46,Net Banking,bank_timeout,0,0,1230,15,0,0,0.8,1,2026-08-07 02:00:00
TX008277,CUST02345,12834.24,Debit Card,issuer_declined,0,1,890,18,0,0,0.42,1,2026-08-07 11:40:00
TX008278,CUST01101,2395.86,Debit Card,insufficient_funds,4,2,205,23,0,0,0.18,1,2026-08-03 07:03:00
TX008279,CUST02277,462.07,Wallet,issuer_declined,1,2,844,18,0,0,0.28,0,2026-08-17 11:27:00
TX008280,CUST00380,3413.93,Net Banking,network_error,1,0,583,4,0,0,0.69,1,2026-08-25 19:46:00
TX008281,CUST02506,798.97,Credit Card,issuer_declined,0,1,885,12,0,0,0.42,0,2026-08-22 22:30:00
TX008282,CUST02893,4335.04,Net Banking,network_error,2,3,561,20,0,0,0.39,0,2026-08-13 17:49:00
TX008283,CUST00814,2456.95,Net Banking,authentication_failed,2,0,1090,2,0,0,0.33,0,2026-08-23 20:01:00
TX008284,CUST01041,100.0,Wallet,expired_card,2,2,1006,13,0,0,0.32,0,2026-08-25 17:45:00
TX008285,CUST01908,401.79,Credit Card,issuer_declined,1,0,655,21,0,0,0.44,1,2026-08-19 14:14:00
TX008286,CUST02364,2819.7,Credit Card,issuer_declined,0,0,832,2,0,0,0.5,1,2026-08-28 08:58:00
TX008287,CUST02504,1276.22,Debit Card,bank_timeout,3,1,597,1,0,0,0.54,0,2026-08-13 02:11:00
TX008288,CUST02569,393.96,UPI,suspicious_transaction,3,2,588,14,1,0,0.02,0,2026-08-28 13:00:00
TX008289,CUST02491,581.97,Credit Card,suspicious_transaction,3,1,820,22,0,0,0.02,0,2026-08-08 12:17:00
TX008290,CUST02266,163.0,Wallet,authentication_failed,5,1,183,14,0,0,0.02,0,2026-08-28 19:35:00
TX008291,CUST02636,1003.88,Wallet,suspicious_transaction,0,0,1174,4,0,0,0.2,1,2026-08-18 19:21:00
TX008292,CUST00275,10003.49,Wallet,insufficient_funds,2,0,123,2,1,0,0.36,0,2026-08-25 12:00:00
TX008293,CUST00561,2452.67,Credit Card,suspicious_transaction,1,0,1189,9,0,0,0.14,0,2026-08-23 04:14:00
TX008294,CUST01501,9802.74,UPI,suspicious_transaction,2,2,827,2,0,0,0.02,0,2026-08-23 09:59:00
TX008295,CUST00446,2650.22,Debit Card,bank_timeout,0,0,1255,20,0,0,0.8,1,2026-08-02 23:50:00
TX008296,CUST01621,3064.01,Net Banking,authentication_failed,0,1,831,22,1,1,0.19,0,2026-08-18 07:29:00
TX008297,CUST02983,7895.74,Wallet,issuer_declined,0,0,231,0,0,0,0.45,0,2026-08-25 18:13:00
TX008298,CUST00804,1599.21,Wallet,authentication_failed,3,1,1163,10,0,0,0.19,0,2026-08-14 15:47:00
TX008299,CUST00393,909.39,Credit Card,bank_timeout,0,1,2,8,0,0,0.67,1,2026-08-13 01:06:00
TX008300,CUST00779,3079.92,Wallet,issuer_declined,0,0,1197,0,0,0,0.5,0,2026-08-06 13:58:00
TX008301,CUST02701,4693.06,Credit Card,insufficient_funds,0,0,1287,1,0,0,0.63,1,2026-08-16 18:13:00
TX008302,CUST01064,678.6,Wallet,suspicious_transaction,3,2,573,14,0,1,0.02,0,2026-08-28 10:58:00
TX008303,CUST02895,532.95,Credit Card,network_error,3,2,1245,10,0,1,0.33,1,2026-08-12 14:17:00
TX008304,CUST02682,1259.99,Debit Card,insufficient_funds,0,1,1390,17,0,0,0.55,0,2026-08-06 03:22:00
TX008305,CUST01262,2518.7,Net Banking,issuer_declined,0,0,1409,8,0,1,0.42,0,2026-08-30 09:12:00
TX008306,CUST00180,2435.95,Wallet,issuer_declined,0,0,909,11,0,0,0.5,0,2026-08-15 07:16:00
TX008307,CUST02332,263.97,Wallet,bank_timeout,1,2,918,20,0,0,0.58,0,2026-08-15 13:48:00
TX008308,CUST02295,7417.56,Wallet,authentication_failed,1,0,1120,3,0,0,0.39,1,2026-08-07 19:51:00
TX008309,CUST01799,577.57,UPI,insufficient_funds,4,0,1363,16,0,0,0.39,1,2026-08-16 19:43:00
TX008310,CUST02210,841.29,UPI,insufficient_funds,0,1,1212,2,0,0,0.55,0,2026-08-09 04:38:00
TX008311,CUST02628,444.68,Wallet,bank_timeout,1,0,1081,12,0,0,0.74,1,2026-08-05 08:03:00
TX008312,CUST00381,16290.36,Wallet,bank_timeout,1,0,1478,16,0,0,0.74,1,2026-08-02 15:13:00
TX008313,CUST01589,1396.98,Net Banking,insufficient_funds,0,1,1017,10,1,0,0.45,0,2026-08-07 00:44:00
TX008314,CUST00824,468.26,Wallet,network_error,2,2,1263,0,1,0,0.37,0,2026-08-07 06:43:00
TX008315,CUST00534,2601.71,Debit Card,insufficient_funds,3,0,264,4,0,0,0.4,0,2026-08-29 12:19:00
TX008316,CUST02384,2366.43,Debit Card,issuer_declined,0,1,524,22,0,0,0.42,1,2026-08-07 22:32:00
TX008317,CUST00539,908.93,Debit Card,expired_card,2,3,948,19,0,0,0.24,1,2026-08-23 23:50:00
TX008318,CUST01412,2541.75,Wallet,authentication_failed,2,3,715,3,0,0,0.09,0,2026-08-23 01:40:00
TX008319,CUST00943,480.44,Credit Card,suspicious_transaction,1,0,1159,2,0,0,0.14,0,2026-08-07 19:14:00
TX008320,CUST01789,669.87,Wallet,bank_timeout,0,1,1489,7,0,0,0.72,0,2026-08-19 00:38:00
TX008321,CUST02664,146.9,Net Banking,suspicious_transaction,0,1,581,1,0,0,0.12,1,2026-08-30 21:25:00
TX008322,CUST01891,291.79,UPI,issuer_declined,1,0,474,5,0,0,0.44,0,2026-08-11 15:33:00
TX008323,CUST01306,6685.06,Net Banking,authentication_failed,0,1,944,17,0,0,0.37,0,2026-08-18 06:37:00
TX008324,CUST02164,5661.41,Debit Card,issuer_declined,2,3,668,10,0,0,0.14,0,2026-08-08 19:05:00
TX008325,CUST00009,1171.21,Debit Card,insufficient_funds,2,1,959,3,0,0,0.43,0,2026-08-02 20:09:00
TX008326,CUST00712,5784.47,UPI,authentication_failed,0,1,965,15,0,0,0.37,1,2026-08-20 11:43:00
TX008327,CUST01039,934.42,Net Banking,bank_timeout,0,0,229,21,0,0,0.75,1,2026-08-18 19:29:00
TX008328,CUST01446,859.71,Net Banking,issuer_declined,2,2,355,19,0,0,0.17,0,2026-08-20 14:45:00
TX008329,CUST02024,1160.39,Credit Card,bank_timeout,1,0,360,18,0,1,0.61,1,2026-08-25 14:42:00
TX008330,CUST01392,967.85,UPI,expired_card,0,1,60,16,0,0,0.47,0,2026-08-06 06:10:00
TX008331,CUST01778,884.31,Debit Card,expired_card,2,0,291,14,0,1,0.35,0,2026-08-09 12:38:00
TX008332,CUST01330,3440.59,Credit Card,issuer_declined,1,1,417,3,0,0,0.36,0,2026-08-04 16:32:00
TX008333,CUST01436,1274.28,Debit Card,insufficient_funds,5,0,1188,4,0,1,0.25,0,2026-08-14 23:17:00
TX008334,CUST01253,2236.08,UPI,insufficient_funds,4,2,588,9,0,0,0.23,1,2026-08-27 16:01:00
TX008335,CUST01546,3075.99,UPI,insufficient_funds,0,0,138,10,0,0,0.58,0,2026-08-09 21:50:00
TX008336,CUST02806,1616.77,Net Banking,network_error,0,1,203,18,0,0,0.62,0,2026-08-09 11:53:00
TX008337,CUST00060,415.6,Debit Card,insufficient_funds,0,1,537,16,0,1,0.47,0,2026-08-29 14:52:00
TX008338,CUST01890,283.48,Net Banking,expired_card,0,0,1345,6,0,0,0.6,1,2026-08-28 08:25:00
TX008339,CUST00464,1272.55,Debit Card,network_error,0,0,1147,1,0,0,0.75,1,2026-08-23 14:49:00
TX008340,CUST02603,924.03,Wallet,bank_timeout,0,1,941,23,0,0,0.72,1,2026-08-24 08:54:00
TX008341,CUST00133,1196.78,Net Banking,issuer_declined,0,1,965,0,0,0,0.42,0,2026-08-14 09:43:00
TX008342,CUST00795,1079.17,Debit Card,issuer_declined,0,0,286,13,0,0,0.45,0,2026-08-15 07:13:00
TX008343,CUST01374,14524.23,Net Banking,network_error,4,2,15,9,0,0,0.3,1,2026-08-04 18:54:00
TX008344,CUST00276,289.97,UPI,expired_card,2,3,1160,1,0,0,0.24,0,2026-08-26 10:45:00
TX008345,CUST00156,149.91,Debit Card,suspicious_transaction,1,2,840,11,0,0,0.02,0,2026-08-20 13:58:00
TX008346,CUST01231,1529.01,Wallet,insufficient_funds,2,0,1367,4,0,0,0.51,0,2026-08-02 14:11:00
TX008347,CUST01401,752.63,Credit Card,bank_timeout,3,0,729,22,0,0,0.62,1,2026-08-19 22:15:00
TX008348,CUST00118,1504.28,Debit Card,bank_timeout,2,2,713,22,0,0,0.52,1,2026-08-04 20:40:00
TX008349,CUST02427,1966.25,Debit Card,insufficient_funds,4,2,270,16,0,0,0.18,1,2026-08-11 09:57:00
TX008350,CUST00984,3960.42,Wallet,insufficient_funds,0,0,768,5,0,0,0.63,0,2026-08-10 03:09:00
TX008351,CUST01131,242.93,Wallet,expired_card,0,1,729,13,0,0,0.52,0,2026-08-15 00:56:00
TX008352,CUST02616,628.47,Credit Card,insufficient_funds,0,0,659,22,1,0,0.53,0,2026-08-19 01:04:00
TX008353,CUST01854,1683.72,Net Banking,insufficient_funds,2,3,1289,21,0,0,0.27,1,2026-08-19 02:16:00
TX008354,CUST01508,2369.57,Net Banking,bank_timeout,0,0,1056,15,0,0,0.8,0,2026-08-23 12:21:00
TX008355,CUST01866,9832.51,Net Banking,insufficient_funds,0,1,1189,14,0,0,0.55,1,2026-08-18 05:56:00
TX008356,CUST00722,2851.8,UPI,bank_timeout,3,0,1379,3,1,0,0.52,1,2026-08-26 10:35:00
TX008357,CUST00285,1036.09,Wallet,issuer_declined,2,3,298,12,1,0,0.02,0,2026-08-14 19:04:00
TX008358,CUST01637,450.14,Credit Card,suspicious_transaction,4,0,928,16,0,0,0.02,0,2026-08-23 07:59:00
TX008359,CUST00993,623.73,Wallet,authentication_failed,0,0,892,18,0,0,0.45,0,2026-08-26 02:04:00
TX008360,CUST01843,606.25,UPI,bank_timeout,3,2,682,6,0,0,0.46,1,2026-08-05 05:21:00
TX008361,CUST02546,2111.67,Net Banking,authentication_failed,0,0,500,2,0,0,0.45,1,2026-08-17 00:00:00
TX008362,CUST02845,1417.99,Wallet,bank_timeout,1,2,151,0,0,0,0.53,1,2026-08-03 17:53:00
TX008363,CUST00747,291.88,Debit Card,authentication_failed,1,0,1400,22,1,0,0.29,0,2026-08-26 22:36:00
TX008364,CUST01793,709.17,Wallet,issuer_declined,2,2,1266,7,0,0,0.22,0,2026-08-12 20:00:00
TX008365,CUST01448,2637.4,Debit Card,authentication_failed,0,0,1086,21,0,1,0.37,0,2026-08-15 07:24:00
TX008366,CUST02376,1558.79,Debit Card,issuer_declined,0,1,484,9,0,1,0.34,1,2026-08-28 00:06:00
TX008367,CUST01362,1936.51,UPI,issuer_declined,0,0,98,19,0,0,0.45,0,2026-08-15 20:02:00
TX008368,CUST00721,1608.28,Net Banking,insufficient_funds,1,2,1109,22,0,1,0.33,1,2026-08-08 01:16:00
TX008369,CUST01977,5577.14,Debit Card,bank_timeout,0,1,259,8,0,0,0.67,1,2026-08-12 17:57:00
TX008370,CUST02098,1388.59,UPI,authentication_failed,2,2,1115,11,0,0,0.17,0,2026-08-10 00:06:00
TX008371,CUST00337,745.44,Wallet,issuer_declined,0,1,1265,20,0,0,0.42,0,2026-08-23 04:04:00
TX008372,CUST00538,438.89,Debit Card,network_error,0,0,37,13,0,0,0.7,1,2026-08-18 08:40:00
TX008373,CUST00279,1407.56,Wallet,authentication_failed,1,1,481,20,0,0,0.31,0,2026-08-28 12:49:00
TX008374,CUST01921,100.0,Net Banking,bank_timeout,0,1,852,4,0,0,0.72,1,2026-08-08 09:28:00
TX008375,CUST01144,912.06,Wallet,expired_card,0,0,615,10,0,0,0.6,1,2026-08-21 04:55:00
TX008376,CUST00704,892.62,Debit Card,network_error,0,0,1248,5,0,0,0.75,1,2026-08-19 19:30:00
TX008377,CUST02591,280.21,Wallet,issuer_declined,1,1,77,15,0,0,0.31,1,2026-08-24 20:03:00
TX008378,CUST00377,433.43,Debit Card,insufficient_funds,1,2,1455,5,0,0,0.41,0,2026-08-17 11:01:00
TX008379,CUST01632,2464.29,Credit Card,suspicious_transaction,0,0,863,10,0,0,0.2,0,2026-08-19 12:09:00
TX008380,CUST01895,1381.21,UPI,expired_card,1,0,1038,19,0,0,0.54,0,2026-08-07 20:16:00
TX008381,CUST02096,1214.14,UPI,bank_timeout,0,0,178,7,0,0,0.75,1,2026-08-02 20:29:00
TX008382,CUST01483,1489.73,Credit Card,bank_timeout,0,1,283,21,0,0,0.67,1,2026-08-12 12:18:00
TX008383,CUST02884,1203.06,Wallet,insufficient_funds,0,0,922,14,0,0,0.63,0,2026-08-22 23:00:00
TX008384,CUST00535,3800.4,Credit Card,insufficient_funds,1,0,1173,2,1,0,0.47,0,2026-08-21 07:02:00
TX008385,CUST01336,1240.7,UPI,insufficient_funds,1,2,1437,4,0,0,0.41,0,2026-08-30 20:40:00
TX008386,CUST02618,255.13,Wallet,network_error,0,1,1083,10,0,0,0.67,1,2026-08-23 15:57:00
TX008387,CUST02260,5597.81,Net Banking,bank_timeout,4,3,216,19,0,0,0.27,0,2026-08-23 00:50:00
TX008388,CUST00302,1588.17,Net Banking,insufficient_funds,0,1,705,8,0,0,0.55,0,2026-08-04 21:39:00
TX008389,CUST02113,608.35,Debit Card,network_error,1,0,1214,14,0,0,0.69,1,2026-08-21 09:21:00
TX008390,CUST02501,313.12,UPI,insufficient_funds,0,0,1,5,0,0,0.58,0,2026-08-30 09:23:00
TX008391,CUST01007,1629.31,UPI,insufficient_funds,0,1,999,7,0,0,0.55,1,2026-08-04 17:54:00
TX008392,CUST02413,975.38,UPI,bank_timeout,1,2,998,10,0,0,0.58,1,2026-08-23 07:25:00
TX008393,CUST01537,5293.03,Net Banking,issuer_declined,2,1,126,19,0,0,0.25,0,2026-08-16 15:52:00
TX008394,CUST00248,775.95,Net Banking,bank_timeout,0,0,628,8,0,0,0.8,1,2026-08-01 00:27:00
TX008395,CUST02412,474.67,UPI,suspicious_transaction,1,1,970,9,0,0,0.06,0,2026-08-05 01:47:00
TX008396,CUST02533,2685.97,Credit Card,issuer_declined,1,2,261,9,1,0,0.13,0,2026-08-26 13:25:00
TX008397,CUST02369,2766.34,Credit Card,expired_card,4,0,1397,6,0,0,0.36,0,2026-08-12 12:53:00
TX008398,CUST01642,1298.09,Credit Card,expired_card,0,0,381,2,0,0,0.6,1,2026-08-06 20:19:00
TX008399,CUST01358,2156.75,Credit Card,insufficient_funds,2,1,1392,13,0,0,0.43,0,2026-08-23 15:40:00
TX008400,CUST01849,1056.07,Wallet,bank_timeout,5,1,1356,4,0,1,0.34,0,2026-08-27 01:05:00
TX008401,CUST01493,1385.57,Wallet,network_error,0,1,129,15,0,0,0.62,1,2026-08-17 15:24:00
TX008402,CUST02338,3515.69,Credit Card,issuer_declined,2,3,20,10,0,0,0.09,0,2026-08-05 07:11:00
TX008403,CUST02421,2049.43,Debit Card,bank_timeout,2,0,487,15,0,0,0.68,1,2026-08-12 17:10:00
TX008404,CUST01441,925.86,Wallet,network_error,0,1,512,22,0,0,0.67,0,2026-08-20 06:12:00
TX008405,CUST02806,4240.19,Debit Card,network_error,0,0,244,8,0,0,0.7,1,2026-08-10 22:25:00
TX008406,CUST02363,103.04,Credit Card,network_error,0,1,980,1,0,0,0.67,1,2026-08-30 20:39:00
TX008407,CUST01131,8536.22,UPI,insufficient_funds,0,1,60,19,0,0,0.5,1,2026-08-12 11:04:00
TX008408,CUST01496,199.15,Debit Card,suspicious_transaction,0,0,1106,13,1,0,0.1,0,2026-08-04 23:39:00
TX008409,CUST00583,585.76,Wallet,bank_timeout,0,1,119,15,0,0,0.67,0,2026-08-26 22:17:00
TX008410,CUST00130,1052.67,Debit Card,insufficient_funds,0,0,626,7,0,0,0.63,1,2026-08-19 07:36:00
TX008411,CUST00008,947.21,Net Banking,authentication_failed,3,0,358,11,0,0,0.22,0,2026-08-18 09:36:00
TX008412,CUST02252,3000.13,Credit Card,expired_card,0,0,1061,20,0,0,0.6,1,2026-08-20 07:01:00
TX008413,CUST00272,380.76,UPI,insufficient_funds,4,2,466,16,0,0,0.23,0,2026-08-28 01:11:00
TX008414,CUST01848,1423.35,Net Banking,issuer_declined,0,0,1440,5,0,0,0.5,1,2026-08-01 19:27:00
TX008415,CUST02260,615.1,UPI,bank_timeout,1,2,963,12,0,0,0.58,1,2026-08-29 10:58:00
TX008416,CUST00297,1473.12,Wallet,insufficient_funds,0,0,302,10,1,0,0.48,0,2026-08-09 13:26:00
TX008417,CUST01800,1027.85,Credit Card,network_error,2,1,668,0,0,0,0.55,0,2026-08-20 15:33:00
TX008418,CUST01953,1203.44,Credit Card,authentication_failed,1,0,929,16,1,0,0.29,0,2026-08-23 05:40:00
TX008419,CUST01546,632.75,Net Banking,bank_timeout,1,0,1130,12,0,0,0.74,0,2026-08-22 12:19:00
TX008420,CUST02133,658.48,Wallet,expired_card,1,0,1038,2,0,0,0.54,1,2026-08-23 07:29:00
TX008421,CUST01707,1461.58,UPI,expired_card,0,0,261,9,0,0,0.55,1,2026-08-28 08:14:00
TX008422,CUST02710,2817.81,Net Banking,network_error,0,1,620,0,1,0,0.57,0,2026-08-28 00:28:00
TX008423,CUST02867,602.88,UPI,bank_timeout,0,0,1146,15,0,0,0.8,1,2026-08-09 22:41:00
TX008424,CUST00660,460.0,UPI,network_error,2,3,1442,2,0,0,0.39,0,2026-08-29 12:21:00
TX008425,CUST00253,2025.27,Credit Card,network_error,0,1,1223,2,0,0,0.67,1,2026-08-23 12:42:00
TX008426,CUST01401,1061.56,Credit Card,suspicious_transaction,0,1,464,22,0,0,0.12,0,2026-08-07 11:51:00
TX008427,CUST00685,2516.18,UPI,suspicious_transaction,5,2,99,14,0,0,0.02,0,2026-08-13 03:33:00
TX008428,CUST01978,443.28,Wallet,expired_card,1,0,326,12,0,0,0.49,0,2026-08-26 19:24:00
TX008429,CUST01852,185.04,UPI,issuer_declined,4,1,862,16,0,0,0.18,0,2026-08-03 18:17:00
TX008430,CUST00451,643.55,Net Banking,insufficient_funds,1,2,217,17,1,0,0.26,0,2026-08-07 06:28:00
TX008431,CUST00555,509.61,Credit Card,bank_timeout,2,3,1379,2,1,0,0.34,0,2026-08-19 14:46:00
TX008432,CUST01626,1013.55,Debit Card,bank_timeout,0,1,927,7,0,0,0.72,0,2026-08-12 16:30:00
TX008433,CUST01950,580.07,Debit Card,issuer_declined,0,0,672,8,0,0,0.5,1,2026-08-06 16:03:00
TX008434,CUST02304,2300.81,Debit Card,expired_card,0,1,997,1,1,0,0.42,1,2026-08-13 18:33:00
TX008435,CUST01465,822.09,Net Banking,issuer_declined,1,2,1420,1,0,0,0.28,0,2026-08-06 06:19:00
TX008436,CUST00303,1274.71,Debit Card,insufficient_funds,3,2,1102,15,0,0,0.29,0,2026-08-17 08:29:00
TX008437,CUST00776,1283.87,Wallet,issuer_declined,3,0,912,7,0,0,0.32,1,2026-08-02 14:11:00
TX008438,CUST02984,1332.69,Credit Card,bank_timeout,0,0,1134,6,0,0,0.8,1,2026-08-29 09:28:00
TX008439,CUST02765,1070.49,Net Banking,network_error,1,1,440,17,0,0,0.61,1,2026-08-29 12:19:00
TX008440,CUST00188,1827.31,UPI,network_error,0,0,318,8,1,0,0.6,0,2026-08-13 02:30:00
TX008441,CUST02358,494.89,UPI,bank_timeout,2,0,1111,2,0,1,0.6,0,2026-08-27 00:34:00
TX008442,CUST01912,4444.48,Credit Card,suspicious_transaction,4,0,919,8,0,0,0.02,0,2026-08-15 10:16:00
TX008443,CUST01036,865.63,Wallet,insufficient_funds,0,0,219,0,0,1,0.5,0,2026-08-06 04:19:00
TX008444,CUST00904,295.44,Credit Card,issuer_declined,0,0,542,5,0,0,0.5,1,2026-08-08 19:46:00
TX008445,CUST02013,1323.55,Debit Card,insufficient_funds,3,2,1051,15,0,0,0.29,0,2026-08-16 14:42:00
TX008446,CUST02532,468.16,Net Banking,insufficient_funds,0,1,498,5,0,0,0.55,1,2026-08-14 16:25:00
TX008447,CUST00705,2133.11,Wallet,suspicious_transaction,1,1,1291,4,0,0,0.06,0,2026-08-21 04:22:00
TX008448,CUST01435,9992.65,Credit Card,authentication_failed,2,3,989,14,0,0,0.09,0,2026-08-06 10:09:00
TX008449,CUST00032,499.41,Credit Card,suspicious_transaction,1,2,687,17,0,1,0.02,0,2026-08-27 22:51:00
TX008450,CUST00248,1529.0,Credit Card,issuer_declined,3,3,978,20,0,0,0.08,0,2026-08-23 00:18:00
TX008451,CUST00149,189.52,Credit Card,network_error,0,1,739,10,0,0,0.67,1,2026-08-26 03:55:00
TX008452,CUST02600,1726.59,Credit Card,bank_timeout,0,1,1243,18,0,0,0.72,0,2026-08-21 01:34:00
TX008453,CUST01329,452.27,Debit Card,bank_timeout,0,1,1015,17,0,0,0.72,0,2026-08-20 08:43:00
TX008454,CUST00070,587.08,Net Banking,insufficient_funds,1,2,933,18,0,0,0.41,1,2026-08-24 12:25:00
TX008455,CUST01565,364.57,Credit Card,network_error,1,1,454,20,0,0,0.61,1,2026-08-13 02:20:00
TX008456,CUST00905,2280.5,UPI,issuer_declined,2,3,1416,0,0,0,0.14,0,2026-08-08 13:33:00
TX008457,CUST00673,3002.81,Debit Card,bank_timeout,3,3,891,22,0,0,0.38,0,2026-08-19 10:16:00
TX008458,CUST01036,1122.58,UPI,suspicious_transaction,0,0,955,16,0,0,0.2,0,2026-08-10 03:51:00
TX008459,CUST02114,462.0,UPI,bank_timeout,0,0,966,11,0,0,0.8,1,2026-08-21 14:18:00
TX008460,CUST01587,5375.05,Net Banking,insufficient_funds,0,0,226,6,0,0,0.58,1,2026-08-23 05:54:00
TX008461,CUST02091,517.8,Debit Card,suspicious_transaction,0,1,542,16,0,0,0.12,0,2026-08-23 23:38:00
TX008462,CUST02817,126.21,Net Banking,suspicious_transaction,3,0,420,18,0,0,0.02,0,2026-08-15 18:45:00
TX008463,CUST01097,1734.35,UPI,insufficient_funds,5,1,665,11,0,1,0.17,0,2026-08-04 06:16:00
TX008464,CUST02030,363.3,Wallet,insufficient_funds,1,2,306,17,0,0,0.36,0,2026-08-20 15:50:00
TX008465,CUST00114,2947.19,Debit Card,bank_timeout,0,0,725,6,0,0,0.8,0,2026-08-28 22:17:00
TX008466,CUST02519,749.09,Debit Card,bank_timeout,1,0,54,18,0,1,0.61,1,2026-08-02 10:37:00
TX008467,CUST02347,2005.63,Wallet,network_error,0,0,1494,2,0,0,0.75,0,2026-08-29 04:41:00
TX008468,CUST00922,4453.74,Net Banking,bank_timeout,3,0,188,1,0,0,0.57,1,2026-08-05 07:56:00
TX008469,CUST02830,327.39,Wallet,issuer_declined,2,3,409,0,0,0,0.14,0,2026-08-13 15:14:00
TX008470,CUST00503,622.7,Wallet,expired_card,0,0,312,5,0,0,0.55,1,2026-08-15 20:02:00
TX008471,CUST02870,1016.71,UPI,issuer_declined,0,0,1051,11,0,0,0.5,0,2026-08-29 02:03:00
TX008472,CUST02141,5102.83,Net Banking,network_error,0,1,1298,19,0,1,0.59,1,2026-08-10 22:57:00
TX008473,CUST02140,567.71,Net Banking,insufficient_funds,2,0,1299,20,1,0,0.41,0,2026-08-25 17:13:00
TX008474,CUST00960,605.16,Wallet,issuer_declined,1,1,298,23,0,0,0.31,1,2026-08-01 08:36:00
TX008475,CUST01150,1768.95,Credit Card,issuer_declined,1,0,1020,9,0,0,0.44,1,2026-08-15 03:47:00
TX008476,CUST01219,615.71,Credit Card,bank_timeout,1,0,1244,1,1,1,0.56,1,2026-08-28 06:47:00
TX008477,CUST02971,1277.33,UPI,authentication_failed,0,0,532,3,1,0,0.35,0,2026-08-03 09:38:00
TX008478,CUST01600,232.4,Credit Card,bank_timeout,0,1,1018,6,1,0,0.62,1,2026-08-14 05:37:00
TX008479,CUST01568,10039.98,UPI,authentication_failed,2,0,642,17,0,0,0.33,1,2026-08-29 07:34:00
TX008480,CUST01715,284.94,Net Banking,issuer_declined,0,1,704,4,0,0,0.42,0,2026-08-06 20:06:00
TX008481,CUST00430,794.92,Wallet,bank_timeout,4,0,1468,12,0,0,0.56,1,2026-08-12 12:51:00
TX008482,CUST00493,1061.59,Credit Card,insufficient_funds,0,1,373,7,0,0,0.55,0,2026-08-10 07:51:00
TX008483,CUST01104,7425.6,Debit Card,suspicious_transaction,0,0,888,6,0,0,0.2,0,2026-08-10 10:14:00
TX008484,CUST01363,291.53,Credit Card,network_error,1,0,937,22,0,0,0.69,0,2026-08-23 01:23:00
TX008485,CUST01744,7972.11,Net Banking,insufficient_funds,2,0,1160,13,0,0,0.51,1,2026-08-29 14:27:00
TX008486,CUST02348,2338.29,Credit Card,expired_card,1,1,582,18,0,0,0.46,1,2026-08-20 14:48:00
TX008487,CUST01217,1664.19,Credit Card,suspicious_transaction,2,1,375,15,0,0,0.02,0,2026-08-25 19:18:00
TX008488,CUST01943,409.68,Net Banking,bank_timeout,3,2,1276,8,0,0,0.46,0,2026-08-22 13:18:00
TX008489,CUST00171,1941.35,Net Banking,insufficient_funds,0,1,1338,3,0,1,0.47,0,2026-08-08 02:26:00
TX008490,CUST02089,531.93,Debit Card,insufficient_funds,0,0,1065,5,1,0,0.53,0,2026-08-19 07:43:00
TX008491,CUST01198,3891.93,Net Banking,suspicious_transaction,4,1,1080,16,0,0,0.02,0,2026-08-23 01:18:00
TX008492,CUST02188,415.27,Net Banking,bank_timeout,0,0,525,7,0,0,0.8,1,2026-08-25 06:17:00
TX008493,CUST02255,979.3,UPI,expired_card,1,2,856,15,0,1,0.3,1,2026-08-13 06:44:00
TX008494,CUST02592,629.37,Credit Card,network_error,1,0,97,14,0,1,0.56,0,2026-08-25 19:24:00
TX008495,CUST00644,408.49,Net Banking,network_error,1,0,1185,19,0,0,0.69,0,2026-08-24 06:20:00
TX008496,CUST02744,2301.51,Wallet,issuer_declined,1,1,915,22,0,0,0.36,1,2026-08-16 10:46:00
TX008497,CUST00295,1873.3,UPI,network_error,1,2,445,15,0,0,0.53,0,2026-08-24 08:07:00
TX008498,CUST01758,3673.9,UPI,bank_timeout,0,1,286,11,1,0,0.57,0,2026-08-28 20:04:00
TX008499,CUST00208,184.96,Debit Card,issuer_declined,1,2,1106,8,0,0,0.28,0,2026-08-30 19:31:00
TX008500,CUST02705,3178.52,UPI,suspicious_transaction,2,0,1091,2,0,0,0.08,0,2026-08-25 01:04:00
TX008501,CUST02700,13432.72,Credit Card,issuer_declined,0,0,870,11,0,0,0.5,1,2026-08-02 14:31:00
TX008502,CUST01315,698.1,Wallet,insufficient_funds,0,1,906,15,0,0,0.55,1,2026-08-26 01:10:00
TX008503,CUST00437,7296.49,Credit Card,bank_timeout,0,1,206,0,1,1,0.49,0,2026-08-28 13:28:00
TX008504,CUST01597,842.89,Credit Card,bank_timeout,2,1,1175,5,0,0,0.6,1,2026-08-04 20:22:00
TX008505,CUST01062,277.99,Credit Card,expired_card,0,1,327,20,0,0,0.47,0,2026-08-01 10:05:00
TX008506,CUST01744,807.84,Debit Card,issuer_declined,0,1,738,5,0,0,0.42,0,2026-08-28 19:59:00
TX008507,CUST02622,3128.17,Debit Card,bank_timeout,1,1,914,3,0,0,0.66,0,2026-08-24 14:40:00
TX008508,CUST01520,474.29,Credit Card,issuer_declined,0,0,1250,11,0,1,0.42,0,2026-08-13 06:23:00
TX008509,CUST02603,601.64,Wallet,authentication_failed,1,2,996,1,0,0,0.23,0,2026-08-23 05:00:00
TX008510,CUST01079,1985.33,UPI,authentication_failed,0,1,223,8,0,0,0.32,0,2026-08-29 17:52:00
TX008511,CUST01015,1099.99,UPI,suspicious_transaction,0,0,483,5,0,1,0.12,0,2026-08-16 04:47:00
TX008512,CUST00063,1967.7,Wallet,suspicious_transaction,2,2,1395,20,0,0,0.02,0,2026-08-05 11:29:00
TX008513,CUST01217,1391.07,UPI,insufficient_funds,0,1,992,16,0,0,0.55,1,2026-08-21 19:11:00
TX008514,CUST01173,1771.58,Net Banking,issuer_declined,0,1,1084,20,0,0,0.42,0,2026-08-04 13:12:00
TX008515,CUST01583,711.73,Credit Card,issuer_declined,3,3,941,18,0,0,0.08,0,2026-08-04 18:13:00
TX008516,CUST02352,1382.61,Net Banking,authentication_failed,4,2,511,1,0,0,0.05,0,2026-08-10 02:34:00
TX008517,CUST01912,433.82,UPI,authentication_failed,0,1,202,6,1,0,0.22,0,2026-08-27 08:01:00
TX008518,CUST01687,3977.6,Wallet,bank_timeout,0,0,1078,5,0,0,0.8,1,2026-08-28 10:56:00
TX008519,CUST00951,581.57,UPI,insufficient_funds,0,1,904,10,0,1,0.47,0,2026-08-20 23:00:00
TX008520,CUST01249,3390.89,UPI,issuer_declined,0,1,665,0,1,0,0.32,0,2026-08-05 11:31:00
TX008521,CUST02815,868.17,Debit Card,expired_card,2,1,148,17,0,0,0.35,0,2026-08-28 02:40:00
TX008522,CUST02972,1342.11,Net Banking,issuer_declined,0,1,517,14,0,0,0.42,0,2026-08-14 19:16:00
TX008523,CUST02980,668.5,Debit Card,suspicious_transaction,1,1,321,2,0,0,0.02,0,2026-08-26 18:55:00
TX008524,CUST02855,397.03,Net Banking,authentication_failed,1,1,1455,9,0,0,0.31,0,2026-08-14 13:28:00
TX008525,CUST02999,191.57,Wallet,expired_card,0,1,223,19,1,0,0.37,1,2026-08-20 16:33:00
TX008526,CUST02863,381.72,Net Banking,issuer_declined,1,2,1286,12,0,0,0.28,0,2026-08-09 04:33:00
TX008527,CUST01096,793.21,UPI,suspicious_transaction,0,1,1374,1,1,0,0.02,0,2026-08-22 00:47:00
TX008528,CUST00419,1355.44,Credit Card,expired_card,0,0,263,10,0,0,0.55,0,2026-08-13 05:30:00
TX008529,CUST00484,3012.06,Wallet,insufficient_funds,0,0,1392,22,0,0,0.63,0,2026-08-22 13:08:00
TX008530,CUST00827,702.22,Wallet,insufficient_funds,1,1,644,3,0,0,0.49,0,2026-08-17 03:04:00
TX008531,CUST02856,453.97,Credit Card,issuer_declined,1,1,1405,14,1,0,0.26,0,2026-08-15 23:17:00
TX008532,CUST01850,259.12,UPI,expired_card,0,1,938,20,0,1,0.44,0,2026-08-25 08:21:00
TX008533,CUST02631,1772.35,Net Banking,bank_timeout,1,0,801,0,0,0,0.74,0,2026-08-26 06:47:00
TX008534,CUST00336,4372.96,Wallet,bank_timeout,1,0,1036,5,0,0,0.74,1,2026-08-11 13:05:00
TX008535,CUST00699,3890.65,Debit Card,insufficient_funds,3,3,31,23,0,1,0.08,0,2026-08-13 01:32:00
TX008536,CUST01048,2230.39,Net Banking,authentication_failed,2,2,211,23,0,0,0.12,0,2026-08-29 04:59:00
TX008537,CUST02687,2076.72,Debit Card,issuer_declined,0,0,1487,0,0,1,0.42,0,2026-08-06 08:27:00
TX008538,CUST02828,5988.66,Debit Card,expired_card,0,0,300,16,0,0,0.55,0,2026-08-23 00:42:00
TX008539,CUST01642,1528.56,Credit Card,insufficient_funds,0,1,245,23,0,0,0.5,0,2026-08-09 20:05:00
TX008540,CUST02119,2092.53,Wallet,bank_timeout,0,0,1451,23,0,0,0.8,1,2026-08-13 15:38:00
TX008541,CUST00298,795.7,Net Banking,issuer_declined,3,1,1041,21,0,0,0.24,1,2026-08-20 20:18:00
TX008542,CUST00273,280.89,UPI,suspicious_transaction,0,1,1404,10,0,0,0.12,0,2026-08-10 09:32:00
TX008543,CUST00915,553.44,Wallet,bank_timeout,2,0,304,9,0,0,0.63,0,2026-08-23 16:32:00
TX008544,CUST02037,1086.63,Credit Card,network_error,1,2,1134,18,1,1,0.35,0,2026-08-14 20:40:00
TX008545,CUST02906,1165.36,Credit Card,insufficient_funds,0,1,241,11,0,0,0.5,0,2026-08-26 02:08:00
TX008546,CUST00422,7527.26,Credit Card,authentication_failed,0,0,346,9,0,0,0.4,0,2026-08-08 13:00:00
TX008547,CUST02390,1189.49,Wallet,bank_timeout,0,0,862,3,0,0,0.8,1,2026-08-01 09:34:00
TX008548,CUST01411,3564.73,UPI,authentication_failed,4,2,1370,23,0,0,0.05,0,2026-08-11 00:46:00
TX008549,CUST01197,709.76,UPI,authentication_failed,3,3,858,11,1,0,0.02,0,2026-08-30 20:27:00
TX008550,CUST01008,802.98,Wallet,bank_timeout,1,0,346,13,0,1,0.61,1,2026-08-10 03:49:00
TX008551,CUST02836,290.32,UPI,issuer_declined,1,0,909,14,0,0,0.44,0,2026-08-08 16:26:00
TX008552,CUST02840,522.0,UPI,authentication_failed,0,1,127,18,0,0,0.32,0,2026-08-25 17:56:00
TX008553,CUST02383,1857.49,Debit Card,network_error,0,1,975,19,0,0,0.67,1,2026-08-21 10:04:00
TX008554,CUST02164,1104.96,Wallet,insufficient_funds,0,1,1322,17,0,0,0.55,0,2026-08-26 08:56:00
TX008555,CUST00315,2815.62,Wallet,authentication_failed,0,0,7,16,0,0,0.4,0,2026-08-30 22:42:00
TX008556,CUST02228,1314.56,Credit Card,authentication_failed,4,3,658,16,0,0,0.02,0,2026-08-20 07:32:00
TX008557,CUST00936,770.89,Debit Card,insufficient_funds,0,1,1349,3,0,0,0.55,1,2026-08-04 15:01:00
TX008558,CUST02766,9398.42,Net Banking,insufficient_funds,0,1,11,3,0,0,0.5,0,2026-08-26 12:34:00
TX008559,CUST01131,998.34,UPI,network_error,1,2,1104,15,1,0,0.43,1,2026-08-19 15:12:00
TX008560,CUST01473,3508.7,Wallet,authentication_failed,0,1,970,10,0,0,0.37,1,2026-08-20 21:23:00
TX008561,CUST01787,734.21,Net Banking,issuer_declined,0,1,938,0,0,0,0.42,1,2026-08-03 08:22:00
TX008562,CUST01878,2229.65,Wallet,insufficient_funds,0,0,947,8,0,0,0.63,0,2026-08-26 03:26:00
TX008563,CUST02888,2773.92,UPI,network_error,1,1,1449,1,0,0,0.61,1,2026-08-10 08:14:00
TX008564,CUST02756,1350.85,Wallet,issuer_declined,0,1,455,4,0,0,0.42,0,2026-08-24 19:33:00
TX008565,CUST01060,104.12,UPI,issuer_declined,1,1,843,3,0,0,0.36,0,2026-08-26 22:02:00
TX008566,CUST01761,1116.83,Credit Card,suspicious_transaction,0,0,839,23,0,0,0.2,0,2026-08-19 00:49:00
TX008567,CUST02949,3753.56,Credit Card,suspicious_transaction,1,1,778,8,1,0,0.02,0,2026-08-11 11:44:00
TX008568,CUST00600,1858.42,Net Banking,expired_card,0,1,136,9,0,0,0.47,0,2026-08-15 23:19:00
TX008569,CUST01175,1712.72,Net Banking,insufficient_funds,0,1,1397,11,0,1,0.47,1,2026-08-02 16:23:00
TX008570,CUST01839,195.93,Net Banking,insufficient_funds,2,1,149,14,1,0,0.28,1,2026-08-25 18:18:00
TX008571,CUST02172,533.55,Wallet,authentication_failed,1,1,923,17,0,1,0.23,0,2026-08-30 20:28:00
TX008572,CUST00099,1654.67,Wallet,bank_timeout,1,0,805,1,0,0,0.74,1,2026-08-25 23:35:00
TX008573,CUST01731,1653.06,Wallet,expired_card,0,1,561,0,0,0,0.52,0,2026-08-28 06:58:00
TX008574,CUST02407,3694.74,Net Banking,issuer_declined,2,0,888,3,0,0,0.38,1,2026-08-24 05:28:00
TX008575,CUST02055,948.74,Net Banking,bank_timeout,0,1,1053,16,0,0,0.72,0,2026-08-25 03:12:00
TX008576,CUST00386,1645.54,Debit Card,bank_timeout,0,0,796,10,0,0,0.8,1,2026-08-30 22:06:00
TX008577,CUST02952,1114.74,Net Banking,insufficient_funds,0,0,407,18,0,0,0.63,0,2026-08-25 03:07:00
TX008578,CUST02814,408.73,UPI,expired_card,2,3,434,8,1,0,0.14,0,2026-08-04 01:25:00
TX008579,CUST01906,114.92,Wallet,network_error,2,3,701,23,0,0,0.39,1,2026-08-10 02:22:00
TX008580,CUST01176,1687.51,Credit Card,bank_timeout,0,0,746,16,1,0,0.7,0,2026-08-27 20:39:00
TX008581,CUST02271,1304.99,Credit Card,issuer_declined,2,1,1096,2,0,0,0.3,0,2026-08-09 11:10:00
TX008582,CUST02747,591.01,Net Banking,expired_card,0,1,564,2,0,0,0.52,1,2026-08-07 02:22:00
TX008583,CUST02076,217.2,Credit Card,network_error,0,0,127,21,0,0,0.7,1,2026-08-02 01:20:00
TX008584,CUST02086,2058.51,Credit Card,expired_card,3,0,694,6,0,0,0.42,0,2026-08-25 06:46:00
TX008585,CUST01311,840.57,UPI,expired_card,0,1,313,17,0,0,0.47,0,2026-08-18 09:36:00
TX008586,CUST01123,1913.85,Wallet,insufficient_funds,1,2,1247,15,0,0,0.41,0,2026-08-03 15:47:00
TX008587,CUST00871,7073.06,Credit Card,network_error,4,2,1146,3,0,0,0.35,1,2026-08-05 12:07:00
TX008588,CUST01503,128.84,Wallet,network_error,0,0,1387,11,0,0,0.75,1,2026-08-08 23:10:00
TX008589,CUST00172,544.79,Wallet,insufficient_funds,1,0,874,10,0,0,0.57,1,2026-08-20 03:51:00
TX008590,CUST00705,889.47,Net Banking,network_error,4,3,1433,14,0,1,0.19,0,2026-08-21 17:58:00
TX008591,CUST02848,4697.69,Wallet,insufficient_funds,0,0,400,16,0,0,0.63,1,2026-08-06 15:15:00
TX008592,CUST01909,213.49,Wallet,insufficient_funds,0,0,1379,23,1,0,0.53,1,2026-08-21 11:08:00
TX008593,CUST02946,7599.68,Wallet,issuer_declined,4,1,289,10,0,0,0.13,1,2026-08-13 22:38:00
TX008594,CUST02500,1256.21,UPI,expired_card,0,0,1330,4,0,0,0.6,0,2026-08-02 14:06:00
TX008595,CUST02326,996.25,Wallet,insufficient_funds,5,1,701,20,0,0,0.25,1,2026-08-15 00:35:00
TX008596,CUST02265,899.59,Debit Card,insufficient_funds,2,0,301,8,0,0,0.46,0,2026-08-23 14:57:00
TX008597,CUST02573,708.92,Credit Card,insufficient_funds,0,1,748,23,0,0,0.55,0,2026-08-24 14:30:00
TX008598,CUST01146,3127.9,Credit Card,authentication_failed,0,1,500,20,0,0,0.37,0,2026-08-17 09:02:00
TX008599,CUST00651,376.71,Credit Card,bank_timeout,1,2,86,11,0,0,0.53,0,2026-08-05 15:54:00
TX008600,CUST02668,1549.08,Wallet,issuer_declined,5,3,1098,5,0,0,0.02,0,2026-08-30 13:03:00
TX008601,CUST02313,746.82,Debit Card,network_error,1,2,389,17,0,0,0.53,0,2026-08-09 10:54:00
TX008602,CUST00364,511.77,Debit Card,expired_card,1,2,1277,10,0,0,0.38,0,2026-08-08 20:50:00
TX008603,CUST01161,14559.15,Debit Card,bank_timeout,5,0,592,6,0,1,0.42,0,2026-08-13 08:08:00
TX008604,CUST02155,1667.45,Wallet,bank_timeout,0,1,337,3,0,0,0.67,0,2026-08-26 10:09:00
TX008605,CUST01275,2024.88,Debit Card,bank_timeout,0,0,750,12,0,0,0.8,1,2026-08-18 19:07:00
TX008606,CUST02978,3421.3,UPI,suspicious_transaction,1,2,680,5,0,0,0.02,0,2026-08-16 04:26:00
TX008607,CUST01170,264.71,Credit Card,bank_timeout,1,2,350,9,0,0,0.53,0,2026-08-29 18:18:00
TX008608,CUST02813,6325.17,UPI,expired_card,0,0,1016,11,0,0,0.6,1,2026-08-26 14:59:00
TX008609,CUST00913,100.0,Wallet,suspicious_transaction,0,1,375,7,0,0,0.12,0,2026-08-04 20:36:00
TX008610,CUST02763,508.38,UPI,authentication_failed,0,0,507,18,0,0,0.45,1,2026-08-22 13:36:00
TX008611,CUST00826,692.96,Net Banking,issuer_declined,1,2,1016,13,0,0,0.28,0,2026-08-08 18:55:00
TX008612,CUST00184,1962.01,Credit Card,bank_timeout,0,1,265,7,0,0,0.67,0,2026-08-13 03:39:00
TX008613,CUST02797,1364.74,Net Banking,issuer_declined,0,0,954,8,1,0,0.4,0,2026-08-25 18:34:00
TX008614,CUST00068,928.14,Net Banking,expired_card,2,0,1230,4,0,0,0.48,1,2026-08-29 08:44:00
TX008615,CUST01384,1083.56,Debit Card,bank_timeout,3,0,530,11,0,0,0.62,1,2026-08-12 10:50:00
TX008616,CUST00661,412.39,Debit Card,insufficient_funds,0,1,197,1,0,0,0.5,0,2026-08-13 09:26:00
TX008617,CUST00369,245.37,Credit Card,issuer_declined,4,3,1104,17,0,1,0.02,0,2026-08-06 14:19:00
TX008618,CUST00438,2267.68,Credit Card,insufficient_funds,1,1,298,13,0,0,0.44,1,2026-08-05 00:50:00
TX008619,CUST01852,2194.49,Credit Card,bank_timeout,0,1,801,0,0,1,0.64,1,2026-08-11 16:20:00
TX008620,CUST00411,5348.09,Net Banking,bank_timeout,5,0,1087,1,0,0,0.5,0,2026-08-11 05:27:00
TX008621,CUST02912,497.69,Debit Card,insufficient_funds,0,0,453,22,0,0,0.63,1,2026-08-29 18:25:00
TX008622,CUST00464,2192.54,Net Banking,authentication_failed,0,1,797,1,0,0,0.37,1,2026-08-25 05:28:00
TX008623,CUST02611,825.75,Wallet,network_error,0,0,377,1,0,1,0.67,1,2026-08-11 10:31:00
TX008624,CUST02762,3606.43,Debit Card,authentication_failed,1,0,50,13,0,1,0.26,0,2026-08-23 19:51:00
TX008625,CUST02440,3047.15,UPI,insufficient_funds,1,0,516,18,0,0,0.57,1,2026-08-02 01:18:00
TX008626,CUST02214,1354.53,Wallet,authentication_failed,1,0,201,3,0,1,0.26,0,2026-08-03 19:38:00
TX008627,CUST02380,780.92,UPI,insufficient_funds,4,3,700,23,0,0,0.15,0,2026-08-07 11:32:00
TX008628,CUST01033,2866.74,Debit Card,suspicious_transaction,0,0,1397,1,0,0,0.2,0,2026-08-24 01:58:00
TX008629,CUST01486,2094.15,Net Banking,issuer_declined,0,0,970,19,0,0,0.5,1,2026-08-12 12:25:00
TX008630,CUST01454,553.11,Wallet,authentication_failed,0,0,299,6,0,0,0.4,0,2026-08-16 21:14:00
TX008631,CUST02493,290.67,Wallet,insufficient_funds,3,3,559,12,0,0,0.21,1,2026-08-05 17:51:00
TX008632,CUST01677,821.78,Net Banking,insufficient_funds,5,2,915,13,1,0,0.07,0,2026-08-28 23:30:00
TX008633,CUST00473,4991.11,Net Banking,issuer_declined,3,0,313,19,0,1,0.19,0,2026-08-05 07:23:00
TX008634,CUST02088,3451.23,Debit Card,suspicious_transaction,0,0,827,8,0,0,0.2,0,2026-08-16 05:05:00
TX008635,CUST02446,360.57,Wallet,insufficient_funds,0,1,1309,3,0,0,0.55,0,2026-08-25 01:55:00
TX008636,CUST02095,341.12,Credit Card,bank_timeout,0,1,1476,0,0,0,0.72,1,2026-08-03 18:17:00
TX008637,CUST01364,3923.28,UPI,issuer_declined,0,0,613,21,0,0,0.5,1,2026-08-09 08:52:00
TX008638,CUST01514,352.26,UPI,issuer_declined,0,0,1198,3,0,0,0.5,0,2026-08-13 06:26:00
TX008639,CUST02330,1824.93,UPI,network_error,1,0,125,8,1,0,0.54,0,2026-08-03 02:38:00
TX008640,CUST02454,592.25,Net Banking,expired_card,2,1,1204,6,0,0,0.4,1,2026-08-14 14:57:00
TX008641,CUST00132,5525.04,Debit Card,bank_timeout,2,1,509,14,0,0,0.6,1,2026-08-02 12:39:00
TX008642,CUST02277,507.54,UPI,insufficient_funds,1,0,414,17,0,0,0.57,0,2026-08-16 00:25:00
TX008643,CUST01654,3440.46,Net Banking,issuer_declined,1,1,283,1,0,0,0.31,0,2026-08-18 06:55:00
TX008644,CUST02484,1319.3,Debit Card,insufficient_funds,0,1,1128,21,0,1,0.47,0,2026-08-17 04:59:00
TX008645,CUST02260,1411.2,Debit Card,bank_timeout,0,0,169,13,0,0,0.75,1,2026-08-29 06:24:00
TX008646,CUST02543,152.89,Credit Card,bank_timeout,1,2,464,1,0,0,0.58,1,2026-08-24 04:26:00
TX008647,CUST02530,121.16,Credit Card,expired_card,1,2,105,9,0,0,0.33,0,2026-08-30 18:12:00
TX008648,CUST00499,879.57,Wallet,insufficient_funds,0,0,488,0,0,0,0.63,1,2026-08-28 20:49:00
TX008649,CUST01216,1403.75,Debit Card,expired_card,0,0,640,10,0,0,0.6,1,2026-08-17 13:36:00
TX008650,CUST00440,355.95,Debit Card,authentication_failed,1,1,489,9,0,0,0.31,1,2026-08-05 19:49:00
TX008651,CUST01007,369.19,Debit Card,authentication_failed,0,0,575,13,0,0,0.45,1,2026-08-24 08:58:00
TX008652,CUST00239,1922.67,Credit Card,insufficient_funds,1,0,663,7,0,0,0.57,1,2026-08-11 17:03:00
TX008653,CUST01804,1925.33,UPI,insufficient_funds,0,1,704,17,0,0,0.55,0,2026-08-15 21:55:00
TX008654,CUST01944,955.52,Debit Card,bank_timeout,0,0,850,8,0,0,0.8,0,2026-08-03 13:58:00
TX008655,CUST01370,2392.76,Credit Card,network_error,3,3,582,22,0,0,0.33,0,2026-08-26 17:33:00
TX008656,CUST02188,338.93,UPI,expired_card,1,0,613,7,0,1,0.46,0,2026-08-27 02:39:00
TX008657,CUST02554,768.21,Wallet,authentication_failed,1,1,13,8,0,0,0.26,1,2026-08-28 11:06:00
TX008658,CUST01024,5698.04,Credit Card,network_error,0,0,94,3,0,0,0.7,0,2026-08-19 16:13:00
TX008659,CUST00031,1174.18,Net Banking,issuer_declined,0,1,1045,2,0,0,0.42,0,2026-08-23 05:44:00
TX008660,CUST02761,1244.28,Net Banking,suspicious_transaction,2,0,1164,14,0,0,0.08,0,2026-08-06 10:50:00
TX008661,CUST02063,11003.26,Credit Card,suspicious_transaction,0,1,77,16,0,0,0.07,0,2026-08-16 17:32:00
TX008662,CUST00341,270.6,Wallet,suspicious_transaction,1,1,439,16,0,0,0.06,0,2026-08-22 00:20:00
TX008663,CUST02905,2431.91,Credit Card,network_error,1,1,1190,11,0,0,0.61,0,2026-08-24 08:11:00
TX008664,CUST02296,5790.57,Wallet,suspicious_transaction,1,0,400,5,0,0,0.14,0,2026-08-22 20:11:00
TX008665,CUST02722,792.46,Debit Card,network_error,3,3,804,19,0,1,0.25,1,2026-08-02 19:37:00
TX008666,CUST00657,2590.56,Debit Card,issuer_declined,0,0,351,22,0,0,0.45,0,2026-08-06 22:09:00
TX008667,CUST01103,410.75,UPI,bank_timeout,0,0,1041,15,0,0,0.8,1,2026-08-07 22:18:00
TX008668,CUST02148,551.85,Net Banking,insufficient_funds,0,0,521,18,1,0,0.53,1,2026-08-01 16:42:00
TX008669,CUST00364,1611.57,Debit Card,expired_card,1,2,669,3,1,1,0.2,1,2026-08-13 08:19:00
TX008670,CUST02758,2437.11,Credit Card,issuer_declined,0,1,40,10,0,0,0.37,1,2026-08-26 15:21:00
TX008671,CUST00555,3364.17,UPI,expired_card,1,1,1186,11,0,0,0.46,0,2026-08-07 21:00:00
TX008672,CUST00211,5269.17,Wallet,insufficient_funds,0,0,911,15,0,0,0.63,1,2026-08-02 17:11:00
TX008673,CUST00213,1025.11,Net Banking,bank_timeout,0,0,1443,4,0,0,0.8,1,2026-08-17 20:24:00
TX008674,CUST01829,3617.77,Credit Card,network_error,0,1,1339,19,0,0,0.67,1,2026-08-25 04:04:00
TX008675,CUST01445,778.75,Debit Card,bank_timeout,0,1,1125,1,0,0,0.72,1,2026-08-16 11:46:00
TX008676,CUST00099,2702.93,Wallet,network_error,0,0,790,22,0,0,0.75,1,2026-08-18 13:09:00
TX008677,CUST01853,1349.5,Wallet,insufficient_funds,0,1,674,19,0,0,0.55,1,2026-08-02 06:23:00
TX008678,CUST01566,1712.45,UPI,expired_card,1,2,1249,8,0,0,0.38,0,2026-08-30 07:08:00
TX008679,CUST01973,1674.9,UPI,bank_timeout,0,1,457,7,0,1,0.64,1,2026-08-12 11:48:00
TX008680,CUST00833,220.37,UPI,bank_timeout,3,1,573,17,0,0,0.54,0,2026-08-23 10:32:00
TX008681,CUST01116,356.34,Wallet,authentication_failed,2,2,298,9,0,0,0.12,0,2026-08-13 07:31:00
TX008682,CUST00079,1215.05,UPI,bank_timeout,4,0,927,9,0,0,0.56,1,2026-08-09 03:52:00
TX008683,CUST01886,202.9,Net Banking,issuer_declined,5,3,354,17,0,0,0.02,0,2026-08-02 07:49:00
TX008684,CUST02603,2517.98,Wallet,expired_card,3,2,281,8,0,0,0.21,0,2026-08-09 06:36:00
TX008685,CUST02389,2621.64,Wallet,insufficient_funds,2,0,522,6,0,1,0.43,1,2026-08-30 18:28:00
TX008686,CUST00127,1521.07,Net Banking,bank_timeout,1,2,853,23,0,0,0.58,0,2026-08-24 00:05:00
TX008687,CUST01263,357.4,Net Banking,issuer_declined,0,1,695,12,1,1,0.24,0,2026-08-15 20:22:00
TX008688,CUST01115,4359.61,Debit Card,bank_timeout,2,3,57,0,0,0,0.39,1,2026-08-27 22:02:00
TX008689,CUST01925,8410.28,Debit Card,suspicious_transaction,2,3,141,5,1,0,0.02,0,2026-08-25 01:43:00
TX008690,CUST00863,1270.39,Debit Card,insufficient_funds,0,1,1137,6,0,1,0.47,0,2026-08-21 05:38:00
TX008691,CUST00214,1827.19,Wallet,expired_card,0,1,435,0,0,0,0.52,0,2026-08-15 21:58:00
TX008692,CUST02868,1341.76,Credit Card,expired_card,0,1,1374,7,0,0,0.52,0,2026-08-09 21:21:00
TX008693,CUST01218,1863.79,UPI,network_error,2,1,1459,0,0,0,0.55,0,2026-08-18 07:06:00
TX008694,CUST01493,973.06,Net Banking,insufficient_funds,0,1,295,14,1,1,0.32,0,2026-08-03 03:46:00
TX008695,CUST00444,1059.38,Credit Card,network_error,0,1,503,14,0,0,0.67,0,2026-08-21 10:40:00
TX008696,CUST02189,2712.75,Debit Card,bank_timeout,4,2,370,7,0,0,0.4,0,2026-08-30 20:15:00
TX008697,CUST01074,11448.62,Wallet,expired_card,0,1,950,22,0,0,0.52,1,2026-08-30 01:08:00
TX008698,CUST01244,270.41,Debit Card,bank_timeout,0,0,666,7,0,0,0.8,0,2026-08-10 06:19:00
TX008699,CUST02591,988.5,Wallet,issuer_declined,1,1,159,8,0,0,0.31,0,2026-08-03 10:08:00
TX008700,CUST01130,336.82,Wallet,issuer_declined,0,0,455,16,0,0,0.5,0,2026-08-19 14:25:00
TX008701,CUST01560,5388.51,UPI,authentication_failed,0,1,1416,16,0,0,0.37,0,2026-08-26 02:18:00
TX008702,CUST01121,609.27,Debit Card,insufficient_funds,1,2,656,0,0,0,0.41,0,2026-08-16 23:49:00
TX008703,CUST02738,258.99,Wallet,expired_card,2,0,127,2,1,0,0.33,0,2026-08-02 07:40:00
TX008704,CUST01483,2075.98,Credit Card,insufficient_funds,4,1,1479,1,0,0,0.31,0,2026-08-04 04:34:00
TX008705,CUST02804,6274.89,UPI,insufficient_funds,1,1,1204,17,0,0,0.49,0,2026-08-16 07:34:00
TX008706,CUST01669,2129.4,Credit Card,issuer_declined,1,0,912,5,0,0,0.44,1,2026-08-27 02:02:00
TX008707,CUST00861,1345.87,UPI,insufficient_funds,0,1,1287,3,0,0,0.55,1,2026-08-13 09:13:00
TX008708,CUST02729,1651.01,Credit Card,expired_card,0,0,1426,14,0,1,0.52,1,2026-08-17 04:33:00
TX008709,CUST02848,4513.56,UPI,authentication_failed,0,0,347,11,0,1,0.32,1,2026-08-25 20:09:00
TX008710,CUST00883,457.51,UPI,insufficient_funds,0,0,440,9,0,0,0.63,0,2026-08-07 10:52:00
TX008711,CUST01037,980.59,UPI,network_error,2,0,991,8,0,0,0.63,1,2026-08-12 22:07:00
TX008712,CUST01968,697.37,Credit Card,insufficient_funds,2,1,819,15,0,0,0.43,1,2026-08-24 13:19:00
TX008713,CUST00074,341.09,Wallet,expired_card,0,1,39,10,0,0,0.47,0,2026-08-15 05:09:00
TX008714,CUST00041,789.68,Wallet,expired_card,1,1,1429,3,1,0,0.36,1,2026-08-23 12:57:00
TX008715,CUST02286,3320.0,Wallet,insufficient_funds,0,1,1384,15,0,0,0.55,1,2026-08-13 19:02:00
TX008716,CUST02537,1932.56,UPI,bank_timeout,4,1,1044,18,0,0,0.48,1,2026-08-18 23:01:00
TX008717,CUST02679,2088.73,Net Banking,authentication_failed,5,3,441,1,0,0,0.02,0,2026-08-22 04:28:00
TX008718,CUST01456,1269.62,Net Banking,expired_card,0,0,1383,23,0,0,0.6,1,2026-08-11 04:32:00
TX008719,CUST01023,1850.71,Wallet,issuer_declined,0,0,1000,9,0,0,0.5,0,2026-08-07 06:33:00
TX008720,CUST00652,492.46,Credit Card,bank_timeout,0,1,1332,7,0,0,0.72,1,2026-08-29 01:14:00
TX008721,CUST02851,804.72,Credit Card,issuer_declined,1,2,988,12,0,0,0.28,0,2026-08-01 03:39:00
TX008722,CUST00746,1328.76,Debit Card,suspicious_transaction,0,1,554,18,0,0,0.12,0,2026-08-15 04:03:00
TX008723,CUST01853,1447.39,UPI,authentication_failed,3,3,762,23,0,0,0.03,0,2026-08-17 12:01:00
TX008724,CUST02615,1510.49,Net Banking,issuer_declined,5,1,1492,0,0,0,0.12,0,2026-08-03 11:10:00
TX008725,CUST02254,954.96,UPI,issuer_declined,0,1,602,1,0,0,0.42,0,2026-08-17 03:22:00
TX008726,CUST02665,751.88,Net Banking,expired_card,0,1,1390,20,1,0,0.42,0,2026-08-16 11:19:00
TX008727,CUST01307,25790.75,UPI,issuer_declined,2,2,932,4,0,0,0.22,0,2026-08-18 05:30:00
TX008728,CUST00142,2715.65,Debit Card,expired_card,0,1,286,12,0,0,0.47,0,2026-08-21 20:27:00
TX008729,CUST02261,1657.64,UPI,insufficient_funds,0,0,250,9,0,0,0.58,0,2026-08-27 21:25:00
TX008730,CUST01528,868.52,Net Banking,bank_timeout,1,0,1416,4,0,0,0.74,1,2026-08-15 08:16:00
TX008731,CUST01854,698.39,Credit Card,network_error,0,0,1275,0,0,0,0.75,1,2026-08-27 23:31:00
TX008732,CUST01593,962.18,Credit Card,insufficient_funds,2,0,743,20,0,0,0.51,1,2026-08-19 01:54:00
TX008733,CUST01515,1469.72,Debit Card,insufficient_funds,0,0,224,20,1,1,0.4,0,2026-08-25 04:53:00
TX008734,CUST00515,167.26,UPI,suspicious_transaction,5,3,560,7,0,0,0.02,0,2026-08-20 17:51:00
TX008735,CUST00134,228.29,Net Banking,insufficient_funds,0,1,1417,22,0,0,0.55,0,2026-08-08 22:39:00
TX008736,CUST02528,580.05,Net Banking,expired_card,0,1,220,7,0,0,0.47,0,2026-08-24 09:12:00
TX008737,CUST01942,1349.03,Debit Card,issuer_declined,0,0,47,11,0,0,0.45,0,2026-08-07 11:56:00
TX008738,CUST02651,863.27,Wallet,issuer_declined,0,1,77,8,0,0,0.37,1,2026-08-09 15:34:00
TX008739,CUST00183,4808.41,UPI,insufficient_funds,2,3,1119,14,0,0,0.27,0,2026-08-15 09:07:00
TX008740,CUST01940,249.04,Debit Card,suspicious_transaction,1,1,421,4,1,0,0.02,0,2026-08-20 03:56:00
TX008741,CUST01717,517.32,Wallet,bank_timeout,0,1,434,1,0,0,0.72,1,2026-08-29 03:44:00
TX008742,CUST00982,5014.51,Net Banking,suspicious_transaction,5,1,578,17,0,0,0.02,0,2026-08-16 02:26:00
TX008743,CUST02194,1250.28,Debit Card,suspicious_transaction,1,2,8,20,1,0,0.02,0,2026-08-27 21:32:00
TX008744,CUST02421,2656.71,Credit Card,insufficient_funds,0,0,1008,1,0,0,0.63,1,2026-08-04 10:44:00
TX008745,CUST01559,8529.17,Net Banking,network_error,0,1,470,9,0,0,0.67,1,2026-08-06 00:53:00
TX008746,CUST02594,547.96,UPI,suspicious_transaction,2,0,835,4,0,0,0.08,0,2026-08-08 01:28:00
TX008747,CUST02346,992.96,Wallet,network_error,3,0,434,22,0,1,0.49,0,2026-08-07 16:26:00
TX008748,CUST02973,835.12,Debit Card,insufficient_funds,0,1,363,10,0,0,0.5,1,2026-08-08 21:09:00
TX008749,CUST02931,155.31,Credit Card,insufficient_funds,0,0,197,15,0,0,0.58,1,2026-08-14 14:50:00
TX008750,CUST01431,804.0,UPI,network_error,1,1,1277,20,1,0,0.51,1,2026-08-25 22:12:00
TX008751,CUST01764,2646.68,Net Banking,insufficient_funds,0,0,224,10,0,0,0.58,1,2026-08-22 00:20:00
TX008752,CUST01892,1882.94,UPI,expired_card,0,0,1483,0,0,0,0.6,1,2026-08-15 12:14:00
TX008753,CUST02195,2036.69,Debit Card,bank_timeout,2,0,107,3,0,0,0.63,0,2026-08-08 15:32:00
TX008754,CUST00225,753.32,Net Banking,insufficient_funds,0,1,980,23,0,0,0.55,1,2026-08-09 17:06:00
TX008755,CUST00899,569.01,Credit Card,network_error,0,1,925,6,0,0,0.67,1,2026-08-06 12:46:00
TX008756,CUST00614,3902.04,Wallet,authentication_failed,1,1,701,5,0,0,0.31,0,2026-08-29 21:18:00
TX008757,CUST00947,666.93,Credit Card,insufficient_funds,0,0,874,18,0,0,0.63,1,2026-08-09 06:27:00
TX008758,CUST01879,1471.57,Wallet,bank_timeout,1,0,1344,22,0,0,0.74,1,2026-08-28 15:07:00
TX008759,CUST01954,1291.21,Debit Card,bank_timeout,1,2,1053,16,0,0,0.58,0,2026-08-26 11:45:00
TX008760,CUST02488,4730.17,Wallet,network_error,1,1,614,12,0,0,0.61,0,2026-08-07 07:48:00
TX008761,CUST02129,2896.95,Wallet,insufficient_funds,0,0,1472,7,0,0,0.63,1,2026-08-26 06:57:00
TX008762,CUST01738,300.29,UPI,bank_timeout,5,2,816,21,0,0,0.34,1,2026-08-27 18:25:00
TX008763,CUST01797,334.44,Net Banking,network_error,1,1,183,9,0,0,0.56,1,2026-08-18 23:08:00
TX008764,CUST02593,1956.49,Credit Card,suspicious_transaction,5,3,691,8,0,0,0.02,0,2026-08-02 19:36:00
TX008765,CUST02231,1028.3,Credit Card,network_error,4,2,6,6,0,0,0.3,0,2026-08-15 19:08:00
TX008766,CUST01326,695.64,Debit Card,issuer_declined,0,0,1089,23,0,1,0.42,1,2026-08-19 08:52:00
TX008767,CUST02139,3027.91,Wallet,suspicious_transaction,4,1,1356,2,1,0,0.02,0,2026-08-25 07:36:00
TX008768,CUST01366,1322.74,Credit Card,network_error,1,2,335,19,0,0,0.48,0,2026-08-18 14:17:00
TX008769,CUST02901,1155.7,Debit Card,authentication_failed,2,2,1353,20,0,0,0.17,0,2026-08-03 17:41:00
TX008770,CUST02167,2391.86,UPI,bank_timeout,0,0,1415,17,0,1,0.72,0,2026-08-13 10:02:00
TX008771,CUST00451,753.62,Credit Card,insufficient_funds,2,0,1267,2,1,1,0.33,0,2026-08-21 07:20:00
TX008772,CUST02735,5263.33,Credit Card,insufficient_funds,2,2,1337,23,0,0,0.35,0,2026-08-08 08:23:00
TX008773,CUST00727,498.67,Net Banking,suspicious_transaction,1,1,73,15,0,0,0.02,0,2026-08-29 15:40:00
TX008774,CUST00359,2115.25,Wallet,insufficient_funds,0,1,1472,11,0,0,0.55,1,2026-08-19 22:16:00
TX008775,CUST00144,4600.1,Net Banking,insufficient_funds,0,0,906,3,0,0,0.63,1,2026-08-28 00:47:00
TX008776,CUST01995,276.64,Wallet,bank_timeout,0,1,295,2,0,0,0.67,1,2026-08-11 14:48:00
TX008777,CUST00341,777.95,Debit Card,issuer_declined,0,0,510,3,0,0,0.5,1,2026-08-15 17:48:00
TX008778,CUST00806,3436.5,Credit Card,bank_timeout,1,2,188,5,0,0,0.53,0,2026-08-15 04:40:00
TX008779,CUST02484,3488.56,Wallet,issuer_declined,0,0,15,23,0,0,0.45,0,2026-08-06 22:41:00
TX008780,CUST02100,923.81,Debit Card,network_error,2,3,288,7,0,0,0.34,0,2026-08-23 16:43:00
TX008781,CUST01994,526.01,Wallet,expired_card,0,1,1126,18,0,0,0.52,0,2026-08-08 03:03:00
TX008782,CUST01653,2852.46,Wallet,bank_timeout,2,2,312,7,0,0,0.47,0,2026-08-28 16:47:00
TX008783,CUST02083,3581.54,Wallet,bank_timeout,0,0,1221,17,0,1,0.72,0,2026-08-01 03:58:00
TX008784,CUST02662,342.18,UPI,bank_timeout,4,0,1177,23,0,1,0.48,1,2026-08-13 08:06:00
TX008785,CUST00918,329.01,Debit Card,suspicious_transaction,1,2,292,2,0,0,0.02,0,2026-08-10 20:09:00
TX008786,CUST02278,1373.69,Wallet,bank_timeout,0,0,724,13,0,0,0.8,0,2026-08-29 10:55:00
TX008787,CUST00656,2057.73,UPI,bank_timeout,0,1,317,16,0,0,0.67,0,2026-08-07 13:31:00
TX008788,CUST02888,813.16,Debit Card,bank_timeout,4,1,587,4,0,0,0.48,0,2026-08-01 12:28:00
TX008789,CUST01187,2163.09,Credit Card,expired_card,0,1,478,5,0,0,0.52,1,2026-08-22 18:35:00
TX008790,CUST02273,539.08,UPI,insufficient_funds,0,1,514,3,0,0,0.55,1,2026-08-11 01:55:00
TX008791,CUST00771,132.33,Credit Card,suspicious_transaction,1,2,580,10,0,0,0.02,0,2026-08-20 21:06:00
TX008792,CUST02505,717.73,Wallet,insufficient_funds,0,1,309,11,0,0,0.5,0,2026-08-08 01:44:00
TX008793,CUST01523,1168.21,Wallet,suspicious_transaction,1,1,41,1,0,0,0.02,0,2026-08-20 20:34:00
TX008794,CUST02515,832.27,UPI,bank_timeout,2,2,566,21,0,0,0.52,0,2026-08-01 10:33:00
TX008795,CUST00326,344.26,Debit Card,bank_timeout,3,2,135,23,1,0,0.31,0,2026-08-21 01:37:00
TX008796,CUST01998,178.46,Debit Card,insufficient_funds,3,3,171,20,0,0,0.16,0,2026-08-30 07:51:00
TX008797,CUST02802,655.84,Wallet,suspicious_transaction,1,1,326,12,0,0,0.02,0,2026-08-28 21:58:00
TX008798,CUST01767,2690.97,Credit Card,network_error,0,0,766,6,0,0,0.75,1,2026-08-21 14:01:00
TX008799,CUST00250,3851.42,UPI,expired_card,0,0,1382,12,0,0,0.6,0,2026-08-24 23:51:00
TX008800,CUST00208,3596.49,Credit Card,issuer_declined,2,1,473,3,0,0,0.3,0,2026-08-19 06:35:00
TX008801,CUST01046,484.97,Wallet,bank_timeout,4,3,76,10,0,1,0.19,0,2026-08-03 12:27:00
TX008802,CUST01979,345.95,UPI,network_error,3,3,84,3,1,0,0.18,0,2026-08-08 15:21:00
TX008803,CUST01095,1801.97,Debit Card,bank_timeout,0,0,497,18,0,0,0.8,0,2026-08-10 15:17:00
TX008804,CUST00317,2069.58,UPI,issuer_declined,0,1,1094,2,0,0,0.42,0,2026-08-27 13:40:00
TX008805,CUST02839,1636.26,UPI,bank_timeout,3,3,539,7,0,0,0.38,0,2026-08-19 06:59:00
TX008806,CUST00848,146.34,UPI,issuer_declined,0,0,1298,4,0,0,0.5,1,2026-08-16 06:22:00
TX008807,CUST00431,460.87,Debit Card,issuer_declined,0,0,362,9,1,0,0.35,1,2026-08-18 23:26:00
TX008808,CUST00107,1064.55,Net Banking,insufficient_funds,0,1,443,3,0,0,0.55,0,2026-08-01 02:12:00
TX008809,CUST02551,1785.08,Net Banking,suspicious_transaction,0,1,128,21,0,0,0.07,0,2026-08-28 15:55:00
TX008810,CUST01082,2362.1,Credit Card,suspicious_transaction,1,0,357,1,0,0,0.09,0,2026-08-29 23:43:00
TX008811,CUST00024,1266.81,Net Banking,authentication_failed,0,1,62,8,0,0,0.32,0,2026-08-23 06:34:00
TX008812,CUST00804,1526.58,Debit Card,network_error,1,0,1299,9,0,0,0.69,0,2026-08-22 21:08:00
TX008813,CUST02673,1193.76,Debit Card,expired_card,1,0,693,23,0,0,0.54,1,2026-08-21 03:03:00
TX008814,CUST01012,2176.82,Net Banking,authentication_failed,0,1,340,11,0,0,0.32,0,2026-08-14 00:32:00
TX008815,CUST01306,1499.47,Net Banking,network_error,0,0,717,6,0,0,0.75,0,2026-08-24 23:32:00
TX008816,CUST01679,1171.15,UPI,network_error,1,2,521,0,0,0,0.53,1,2026-08-14 08:56:00
TX008817,CUST02371,838.51,Net Banking,authentication_failed,1,1,1113,23,0,0,0.31,0,2026-08-24 11:55:00
TX008818,CUST02482,1189.5,UPI,network_error,0,0,1459,2,0,0,0.75,1,2026-08-02 09:07:00
TX008819,CUST02628,1780.4,Credit Card,authentication_failed,1,0,2,19,0,0,0.34,0,2026-08-29 03:15:00
TX008820,CUST01490,1432.93,Net Banking,bank_timeout,1,1,467,23,0,0,0.66,1,2026-08-26 20:51:00
TX008821,CUST02735,1604.92,Wallet,suspicious_transaction,2,0,1200,13,0,0,0.08,0,2026-08-06 21:45:00
TX008822,CUST00422,4199.5,UPI,suspicious_transaction,3,1,677,7,0,0,0.02,0,2026-08-12 21:06:00
TX008823,CUST01110,1429.62,Debit Card,bank_timeout,1,0,182,2,0,0,0.69,0,2026-08-15 12:50:00
TX008824,CUST02403,573.07,Net Banking,authentication_failed,0,1,1176,22,0,1,0.29,1,2026-08-09 16:46:00
TX008825,CUST02928,2653.43,Debit Card,issuer_declined,0,0,825,6,0,0,0.5,1,2026-08-17 13:28:00
TX008826,CUST01951,279.72,Net Banking,insufficient_funds,2,3,1472,12,1,0,0.17,0,2026-08-20 01:58:00
TX008827,CUST01476,371.89,UPI,suspicious_transaction,0,0,638,23,0,0,0.2,1,2026-08-27 04:36:00
TX008828,CUST01679,1534.33,Wallet,bank_timeout,2,0,1049,2,0,0,0.68,1,2026-08-07 13:24:00
TX008829,CUST00145,1837.93,Net Banking,issuer_declined,0,0,347,1,1,0,0.35,1,2026-08-06 03:47:00
TX008830,CUST02760,315.75,Wallet,expired_card,5,1,541,14,0,1,0.14,1,2026-08-02 09:54:00
TX008831,CUST01663,747.84,UPI,bank_timeout,0,1,1197,15,0,1,0.64,1,2026-08-13 16:04:00
TX008832,CUST01342,598.19,Debit Card,issuer_declined,1,0,456,23,0,0,0.44,1,2026-08-16 03:48:00
TX008833,CUST00176,674.06,Wallet,authentication_failed,0,1,1300,23,0,0,0.37,0,2026-08-20 00:00:00
TX008834,CUST02331,2817.48,Debit Card,insufficient_funds,2,2,668,14,0,0,0.35,1,2026-08-06 09:31:00
TX008835,CUST01058,2222.76,Credit Card,issuer_declined,0,0,571,22,0,0,0.5,1,2026-08-09 00:36:00
TX008836,CUST02242,1075.86,Debit Card,issuer_declined,0,1,1038,23,0,0,0.42,0,2026-08-29 04:32:00
TX008837,CUST01978,635.26,Debit Card,issuer_declined,0,0,925,16,0,1,0.42,0,2026-08-15 00:30:00
TX008838,CUST01362,284.39,Net Banking,bank_timeout,1,0,338,0,0,1,0.61,1,2026-08-15 05:00:00
TX008839,CUST01434,4537.74,Net Banking,insufficient_funds,4,1,704,9,1,0,0.21,0,2026-08-08 16:33:00
TX008840,CUST00298,1982.5,Debit Card,expired_card,0,1,974,17,0,1,0.44,0,2026-08-13 23:07:00
TX008841,CUST00833,540.95,Wallet,expired_card,1,1,1326,14,0,0,0.46,1,2026-08-19 15:16:00
TX008842,CUST01430,2252.06,UPI,issuer_declined,1,1,542,8,0,0,0.36,1,2026-08-23 18:21:00
TX008843,CUST01709,1022.27,Net Banking,insufficient_funds,0,0,1398,15,0,0,0.63,1,2026-08-07 17:18:00
TX008844,CUST02595,822.95,Credit Card,authentication_failed,1,0,642,20,1,0,0.29,1,2026-08-20 23:32:00
TX008845,CUST01484,1694.62,Net Banking,suspicious_transaction,3,1,300,17,0,0,0.02,0,2026-08-15 00:59:00
TX008846,CUST00747,522.44,UPI,expired_card,0,1,1346,7,0,0,0.52,0,2026-08-19 14:05:00
TX008847,CUST00737,777.62,Net Banking,expired_card,0,1,310,4,0,0,0.47,1,2026-08-11 02:15:00
TX008848,CUST00594,1238.26,Net Banking,insufficient_funds,2,1,1410,1,0,0,0.43,0,2026-08-23 00:55:00
TX008849,CUST01426,665.51,Wallet,authentication_failed,3,0,914,20,0,0,0.27,0,2026-08-04 14:33:00
TX008850,CUST02913,2141.12,Credit Card,issuer_declined,4,0,389,13,1,0,0.16,0,2026-08-22 09:42:00
TX008851,CUST02120,7108.64,UPI,issuer_declined,2,2,1429,16,0,0,0.22,0,2026-08-17 03:36:00
TX008852,CUST02592,515.79,Credit Card,insufficient_funds,0,0,1347,22,0,0,0.63,1,2026-08-11 06:25:00
TX008853,CUST02099,207.45,Wallet,insufficient_funds,0,0,473,2,0,0,0.63,1,2026-08-20 02:02:00
TX008854,CUST00721,148.16,Net Banking,insufficient_funds,0,0,1102,10,0,1,0.55,1,2026-08-13 06:06:00
TX008855,CUST02273,943.44,Net Banking,expired_card,0,0,832,21,0,0,0.6,1,2026-08-15 04:14:00
TX008856,CUST02785,565.01,Credit Card,bank_timeout,1,2,1285,18,0,0,0.58,0,2026-08-02 19:22:00
TX008857,CUST02009,1350.0,Credit Card,bank_timeout,0,1,1425,23,0,0,0.72,0,2026-08-02 23:00:00
TX008858,CUST01574,1252.13,Credit Card,bank_timeout,2,1,550,18,0,0,0.6,1,2026-08-12 08:31:00
TX008859,CUST02670,220.7,Debit Card,expired_card,0,1,233,21,1,0,0.37,1,2026-08-09 08:25:00
TX008860,CUST02204,178.59,Debit Card,bank_timeout,4,1,942,15,0,0,0.48,0,2026-08-26 22:27:00
TX008861,CUST00743,1474.29,Debit Card,issuer_declined,0,1,337,10,0,0,0.37,0,2026-08-17 06:15:00
TX008862,CUST02339,1255.68,Debit Card,insufficient_funds,0,0,1218,17,0,0,0.63,1,2026-08-21 19:12:00
TX008863,CUST01344,716.36,Credit Card,insufficient_funds,1,0,1059,3,0,0,0.57,1,2026-08-13 05:27:00
TX008864,CUST01289,209.11,Wallet,issuer_declined,0,1,1372,7,1,0,0.32,1,2026-08-25 23:39:00
TX008865,CUST00942,1757.05,Wallet,insufficient_funds,1,2,1346,13,1,1,0.23,0,2026-08-09 08:21:00
TX008866,CUST01666,3912.37,Debit Card,expired_card,1,0,852,13,0,0,0.54,1,2026-08-02 10:33:00
TX008867,CUST01505,1448.06,Debit Card,issuer_declined,0,1,691,11,0,0,0.42,0,2026-08-06 06:15:00
TX008868,CUST02373,469.9,Net Banking,bank_timeout,3,2,1406,23,0,0,0.46,1,2026-08-09 14:37:00
TX008869,CUST02274,1146.6,Wallet,issuer_declined,0,1,715,21,0,0,0.42,0,2026-08-18 13:08:00
TX008870,CUST01397,279.75,Wallet,network_error,1,1,883,2,0,0,0.61,1,2026-08-22 18:44:00
TX008871,CUST01582,3158.84,UPI,authentication_failed,2,3,750,23,0,0,0.09,0,2026-08-23 23:25:00
TX008872,CUST01924,1190.16,UPI,authentication_failed,3,3,333,16,0,1,0.02,0,2026-08-20 20:56:00
TX008873,CUST01920,187.14,Net Banking,issuer_declined,1,1,1351,8,1,0,0.26,0,2026-08-08 11:28:00
TX008874,CUST00239,811.86,UPI,insufficient_funds,0,1,815,10,0,0,0.55,0,2026-08-28 17:35:00
TX008875,CUST00228,1742.89,Debit Card,network_error,1,2,32,11,0,0,0.48,1,2026-08-10 04:51:00
TX008876,CUST00622,786.0,Debit Card,network_error,3,1,53,15,0,0,0.44,1,2026-08-23 18:45:00
TX008877,CUST02804,832.23,Debit Card,expired_card,2,1,478,20,0,0,0.4,0,2026-08-22 10:48:00
TX008878,CUST02628,322.34,Net Banking,network_error,0,1,1296,13,1,0,0.57,0,2026-08-23 07:56:00
TX008879,CUST02573,1932.44,Credit Card,network_error,2,2,599,15,0,0,0.47,1,2026-08-04 20:01:00
TX008880,CUST02627,573.37,UPI,insufficient_funds,3,0,174,13,0,0,0.4,1,2026-08-24 13:59:00
TX008881,CUST02038,126.92,Debit Card,bank_timeout,0,0,287,10,0,1,0.67,0,2026-08-17 10:39:00
TX008882,CUST02899,756.53,Wallet,expired_card,0,1,628,19,0,1,0.44,0,2026-08-12 17:17:00
TX008883,CUST00014,2925.29,UPI,authentication_failed,1,2,735,0,0,0,0.23,0,2026-08-06 16:49:00
TX008884,CUST01286,744.77,Credit Card,network_error,0,0,390,10,0,0,0.75,0,2026-08-19 20:21:00
TX008885,CUST02713,6235.32,Debit Card,bank_timeout,1,2,414,17,0,0,0.58,1,2026-08-25 21:59:00
TX008886,CUST02574,1684.07,Net Banking,suspicious_transaction,3,3,1394,12,0,0,0.02,0,2026-08-21 11:07:00
TX008887,CUST00796,1538.8,Wallet,insufficient_funds,0,1,1119,14,0,0,0.55,1,2026-08-05 07:52:00
TX008888,CUST02252,964.49,Debit Card,insufficient_funds,0,1,682,10,0,0,0.55,0,2026-08-27 18:26:00
TX008889,CUST00487,1024.25,UPI,insufficient_funds,0,0,1331,8,0,0,0.63,1,2026-08-04 08:30:00
TX008890,CUST02376,842.67,Wallet,bank_timeout,0,1,3,21,0,1,0.59,0,2026-08-05 21:47:00
TX008891,CUST02607,810.56,UPI,bank_timeout,0,0,1319,6,0,0,0.8,1,2026-08-19 07:51:00
TX008892,CUST00339,1864.72,Wallet,suspicious_transaction,2,1,1045,13,0,0,0.02,0,2026-08-26 13:05:00
TX008893,CUST02517,430.16,Wallet,expired_card,0,1,88,1,0,0,0.47,1,2026-08-30 00:24:00
TX008894,CUST02485,373.94,Credit Card,suspicious_transaction,1,0,529,3,0,0,0.14,1,2026-08-03 08:31:00
TX008895,CUST02789,356.67,Credit Card,bank_timeout,0,0,853,7,0,0,0.8,1,2026-08-10 14:27:00
TX008896,CUST01223,8481.6,Credit Card,expired_card,0,1,1110,22,0,0,0.52,1,2026-08-28 19:43:00
TX008897,CUST02180,1863.74,Credit Card,bank_timeout,3,1,111,23,0,0,0.49,1,2026-08-10 05:04:00
TX008898,CUST01034,1486.96,Debit Card,network_error,1,1,628,1,0,0,0.61,0,2026-08-23 14:31:00
TX008899,CUST01454,380.88,Debit Card,authentication_failed,4,0,682,20,0,0,0.21,0,2026-08-29 13:32:00
TX008900,CUST01304,2045.39,Wallet,issuer_declined,0,1,295,12,0,0,0.37,0,2026-08-10 09:55:00
TX008901,CUST00374,975.97,Credit Card,authentication_failed,0,0,1343,13,0,0,0.45,1,2026-08-25 11:41:00
TX008902,CUST00902,1358.54,Debit Card,authentication_failed,1,1,451,22,1,0,0.21,0,2026-08-01 04:53:00
TX008903,CUST02153,412.97,UPI,bank_timeout,0,1,266,7,0,0,0.67,1,2026-08-19 14:00:00
TX008904,CUST00340,1287.26,Wallet,network_error,3,0,270,1,0,1,0.44,0,2026-08-21 06:46:00
TX008905,CUST00849,717.78,Wallet,network_error,2,0,48,23,0,0,0.58,1,2026-08-22 14:36:00
TX008906,CUST01083,509.99,Debit Card,bank_timeout,0,0,956,5,0,0,0.8,0,2026-08-25 15:57:00
TX008907,CUST02443,2284.97,Debit Card,insufficient_funds,0,0,1203,19,0,0,0.63,1,2026-08-30 03:08:00
TX008908,CUST01125,235.64,Credit Card,issuer_declined,0,1,887,10,1,0,0.32,1,2026-08-04 15:38:00
TX008909,CUST02472,1929.04,Credit Card,bank_timeout,1,0,954,2,0,1,0.66,0,2026-08-24 10:40:00
TX008910,CUST01075,2174.35,Debit Card,network_error,0,0,623,20,0,0,0.75,1,2026-08-07 02:57:00
TX008911,CUST00822,455.03,Debit Card,bank_timeout,0,1,450,4,0,0,0.72,1,2026-08-18 12:02:00
TX008912,CUST02428,482.83,UPI,bank_timeout,0,1,1480,21,0,0,0.72,1,2026-08-29 06:01:00
TX008913,CUST02926,877.41,Wallet,issuer_declined,1,2,1112,10,0,0,0.28,1,2026-08-01 21:28:00
TX008914,CUST02150,1453.95,Credit Card,insufficient_funds,4,0,140,13,0,0,0.34,1,2026-08-06 09:04:00
TX008915,CUST01634,941.19,Debit Card,issuer_declined,1,2,1301,21,0,0,0.28,0,2026-08-10 15:08:00
TX008916,CUST02569,1691.82,Net Banking,network_error,5,3,1358,13,0,0,0.21,0,2026-08-10 21:31:00
TX008917,CUST00044,6393.13,UPI,issuer_declined,0,0,93,19,0,0,0.45,0,2026-08-27 01:27:00
TX008918,CUST02527,660.03,UPI,expired_card,0,1,1033,13,0,0,0.52,1,2026-08-29 04:15:00
TX008919,CUST01600,197.32,UPI,insufficient_funds,2,0,555,5,0,0,0.51,1,2026-08-10 13:14:00
TX008920,CUST00893,2504.7,Debit Card,expired_card,0,1,509,6,0,0,0.52,1,2026-08-22 14:25:00
TX008921,CUST00795,5903.58,Net Banking,bank_timeout,5,2,537,20,0,0,0.34,0,2026-08-10 05:29:00
TX008922,CUST01523,1624.2,Wallet,authentication_failed,0,1,1079,10,0,0,0.37,1,2026-08-03 20:53:00
TX008923,CUST02038,369.54,Debit Card,expired_card,2,3,598,17,0,0,0.24,0,2026-08-22 01:56:00
TX008924,CUST02617,968.85,UPI,issuer_declined,1,1,1493,0,0,1,0.28,0,2026-08-13 13:04:00
TX008925,CUST02416,358.34,UPI,bank_timeout,1,2,1303,8,0,0,0.58,1,2026-08-19 00:19:00
TX008926,CUST00571,2085.69,UPI,authentication_failed,2,0,693,14,0,0,0.33,0,2026-08-14 02:49:00
TX008927,CUST00911,283.92,Debit Card,issuer_declined,0,0,782,8,0,0,0.5,1,2026-08-05 14:29:00
TX008928,CUST01574,812.3,Wallet,expired_card,2,1,1160,23,0,0,0.4,0,2026-08-15 01:17:00
TX008929,CUST02598,401.68,Credit Card,issuer_declined,1,0,167,9,0,0,0.39,1,2026-08-03 06:56:00
TX008930,CUST00667,1244.92,Net Banking,expired_card,3,2,1370,4,0,0,0.26,0,2026-08-26 20:30:00
TX008931,CUST00134,760.26,Debit Card,insufficient_funds,2,3,582,6,1,0,0.17,0,2026-08-22 06:32:00
TX008932,CUST02492,1308.66,Net Banking,suspicious_transaction,1,1,1324,3,0,0,0.06,0,2026-08-19 13:20:00
TX008933,CUST02000,1121.42,UPI,bank_timeout,2,0,357,21,0,1,0.55,1,2026-08-04 03:28:00
TX008934,CUST02279,408.85,UPI,suspicious_transaction,0,0,1492,20,0,0,0.2,0,2026-08-15 05:17:00
TX008935,CUST00901,2052.63,Net Banking,issuer_declined,3,2,917,0,0,0,0.16,0,2026-08-11 15:37:00
TX008936,CUST01572,1044.44,Debit Card,authentication_failed,2,3,947,22,0,0,0.09,1,2026-08-20 19:42:00
TX008937,CUST02100,408.08,Debit Card,insufficient_funds,2,2,691,5,0,0,0.35,0,2026-08-15 12:48:00
TX008938,CUST00195,10310.59,Wallet,network_error,4,1,1283,23,0,0,0.43,0,2026-08-08 01:19:00
TX008939,CUST00678,1765.93,Net Banking,authentication_failed,0,1,1192,15,0,0,0.37,0,2026-08-29 01:51:00
TX008940,CUST02062,940.81,Net Banking,bank_timeout,0,0,1372,22,0,0,0.8,1,2026-08-12 04:01:00
TX008941,CUST02376,4515.2,Wallet,issuer_declined,0,1,431,15,0,0,0.42,1,2026-08-11 21:33:00
TX008942,CUST02733,6917.54,UPI,authentication_failed,0,0,503,22,0,0,0.45,0,2026-08-10 01:55:00
TX008943,CUST02637,948.28,Net Banking,insufficient_funds,0,0,797,2,0,0,0.63,0,2026-08-13 07:00:00
TX008944,CUST02444,1552.15,UPI,bank_timeout,3,0,1010,6,0,0,0.62,0,2026-08-03 09:04:00
TX008945,CUST01153,408.3,UPI,issuer_declined,1,2,181,13,0,0,0.23,0,2026-08-08 10:09:00
TX008946,CUST02211,946.53,Wallet,bank_timeout,1,0,1368,10,0,0,0.74,0,2026-08-14 08:23:00
TX008947,CUST01516,898.69,Wallet,bank_timeout,1,1,550,5,0,0,0.66,1,2026-08-12 20:33:00
TX008948,CUST00961,1319.26,Wallet,bank_timeout,5,1,33,7,0,0,0.37,0,2026-08-18 18:38:00
TX008949,CUST02201,1529.6,Net Banking,insufficient_funds,1,0,493,19,0,1,0.49,0,2026-08-24 18:08:00
TX008950,CUST01500,1919.52,Debit Card,bank_timeout,0,1,1059,20,0,0,0.72,1,2026-08-01 01:16:00
TX008951,CUST02476,1390.81,Net Banking,insufficient_funds,3,1,204,13,0,0,0.32,0,2026-08-16 11:39:00
TX008952,CUST01831,326.77,Wallet,insufficient_funds,0,1,674,17,0,0,0.55,1,2026-08-30 19:53:00
TX008953,CUST01758,429.03,UPI,bank_timeout,1,0,851,20,0,0,0.74,0,2026-08-23 22:23:00
TX008954,CUST02793,634.98,Debit Card,issuer_declined,0,1,657,9,0,0,0.42,1,2026-08-04 17:42:00
TX008955,CUST00011,826.96,Net Banking,issuer_declined,3,3,1290,14,0,0,0.08,0,2026-08-29 20:14:00
TX008956,CUST00566,3136.22,Credit Card,issuer_declined,0,0,431,3,0,0,0.5,0,2026-08-12 04:48:00
TX008957,CUST00495,342.77,Debit Card,bank_timeout,4,0,1350,0,0,1,0.48,0,2026-08-29 19:35:00
TX008958,CUST01451,767.08,Credit Card,network_error,4,1,139,18,0,0,0.38,0,2026-08-14 07:03:00
TX008959,CUST02546,2844.12,Wallet,authentication_failed,1,1,597,21,0,0,0.31,0,2026-08-09 11:38:00
TX008960,CUST01103,812.51,Credit Card,network_error,0,0,680,13,1,0,0.65,1,2026-08-13 11:20:00
TX008961,CUST01760,1737.87,Credit Card,issuer_declined,3,2,571,3,0,0,0.16,0,2026-08-28 10:22:00
TX008962,CUST01130,953.8,Wallet,bank_timeout,0,1,435,8,0,0,0.72,1,2026-08-19 18:06:00
TX008963,CUST01860,1417.69,Debit Card,insufficient_funds,4,0,181,9,0,0,0.34,0,2026-08-11 02:17:00
TX008964,CUST02427,872.64,Debit Card,expired_card,0,1,553,13,1,0,0.42,0,2026-08-23 20:34:00
TX008965,CUST00106,2136.8,Wallet,bank_timeout,0,1,1341,11,0,1,0.64,0,2026-08-08 00:08:00
TX008966,CUST00716,233.91,Wallet,network_error,3,2,300,2,0,0,0.36,0,2026-08-11 14:36:00
TX008967,CUST00406,762.57,Debit Card,insufficient_funds,1,1,1291,10,0,0,0.49,0,2026-08-24 00:56:00
TX008968,CUST01068,1475.24,UPI,bank_timeout,1,0,1079,17,0,0,0.74,0,2026-08-28 20:41:00
TX008969,CUST02500,1870.0,UPI,authentication_failed,2,2,1452,12,0,0,0.17,1,2026-08-07 23:49:00
TX008970,CUST02181,4880.25,Credit Card,issuer_declined,2,3,773,21,0,0,0.14,0,2026-08-22 11:35:00
TX008971,CUST00888,741.72,UPI,issuer_declined,2,2,256,14,1,0,0.07,0,2026-08-18 08:22:00
TX008972,CUST02283,4814.95,Debit Card,bank_timeout,3,0,955,12,0,0,0.62,0,2026-08-07 10:56:00
TX008973,CUST00105,567.35,Credit Card,issuer_declined,5,1,808,16,0,0,0.12,0,2026-08-24 23:54:00
TX008974,CUST01114,4140.81,Debit Card,insufficient_funds,0,0,252,7,0,0,0.58,1,2026-08-29 21:36:00
TX008975,CUST02418,2483.61,Credit Card,authentication_failed,1,2,13,0,0,0,0.18,0,2026-08-04 22:30:00
TX008976,CUST02457,439.9,Credit Card,expired_card,0,1,650,0,0,0,0.52,0,2026-08-13 07:32:00
TX008977,CUST01078,1490.76,Wallet,network_error,1,2,217,11,0,0,0.48,1,2026-08-21 19:27:00
TX008978,CUST01974,1041.86,Debit Card,issuer_declined,0,0,1256,15,0,0,0.5,1,2026-08-11 00:39:00
TX008979,CUST01097,2049.98,Wallet,suspicious_transaction,0,1,1050,13,0,0,0.12,0,2026-08-08 09:47:00
TX008980,CUST00415,877.19,Credit Card,insufficient_funds,0,1,195,20,0,0,0.5,1,2026-08-17 00:34:00
TX008981,CUST02533,806.54,UPI,network_error,0,1,683,12,0,0,0.67,1,2026-08-20 13:46:00
TX008982,CUST00655,4311.73,Debit Card,authentication_failed,0,0,1129,16,0,0,0.45,0,2026-08-02 21:11:00
TX008983,CUST02669,993.54,Debit Card,issuer_declined,2,0,1481,16,0,0,0.38,0,2026-08-06 03:00:00
TX008984,CUST00581,2505.95,Credit Card,network_error,1,2,1384,12,0,0,0.53,1,2026-08-18 13:06:00
TX008985,CUST00111,875.37,UPI,insufficient_funds,2,3,1074,1,0,0,0.27,1,2026-08-10 11:35:00
TX008986,CUST00667,5806.09,Net Banking,bank_timeout,0,1,1323,3,0,0,0.72,1,2026-08-28 04:05:00
TX008987,CUST02175,556.5,Credit Card,expired_card,3,0,491,18,1,0,0.32,0,2026-08-03 13:12:00
TX008988,CUST02132,593.39,Debit Card,issuer_declined,0,0,303,16,0,0,0.45,1,2026-08-07 18:58:00
TX008989,CUST00359,5036.75,Credit Card,issuer_declined,1,0,831,10,0,0,0.44,1,2026-08-12 19:47:00
TX008990,CUST01093,702.79,Debit Card,bank_timeout,4,0,605,16,1,0,0.46,1,2026-08-25 10:36:00
TX008991,CUST00202,5437.5,Debit Card,expired_card,0,1,190,13,0,1,0.39,1,2026-08-27 00:47:00
TX008992,CUST01002,2675.36,Debit Card,suspicious_transaction,0,1,458,14,0,1,0.04,0,2026-08-06 18:59:00
TX008993,CUST00745,939.5,Debit Card,insufficient_funds,0,1,1313,8,0,0,0.55,1,2026-08-30 19:30:00
TX008994,CUST01078,178.88,Debit Card,network_error,1,0,488,9,1,1,0.51,1,2026-08-30 10:32:00
TX008995,CUST01795,1075.65,Credit Card,network_error,0,0,1031,17,0,0,0.75,1,2026-08-06 07:15:00
TX008996,CUST01192,1213.94,Debit Card,expired_card,3,3,27,14,0,0,0.13,0,2026-08-26 02:15:00
TX008997,CUST02834,3523.53,UPI,issuer_declined,0,0,150,3,0,0,0.45,0,2026-08-19 19:30:00
TX008998,CUST01025,5369.27,Wallet,authentication_failed,1,2,1376,15,0,1,0.15,0,2026-08-14 19:23:00
TX008999,CUST02359,552.81,Net Banking,issuer_declined,0,0,113,0,0,0,0.45,1,2026-08-12 00:35:00
TX009000,CUST01507,2443.49,UPI,authentication_failed,0,0,567,16,0,0,0.45,0,2026-08-26 09:58:00
TX009001,CUST00270,2357.61,Debit Card,insufficient_funds,1,0,1204,0,0,0,0.57,1,2026-08-21 12:30:00
TX009002,CUST00138,3208.03,Credit Card,expired_card,0,0,1390,3,0,0,0.6,1,2026-08-24 17:11:00
TX009003,CUST00062,1805.68,Wallet,bank_timeout,3,0,611,16,0,0,0.62,0,2026-08-10 06:53:00
TX009004,CUST01429,157.2,Net Banking,authentication_failed,3,3,145,19,0,0,0.02,0,2026-08-16 08:34:00
TX009005,CUST01668,938.78,Wallet,bank_timeout,2,0,844,19,1,0,0.58,0,2026-08-02 04:33:00
TX009006,CUST00814,345.26,Wallet,insufficient_funds,0,1,1169,12,0,0,0.55,1,2026-08-14 21:30:00
TX009007,CUST01587,895.51,Net Banking,network_error,2,2,449,17,0,0,0.47,1,2026-08-26 19:38:00
TX009008,CUST01364,2921.94,Net Banking,issuer_declined,2,3,1193,6,0,0,0.14,0,2026-08-01 05:36:00
TX009009,CUST00605,1487.94,Wallet,insufficient_funds,0,0,1207,22,0,0,0.63,1,2026-08-12 14:56:00
TX009010,CUST01615,3456.77,UPI,issuer_declined,0,1,1146,0,0,0,0.42,0,2026-08-26 19:03:00
TX009011,CUST01473,1543.42,UPI,bank_timeout,0,1,998,23,0,0,0.72,1,2026-08-12 18:24:00
TX009012,CUST00319,299.37,Wallet,suspicious_transaction,0,1,1399,16,0,0,0.12,0,2026-08-05 21:02:00
TX009013,CUST01587,100.0,Credit Card,bank_timeout,0,1,1320,15,0,0,0.72,0,2026-08-12 15:57:00
TX009014,CUST01056,1272.59,Credit Card,insufficient_funds,0,1,535,5,1,0,0.45,0,2026-08-03 00:57:00
TX009015,CUST01259,885.43,Net Banking,expired_card,2,3,1373,13,0,0,0.24,0,2026-08-03 10:44:00
TX009016,CUST02858,412.84,Net Banking,expired_card,0,1,402,4,0,0,0.52,0,2026-08-16 21:37:00
TX009017,CUST00708,200.21,Wallet,insufficient_funds,0,1,530,8,0,0,0.55,0,2026-08-22 23:59:00
TX009018,CUST02352,525.98,Net Banking,suspicious_transaction,0,1,786,2,1,0,0.02,0,2026-08-15 05:50:00
TX009019,CUST00362,902.81,Credit Card,authentication_failed,4,0,273,19,0,0,0.16,1,2026-08-02 02:29:00
TX009020,CUST00837,2134.27,Net Banking,bank_timeout,4,2,849,5,0,1,0.32,0,2026-08-17 15:44:00
TX009021,CUST02600,1324.29,Credit Card,bank_timeout,1,1,280,2,1,0,0.51,1,2026-08-18 18:21:00
TX009022,CUST01915,5475.66,Net Banking,issuer_declined,2,0,960,12,0,1,0.3,0,2026-08-14 07:53:00
TX009023,CUST00548,389.32,UPI,expired_card,0,0,1333,11,0,0,0.6,0,2026-08-29 11:10:00
TX009024,CUST00947,2646.67,Wallet,issuer_declined,0,1,1154,14,0,0,0.42,0,2026-08-12 16:08:00
TX009025,CUST00117,1149.75,UPI,insufficient_funds,1,2,235,7,1,0,0.26,0,2026-08-01 04:37:00
TX009026,CUST00957,2196.61,Debit Card,issuer_declined,0,1,1493,19,0,0,0.42,1,2026-08-30 15:37:00
TX009027,CUST01743,708.74,Net Banking,insufficient_funds,0,1,428,2,0,0,0.55,0,2026-08-05 06:24:00
TX009028,CUST00424,3202.48,Net Banking,network_error,0,1,276,18,0,0,0.62,0,2026-08-26 23:05:00
TX009029,CUST01938,1473.25,Credit Card,bank_timeout,1,1,1125,15,1,0,0.56,1,2026-08-03 14:28:00
TX009030,CUST00754,555.88,Debit Card,insufficient_funds,1,0,290,1,0,0,0.52,0,2026-08-16 10:42:00
TX009031,CUST02481,1083.53,Wallet,insufficient_funds,0,0,929,23,0,0,0.63,0,2026-08-07 19:22:00
TX009032,CUST00789,863.03,Debit Card,issuer_declined,3,2,167,23,0,0,0.11,0,2026-08-23 13:16:00
TX009033,CUST02636,1788.58,Debit Card,network_error,0,0,864,15,0,0,0.75,0,2026-08-25 03:48:00
TX009034,CUST00938,337.05,Debit Card,issuer_declined,4,0,599,3,0,0,0.26,1,2026-08-19 06:35:00
TX009035,CUST02066,1064.91,Wallet,bank_timeout,2,0,361,10,0,0,0.63,1,2026-08-13 09:31:00
TX009036,CUST02570,1628.33,Credit Card,issuer_declined,0,0,47,8,0,0,0.45,0,2026-08-25 11:39:00
TX009037,CUST02314,1133.45,UPI,insufficient_funds,0,1,934,18,0,0,0.55,0,2026-08-03 10:52:00
TX009038,CUST01544,4217.26,Net Banking,insufficient_funds,0,1,310,7,0,0,0.5,0,2026-08-07 03:04:00
TX009039,CUST00895,2378.02,Wallet,bank_timeout,0,1,24,5,0,0,0.67,1,2026-08-26 09:41:00
TX009040,CUST02553,1088.46,Debit Card,insufficient_funds,2,1,64,10,0,0,0.38,0,2026-08-15 02:32:00
TX009041,CUST00073,1361.97,Wallet,insufficient_funds,2,3,1034,3,0,0,0.27,0,2026-08-24 18:41:00
TX009042,CUST01750,1473.9,Debit Card,expired_card,0,0,746,5,0,0,0.6,1,2026-08-05 12:56:00
TX009043,CUST00668,1641.39,UPI,expired_card,5,3,12,3,0,0,0.02,0,2026-08-11 06:01:00
TX009044,CUST01390,176.68,Net Banking,issuer_declined,1,2,432,19,0,0,0.28,0,2026-08-02 18:34:00
TX009045,CUST00304,811.17,Wallet,bank_timeout,1,0,1178,13,0,0,0.74,0,2026-08-01 14:31:00
TX009046,CUST00922,248.53,UPI,bank_timeout,2,3,242,16,1,0,0.29,1,2026-08-15 07:11:00
TX009047,CUST01015,3937.42,Credit Card,suspicious_transaction,3,3,688,7,1,0,0.02,0,2026-08-28 01:13:00
TX009048,CUST01036,1031.89,Credit Card,issuer_declined,0,0,165,12,0,0,0.45,0,2026-08-16 09:29:00
TX009049,CUST00047,903.85,Net Banking,expired_card,0,0,978,16,0,0,0.6,1,2026-08-16 16:15:00
TX009050,CUST01932,2688.66,Debit Card,bank_timeout,0,1,1402,16,0,0,0.72,1,2026-08-07 02:52:00
TX009051,CUST02275,1672.92,Wallet,suspicious_transaction,2,0,17,13,0,1,0.02,0,2026-08-08 11:20:00
TX009052,CUST00397,354.73,Wallet,authentication_failed,2,2,506,23,0,0,0.17,0,2026-08-08 08:08:00
TX009053,CUST00473,1021.57,Wallet,bank_timeout,1,2,837,9,0,0,0.58,1,2026-08-11 14:33:00
TX009054,CUST00715,784.33,UPI,authentication_failed,1,2,467,23,0,0,0.23,1,2026-08-28 19:54:00
TX009055,CUST02031,191.61,Debit Card,insufficient_funds,1,1,1363,23,0,0,0.49,0,2026-08-22 21:47:00
TX009056,CUST02349,549.89,Net Banking,network_error,1,0,1251,18,0,0,0.69,1,2026-08-08 08:25:00
TX009057,CUST01854,912.75,Net Banking,authentication_failed,1,0,952,20,0,0,0.39,0,2026-08-12 00:09:00
TX009058,CUST02706,977.55,UPI,expired_card,1,1,882,18,0,0,0.46,1,2026-08-12 08:18:00
TX009059,CUST00460,249.08,Debit Card,authentication_failed,0,1,401,3,0,0,0.37,1,2026-08-28 14:39:00
TX009060,CUST01624,3469.15,UPI,issuer_declined,3,0,741,21,1,0,0.22,0,2026-08-10 05:53:00
TX009061,CUST02091,990.19,Net Banking,bank_timeout,1,0,39,17,1,0,0.59,1,2026-08-30 20:26:00
TX009062,CUST00582,1138.6,Wallet,network_error,0,0,23,12,0,0,0.7,1,2026-08-15 11:54:00
TX009063,CUST02170,1637.03,UPI,insufficient_funds,0,0,1156,12,1,0,0.53,1,2026-08-06 20:45:00
TX009064,CUST02645,498.66,Credit Card,insufficient_funds,0,0,500,12,0,1,0.55,1,2026-08-27 14:58:00
TX009065,CUST01149,1730.83,Debit Card,issuer_declined,5,2,1258,20,1,0,0.02,0,2026-08-04 01:46:00
TX009066,CUST00900,759.7,Credit Card,bank_timeout,0,0,754,14,0,0,0.8,1,2026-08-16 08:09:00
TX009067,CUST02676,447.38,Debit Card,expired_card,0,0,1473,10,0,0,0.6,0,2026-08-15 11:47:00
TX009068,CUST01274,1945.84,Net Banking,network_error,0,1,391,2,0,0,0.67,1,2026-08-07 13:01:00
TX009069,CUST02744,4874.02,UPI,issuer_declined,3,3,180,4,0,0,0.03,0,2026-08-11 16:00:00
TX009070,CUST02357,2263.87,UPI,suspicious_transaction,0,0,322,11,0,0,0.15,0,2026-08-02 10:01:00
TX009071,CUST00201,2759.98,UPI,bank_timeout,0,1,628,15,0,0,0.72,0,2026-08-11 02:57:00
TX009072,CUST01891,651.56,Debit Card,insufficient_funds,3,3,274,6,0,0,0.16,0,2026-08-05 10:13:00
TX009073,CUST02285,221.93,Wallet,expired_card,0,1,405,11,0,0,0.52,1,2026-08-12 23:45:00
TX009074,CUST01796,4866.54,UPI,issuer_declined,0,0,527,1,0,1,0.42,1,2026-08-27 12:04:00
TX009075,CUST00397,8557.09,Debit Card,network_error,2,1,190,8,1,0,0.4,1,2026-08-04 14:25:00
TX009076,CUST02466,5129.72,UPI,network_error,2,2,112,5,0,0,0.42,0,2026-08-03 18:37:00
TX009077,CUST01700,783.85,Debit Card,bank_timeout,0,1,399,6,0,1,0.64,1,2026-08-09 11:44:00
TX009078,CUST01780,345.63,Wallet,bank_timeout,1,0,62,14,0,0,0.69,1,2026-08-25 10:03:00
TX009079,CUST02692,377.78,UPI,bank_timeout,4,3,179,2,0,0,0.27,0,2026-08-02 19:33:00
TX009080,CUST01650,203.62,Debit Card,insufficient_funds,0,1,194,6,0,0,0.5,1,2026-08-22 20:35:00
TX009081,CUST01621,984.98,Debit Card,insufficient_funds,0,0,880,3,0,0,0.63,1,2026-08-19 06:18:00
TX009082,CUST00388,5462.59,Debit Card,network_error,5,2,557,13,0,1,0.21,1,2026-08-05 13:41:00
TX009083,CUST00281,951.78,Wallet,issuer_declined,2,0,419,4,0,0,0.38,0,2026-08-21 13:09:00
TX009084,CUST01997,1483.74,Credit Card,insufficient_funds,2,2,884,17,0,0,0.35,1,2026-08-30 12:04:00
TX009085,CUST01163,4339.86,Net Banking,insufficient_funds,2,3,465,17,0,0,0.27,0,2026-08-20 04:25:00
TX009086,CUST02686,732.09,Credit Card,expired_card,0,1,639,10,0,0,0.52,0,2026-08-01 02:01:00
TX009087,CUST02844,8396.17,Credit Card,issuer_declined,0,1,454,3,0,0,0.42,1,2026-08-11 11:28:00
TX009088,CUST00495,8039.28,Credit Card,network_error,2,1,765,5,0,0,0.55,1,2026-08-08 19:59:00
TX009089,CUST02614,961.88,Credit Card,insufficient_funds,0,1,913,5,0,0,0.55,0,2026-08-08 16:45:00
TX009090,CUST01179,615.52,Debit Card,bank_timeout,3,1,1365,2,0,0,0.54,1,2026-08-22 23:47:00
TX009091,CUST00861,2202.26,Debit Card,bank_timeout,4,3,1484,18,0,0,0.32,0,2026-08-28 10:31:00
TX009092,CUST02526,774.7,Wallet,expired_card,0,0,62,10,0,0,0.55,0,2026-08-25 04:56:00
TX009093,CUST01137,344.97,Debit Card,issuer_declined,0,1,1482,7,1,0,0.32,0,2026-08-11 14:19:00
TX009094,CUST02950,3949.08,UPI,insufficient_funds,0,0,365,16,1,0,0.48,1,2026-08-20 15:28:00
TX009095,CUST01831,3701.33,Net Banking,expired_card,3,3,1165,17,0,0,0.18,1,2026-08-28 12:04:00
TX009096,CUST00373,1281.15,Credit Card,expired_card,1,1,283,16,0,0,0.41,0,2026-08-20 12:21:00
TX009097,CUST00817,310.17,Debit Card,insufficient_funds,1,2,1242,6,0,1,0.33,0,2026-08-16 23:13:00
TX009098,CUST01587,320.69,Debit Card,network_error,0,0,237,15,0,0,0.7,1,2026-08-08 19:15:00
TX009099,CUST01731,1220.76,Wallet,suspicious_transaction,5,2,169,11,0,0,0.02,0,2026-08-20 23:04:00
TX009100,CUST02715,665.23,Wallet,bank_timeout,1,0,957,4,0,0,0.74,1,2026-08-02 03:52:00
TX009101,CUST01085,779.7,UPI,issuer_declined,0,0,385,15,1,0,0.4,0,2026-08-24 09:31:00
TX009102,CUST02383,3047.15,Credit Card,bank_timeout,2,2,1127,5,1,0,0.42,1,2026-08-14 06:44:00
TX009103,CUST01168,2282.85,UPI,insufficient_funds,0,1,1213,21,0,0,0.55,0,2026-08-22 15:59:00
TX009104,CUST00265,4350.92,Debit Card,bank_timeout,0,0,1468,8,0,0,0.8,1,2026-08-26 03:02:00
TX009105,CUST01831,407.23,Credit Card,insufficient_funds,2,2,420,10,0,0,0.35,0,2026-08-03 03:33:00
TX009106,CUST00794,778.06,Debit Card,issuer_declined,0,1,1225,19,0,1,0.34,0,2026-08-30 08:44:00
TX009107,CUST02135,2342.52,Debit Card,network_error,0,0,1383,0,0,0,0.75,1,2026-08-12 02:00:00
TX009108,CUST00732,1716.56,Debit Card,network_error,1,1,1069,0,0,0,0.61,0,2026-08-07 10:04:00
TX009109,CUST01768,5076.52,Wallet,insufficient_funds,1,2,612,18,0,0,0.41,0,2026-08-13 05:58:00
TX009110,CUST01544,1669.93,Wallet,bank_timeout,1,1,1161,4,0,0,0.66,1,2026-08-13 11:38:00
TX009111,CUST00241,6961.21,Credit Card,network_error,0,0,149,5,1,1,0.52,0,2026-08-13 03:16:00
TX009112,CUST00986,1881.86,Net Banking,bank_timeout,0,0,192,10,0,1,0.67,1,2026-08-12 20:34:00
TX009113,CUST00138,3172.16,Wallet,bank_timeout,0,1,805,7,1,0,0.62,0,2026-08-28 04:09:00
TX009114,CUST00092,793.53,Debit Card,authentication_failed,0,0,1278,6,1,1,0.27,0,2026-08-05 18:34:00
TX009115,CUST02287,1112.41,Credit Card,issuer_declined,1,0,1047,12,0,0,0.44,0,2026-08-05 19:57:00
TX009116,CUST00629,2726.96,Net Banking,insufficient_funds,1,0,903,19,0,0,0.57,1,2026-08-24 17:41:00
TX009117,CUST00736,5502.61,Debit Card,insufficient_funds,0,1,562,21,0,0,0.55,0,2026-08-03 16:29:00
TX009118,CUST01097,2273.87,UPI,bank_timeout,2,0,1349,15,0,0,0.68,1,2026-08-01 15:33:00
TX009119,CUST02611,1009.11,Net Banking,issuer_declined,0,1,961,18,0,0,0.42,1,2026-08-15 20:58:00
TX009120,CUST00294,4347.41,Credit Card,expired_card,0,0,194,7,0,1,0.47,0,2026-08-11 05:53:00
TX009121,CUST00699,122.49,Debit Card,insufficient_funds,3,0,301,20,0,0,0.4,0,2026-08-11 10:14:00
TX009122,CUST02419,264.48,Debit Card,insufficient_funds,0,1,1158,16,0,0,0.55,1,2026-08-01 05:30:00
TX009123,CUST00597,2168.16,Wallet,authentication_failed,1,0,210,8,0,0,0.34,0,2026-08-10 20:57:00
TX009124,CUST01440,1112.21,Credit Card,expired_card,3,3,1405,12,0,0,0.18,0,2026-08-03 21:28:00
TX009125,CUST01817,2009.24,UPI,bank_timeout,1,1,716,23,0,0,0.66,1,2026-08-08 13:56:00
TX009126,CUST01052,1169.59,Wallet,bank_timeout,0,1,980,0,1,0,0.62,1,2026-08-16 03:00:00
TX009127,CUST01716,1940.97,Debit Card,insufficient_funds,0,1,1206,23,0,0,0.55,0,2026-08-26 06:56:00
TX009128,CUST02644,485.7,Debit Card,bank_timeout,0,1,869,12,0,0,0.72,0,2026-08-03 10:26:00
TX009129,CUST01915,1940.08,UPI,expired_card,5,0,837,8,0,0,0.3,1,2026-08-08 01:39:00
TX009130,CUST01139,2964.35,Net Banking,bank_timeout,1,2,1459,12,0,0,0.58,1,2026-08-04 02:55:00
TX009131,CUST02581,3716.55,Wallet,issuer_declined,0,1,1056,14,0,0,0.42,1,2026-08-08 14:26:00
TX009132,CUST01776,8213.66,Wallet,issuer_declined,0,0,1419,0,1,0,0.4,0,2026-08-20 11:22:00
TX009133,CUST01953,1399.82,Credit Card,insufficient_funds,0,1,140,7,0,0,0.5,1,2026-08-09 02:17:00
TX009134,CUST00997,1442.18,Net Banking,issuer_declined,1,1,1488,18,0,1,0.28,0,2026-08-04 02:40:00
TX009135,CUST02922,239.09,Credit Card,network_error,0,1,1438,13,0,0,0.67,0,2026-08-04 01:40:00
TX009136,CUST02134,644.57,Credit Card,authentication_failed,3,2,359,11,0,0,0.06,0,2026-08-26 13:50:00
TX009137,CUST00888,904.08,Net Banking,network_error,0,0,1028,8,0,0,0.75,1,2026-08-20 15:18:00
TX009138,CUST00280,3134.8,Debit Card,expired_card,0,1,630,16,0,0,0.52,0,2026-08-02 09:07:00
TX009139,CUST00664,595.26,UPI,insufficient_funds,1,0,531,1,0,0,0.57,1,2026-08-13 14:09:00
TX009140,CUST00742,2431.69,Debit Card,insufficient_funds,5,1,976,10,0,0,0.25,1,2026-08-02 22:10:00
TX009141,CUST01909,1094.86,UPI,issuer_declined,0,1,1024,20,1,0,0.32,1,2026-08-27 23:38:00
TX009142,CUST01636,918.58,Debit Card,insufficient_funds,3,3,803,2,0,0,0.21,1,2026-08-23 11:17:00
TX009143,CUST00062,1406.55,Credit Card,authentication_failed,1,2,532,20,0,1,0.15,0,2026-08-24 20:55:00
TX009144,CUST02719,741.62,Net Banking,bank_timeout,0,0,547,14,0,0,0.8,1,2026-08-26 02:06:00
TX009145,CUST02524,714.06,UPI,issuer_declined,0,0,562,12,1,0,0.4,0,2026-08-12 09:29:00
TX009146,CUST00142,199.38,UPI,bank_timeout,0,0,1185,16,0,0,0.8,1,2026-08-24 21:39:00
TX009147,CUST00498,855.81,Net Banking,bank_timeout,1,2,465,2,0,0,0.58,1,2026-08-02 22:55:00
TX009148,CUST01038,678.6,Net Banking,bank_timeout,0,1,760,20,0,0,0.72,0,2026-08-07 14:16:00
TX009149,CUST01697,654.6,Net Banking,authentication_failed,0,1,307,0,0,0,0.32,0,2026-08-03 21:03:00
TX009150,CUST01810,1663.82,Wallet,issuer_declined,1,1,198,8,0,0,0.31,0,2026-08-29 15:30:00
TX009151,CUST02628,2118.86,UPI,network_error,0,1,924,17,1,1,0.49,0,2026-08-12 00:56:00
TX009152,CUST00825,1383.25,UPI,bank_timeout,2,0,365,11,0,0,0.63,1,2026-08-26 10:52:00
TX009153,CUST02654,2967.32,UPI,insufficient_funds,1,2,106,3,0,0,0.36,1,2026-08-19 02:59:00
TX009154,CUST00696,1949.96,Net Banking,insufficient_funds,0,1,208,18,0,0,0.5,0,2026-08-26 18:47:00
TX009155,CUST01430,816.43,Debit Card,authentication_failed,0,0,1183,8,1,0,0.35,0,2026-08-05 18:20:00
TX009156,CUST02365,690.31,Debit Card,authentication_failed,0,1,1018,22,0,0,0.37,0,2026-08-13 03:49:00
TX009157,CUST02242,1499.4,UPI,issuer_declined,1,2,273,18,0,0,0.23,1,2026-08-24 14:32:00
TX009158,CUST01970,1946.46,Credit Card,authentication_failed,0,0,1429,3,0,1,0.37,0,2026-08-02 21:58:00
TX009159,CUST00074,4437.49,Net Banking,expired_card,1,0,1293,0,0,0,0.54,1,2026-08-23 06:00:00
TX009160,CUST01656,3608.95,Net Banking,insufficient_funds,0,0,949,2,1,0,0.53,1,2026-08-03 23:08:00
TX009161,CUST00138,638.12,Net Banking,suspicious_transaction,1,2,515,15,0,0,0.02,0,2026-08-18 12:09:00
TX009162,CUST00332,990.29,UPI,issuer_declined,2,1,625,8,0,0,0.3,0,2026-08-20 17:46:00
TX009163,CUST01142,2145.26,Credit Card,issuer_declined,3,3,1255,8,0,0,0.08,0,2026-08-04 08:24:00
TX009164,CUST01559,3190.71,UPI,issuer_declined,3,3,1423,2,0,0,0.08,0,2026-08-06 02:01:00
TX009165,CUST01084,2804.47,Net Banking,bank_timeout,4,0,1492,20,0,0,0.56,0,2026-08-06 03:54:00
TX009166,CUST02272,1028.77,Wallet,network_error,0,1,814,13,0,0,0.67,1,2026-08-17 08:32:00
TX009167,CUST01015,312.93,UPI,insufficient_funds,2,2,95,3,0,0,0.3,0,2026-08-12 13:13:00
TX009168,CUST01046,403.86,Net Banking,insufficient_funds,0,1,820,13,0,0,0.55,0,2026-08-03 02:47:00
TX009169,CUST00516,1440.34,Wallet,insufficient_funds,0,0,512,3,0,0,0.63,0,2026-08-06 17:16:00
TX009170,CUST00987,1544.14,Debit Card,bank_timeout,2,0,979,20,1,0,0.58,0,2026-08-11 08:22:00
TX009171,CUST00381,365.52,Debit Card,bank_timeout,0,1,154,12,0,0,0.67,0,2026-08-07 19:13:00
TX009172,CUST01237,1146.62,Credit Card,insufficient_funds,1,0,725,19,0,0,0.57,1,2026-08-26 10:28:00
TX009173,CUST02729,2061.57,Credit Card,expired_card,1,1,1212,8,0,0,0.46,1,2026-08-28 02:08:00
TX009174,CUST01163,346.81,Debit Card,insufficient_funds,0,1,346,23,0,1,0.42,1,2026-08-23 10:03:00
TX009175,CUST00086,3310.97,Wallet,network_error,3,1,1131,10,1,0,0.39,0,2026-08-28 19:13:00
TX009176,CUST00072,751.8,Wallet,suspicious_transaction,2,3,233,7,0,0,0.02,0,2026-08-13 17:51:00
TX009177,CUST02474,3856.88,Debit Card,suspicious_transaction,0,1,490,10,0,0,0.12,0,2026-08-08 23:39:00
TX009178,CUST02964,643.26,Net Banking,insufficient_funds,0,1,730,1,0,0,0.55,1,2026-08-18 14:16:00
TX009179,CUST00313,392.83,Net Banking,insufficient_funds,0,1,1096,15,0,0,0.55,1,2026-08-19 02:51:00
TX009180,CUST02252,693.58,Debit Card,insufficient_funds,1,2,1046,22,0,0,0.41,1,2026-08-17 01:07:00
TX009181,CUST02178,997.1,Credit Card,network_error,1,0,1250,20,0,0,0.69,1,2026-08-14 17:31:00
TX009182,CUST02613,743.61,Net Banking,network_error,0,0,948,6,0,0,0.75,0,2026-08-23 12:53:00
TX009183,CUST00347,883.59,Debit Card,expired_card,2,1,1304,9,0,0,0.4,0,2026-08-26 08:54:00
TX009184,CUST02811,1531.44,Net Banking,network_error,1,2,531,14,0,0,0.53,0,2026-08-21 16:12:00
TX009185,CUST02914,924.1,Credit Card,insufficient_funds,1,1,1402,8,0,0,0.49,1,2026-08-02 19:07:00
TX009186,CUST00087,1026.48,Credit Card,authentication_failed,3,0,1231,13,0,0,0.27,1,2026-08-09 00:57:00
TX009187,CUST02958,198.5,UPI,expired_card,2,2,171,13,0,0,0.27,1,2026-08-24 19:18:00
TX009188,CUST02377,1622.46,Net Banking,authentication_failed,0,0,839,2,0,0,0.45,1,2026-08-11 05:19:00
TX009189,CUST02480,1003.05,Wallet,network_error,0,1,174,3,0,0,0.62,0,2026-08-27 06:19:00
TX009190,CUST01391,5487.86,Wallet,network_error,2,1,568,4,0,0,0.55,0,2026-08-25 05:35:00
TX009191,CUST00275,428.56,UPI,insufficient_funds,0,0,980,11,0,0,0.63,0,2026-08-13 21:57:00
TX009192,CUST00685,179.77,Credit Card,insufficient_funds,1,0,1497,7,0,0,0.57,0,2026-08-13 11:33:00
TX009193,CUST00909,2034.63,Credit Card,network_error,0,1,1114,16,0,0,0.67,0,2026-08-27 17:01:00
TX009194,CUST00528,1550.8,Net Banking,suspicious_transaction,0,1,918,6,1,0,0.02,0,2026-08-03 01:13:00
TX009195,CUST00984,400.04,UPI,insufficient_funds,0,1,762,11,0,0,0.55,0,2026-08-28 12:21:00
TX009196,CUST02908,237.52,Credit Card,expired_card,2,2,147,21,0,0,0.27,1,2026-08-26 01:54:00
TX009197,CUST02255,5102.05,Net Banking,issuer_declined,0,0,443,3,0,0,0.5,1,2026-08-03 13:34:00
TX009198,CUST02670,4510.26,Net Banking,suspicious_transaction,0,0,1441,22,0,0,0.2,0,2026-08-16 22:27:00
TX009199,CUST01701,100.0,Wallet,issuer_declined,0,1,34,8,0,0,0.37,0,2026-08-26 12:08:00
TX009200,CUST01840,693.52,Net Banking,bank_timeout,0,1,684,8,0,0,0.72,0,2026-08-06 23:58:00
TX009201,CUST00542,5791.76,Credit Card,authentication_failed,0,1,1253,7,0,0,0.37,0,2026-08-17 08:28:00
TX009202,CUST01746,681.26,Net Banking,insufficient_funds,0,0,415,8,0,0,0.63,0,2026-08-12 01:58:00
TX009203,CUST01001,671.42,UPI,bank_timeout,0,0,1050,2,1,0,0.7,0,2026-08-21 23:35:00
TX009204,CUST02901,826.53,UPI,bank_timeout,0,0,1488,14,0,0,0.8,1,2026-08-11 07:07:00
TX009205,CUST01189,357.49,Debit Card,bank_timeout,0,0,647,18,0,0,0.8,1,2026-08-23 19:51:00
TX009206,CUST02780,199.38,Credit Card,insufficient_funds,1,1,90,10,0,0,0.44,0,2026-08-19 16:01:00
TX009207,CUST01994,3141.79,Net Banking,issuer_declined,0,1,15,0,0,0,0.37,1,2026-08-12 04:21:00
TX009208,CUST01917,173.65,Debit Card,authentication_failed,2,0,1292,23,0,0,0.33,0,2026-08-28 22:12:00
TX009209,CUST00567,1404.27,Debit Card,insufficient_funds,3,2,114,7,0,0,0.24,0,2026-08-09 14:23:00
TX009210,CUST01941,2661.33,Net Banking,issuer_declined,1,1,351,16,0,1,0.23,0,2026-08-17 12:34:00
TX009211,CUST01756,256.92,Debit Card,issuer_declined,0,1,840,18,0,0,0.42,1,2026-08-12 19:46:00
TX009212,CUST01778,435.17,Credit Card,issuer_declined,2,2,337,8,0,0,0.17,0,2026-08-05 03:12:00
TX009213,CUST01797,3689.25,UPI,issuer_declined,0,1,310,20,0,1,0.29,0,2026-08-12 04:45:00
TX009214,CUST00571,1868.5,Credit Card,expired_card,0,1,359,13,0,0,0.47,1,2026-08-27 09:51:00
TX009215,CUST02788,591.53,Net Banking,insufficient_funds,0,0,806,13,0,0,0.63,1,2026-08-22 18:37:00
TX009216,CUST00010,3649.15,Debit Card,insufficient_funds,0,1,1032,20,0,0,0.55,1,2026-08-09 05:22:00
TX009217,CUST02243,3664.82,Credit Card,bank_timeout,0,0,731,13,0,0,0.8,1,2026-08-05 06:24:00
TX009218,CUST00358,1435.19,Wallet,bank_timeout,1,0,11,23,0,0,0.69,1,2026-08-02 08:26:00
TX009219,CUST02474,445.79,Net Banking,network_error,3,1,420,20,0,1,0.41,0,2026-08-10 10:55:00
TX009220,CUST01162,725.28,Wallet,authentication_failed,0,1,173,4,0,0,0.32,0,2026-08-26 04:32:00
TX009221,CUST00790,1460.28,Debit Card,insufficient_funds,0,1,978,3,0,0,0.55,1,2026-08-22 16:13:00
TX009222,CUST00114,908.15,Wallet,bank_timeout,0,1,1496,5,0,0,0.72,1,2026-08-19 07:59:00
TX009223,CUST01354,2804.43,UPI,bank_timeout,1,1,490,6,0,0,0.66,1,2026-08-22 15:23:00
TX009224,CUST02657,237.51,Net Banking,authentication_failed,2,0,499,3,0,0,0.33,1,2026-08-16 23:29:00
TX009225,CUST02915,246.1,Wallet,expired_card,0,0,922,16,0,0,0.6,1,2026-08-14 18:31:00
TX009226,CUST01458,1314.05,Credit Card,insufficient_funds,0,1,223,17,0,1,0.42,0,2026-08-23 06:37:00
TX009227,CUST01240,670.79,Credit Card,issuer_declined,1,0,203,13,0,1,0.31,0,2026-08-08 17:34:00
TX009228,CUST02966,585.78,Net Banking,issuer_declined,0,1,1263,14,0,0,0.42,0,2026-08-14 12:45:00
TX009229,CUST00600,187.16,UPI,insufficient_funds,0,0,372,8,0,0,0.63,1,2026-08-15 16:22:00
TX009230,CUST01083,1118.28,Credit Card,bank_timeout,2,3,35,18,0,0,0.39,0,2026-08-09 18:21:00
TX009231,CUST02150,1040.28,Wallet,bank_timeout,0,1,322,21,0,0,0.67,1,2026-08-07 04:08:00
TX009232,CUST02681,2107.97,Credit Card,expired_card,0,0,1118,4,0,0,0.6,1,2026-08-23 13:58:00
TX009233,CUST00828,1174.86,UPI,suspicious_transaction,0,0,473,11,0,0,0.2,0,2026-08-27 07:32:00
TX009234,CUST02866,960.44,Debit Card,authentication_failed,0,0,1201,14,0,0,0.45,1,2026-08-01 02:09:00
TX009235,CUST01073,3558.17,UPI,insufficient_funds,0,1,829,7,1,0,0.45,1,2026-08-22 15:10:00
TX009236,CUST01197,295.16,Net Banking,expired_card,0,0,505,9,0,0,0.6,1,2026-08-02 21:08:00
TX009237,CUST00543,1875.05,Net Banking,issuer_declined,0,1,961,1,0,1,0.34,0,2026-08-14 06:26:00
TX009238,CUST02935,206.2,Credit Card,network_error,0,0,508,10,0,0,0.75,1,2026-08-04 12:02:00
TX009239,CUST01582,474.2,Net Banking,authentication_failed,0,0,889,18,1,0,0.35,1,2026-08-28 22:11:00
TX009240,CUST02150,326.15,UPI,bank_timeout,0,0,131,0,1,0,0.65,1,2026-08-24 04:07:00
TX009241,CUST02288,2396.93,UPI,insufficient_funds,0,1,1302,13,0,0,0.55,1,2026-08-05 18:23:00
TX009242,CUST02618,1027.2,Credit Card,bank_timeout,0,1,766,11,0,0,0.72,1,2026-08-10 10:51:00
TX009243,CUST01317,1081.92,Net Banking,insufficient_funds,2,3,1377,23,0,0,0.27,0,2026-08-29 08:07:00
TX009244,CUST00979,362.59,Wallet,bank_timeout,2,2,283,3,0,0,0.47,1,2026-08-21 16:53:00
TX009245,CUST02319,812.65,Debit Card,expired_card,0,1,1206,6,0,0,0.52,1,2026-08-12 03:12:00
TX009246,CUST02278,511.08,Debit Card,network_error,0,0,1060,18,0,0,0.75,0,2026-08-07 07:01:00
TX009247,CUST00483,1609.14,UPI,network_error,2,2,774,3,0,0,0.47,0,2026-08-14 08:50:00
TX009248,CUST02289,407.04,UPI,network_error,1,2,22,4,0,1,0.4,0,2026-08-04 15:44:00
TX009249,CUST02184,4145.56,UPI,authentication_failed,5,0,940,20,0,0,0.15,0,2026-08-25 07:15:00
TX009250,CUST00840,205.29,UPI,insufficient_funds,0,1,1376,0,0,0,0.55,0,2026-08-23 06:28:00
TX009251,CUST01015,489.55,Net Banking,insufficient_funds,2,3,204,8,0,0,0.22,0,2026-08-27 20:12:00
TX009252,CUST02156,5867.6,Debit Card,issuer_declined,2,1,359,0,0,0,0.25,0,2026-08-13 21:01:00
TX009253,CUST00157,709.71,Wallet,network_error,0,0,1453,15,0,0,0.75,1,2026-08-05 08:49:00
TX009254,CUST02800,294.45,Debit Card,bank_timeout,2,1,835,12,0,0,0.6,0,2026-08-02 00:44:00
TX009255,CUST01774,1365.22,Net Banking,insufficient_funds,0,0,466,17,0,0,0.63,1,2026-08-18 23:51:00
TX009256,CUST00925,681.71,UPI,insufficient_funds,0,1,227,5,0,0,0.5,0,2026-08-07 16:17:00
TX009257,CUST02453,475.39,Credit Card,insufficient_funds,4,2,1405,9,1,0,0.13,0,2026-08-23 08:37:00
TX009258,CUST01972,366.55,Wallet,issuer_declined,0,0,1035,4,0,0,0.5,0,2026-08-26 09:43:00
TX009259,CUST02342,17472.33,Debit Card,authentication_failed,1,2,1364,8,0,0,0.23,0,2026-08-30 18:22:00
TX009260,CUST02119,852.73,Net Banking,issuer_declined,1,1,1148,3,0,1,0.28,1,2026-08-10 21:05:00
TX009261,CUST02749,159.88,UPI,authentication_failed,0,0,675,13,0,0,0.45,0,2026-08-04 05:17:00
TX009262,CUST00515,4883.95,Credit Card,network_error,0,0,787,8,0,0,0.75,1,2026-08-15 14:00:00
TX009263,CUST00210,2020.44,Credit Card,bank_timeout,2,2,38,14,0,0,0.47,0,2026-08-16 12:20:00
TX009264,CUST02736,509.55,Wallet,network_error,0,0,542,6,0,0,0.75,1,2026-08-20 16:58:00
TX009265,CUST02313,431.33,UPI,suspicious_transaction,0,0,267,1,0,0,0.15,0,2026-08-19 10:25:00
TX009266,CUST00528,2150.54,Net Banking,issuer_declined,0,1,624,13,0,0,0.42,0,2026-08-14 19:55:00
TX009267,CUST02925,856.69,Net Banking,network_error,1,1,1409,14,0,1,0.53,0,2026-08-15 02:24:00
TX009268,CUST02274,159.82,Net Banking,bank_timeout,1,0,489,8,0,0,0.74,1,2026-08-09 14:00:00
TX009269,CUST00626,6550.13,UPI,expired_card,0,1,784,4,0,1,0.44,1,2026-08-02 06:51:00
TX009270,CUST00879,710.53,Net Banking,insufficient_funds,0,1,1208,14,0,0,0.55,1,2026-08-12 04:04:00
TX009271,CUST02625,4893.05,UPI,bank_timeout,0,0,775,9,0,0,0.8,1,2026-08-03 21:29:00
TX009272,CUST01635,3938.03,UPI,network_error,1,1,536,14,0,1,0.53,0,2026-08-10 12:29:00
TX009273,CUST01430,403.02,Debit Card,issuer_declined,0,1,1466,16,1,0,0.32,1,2026-08-24 09:56:00
TX009274,CUST00356,3081.56,Wallet,insufficient_funds,4,3,940,1,0,0,0.15,0,2026-08-07 18:30:00
TX009275,CUST00856,571.67,Net Banking,bank_timeout,2,1,716,3,0,0,0.6,0,2026-08-15 14:39:00
TX009276,CUST01226,169.58,Debit Card,expired_card,0,0,1069,22,0,0,0.6,1,2026-08-20 18:34:00
TX009277,CUST02241,717.23,Credit Card,suspicious_transaction,0,0,970,0,0,0,0.2,0,2026-08-30 13:11:00
TX009278,CUST01498,1632.12,UPI,network_error,0,0,865,1,0,0,0.75,1,2026-08-11 03:14:00
TX009279,CUST02601,690.39,UPI,network_error,1,2,1388,4,0,0,0.53,0,2026-08-28 00:27:00
TX009280,CUST02436,806.7,Wallet,insufficient_funds,0,0,1335,9,0,0,0.63,1,2026-08-19 23:27:00
TX009281,CUST00746,3441.17,Debit Card,network_error,0,0,1148,10,0,0,0.75,1,2026-08-22 17:45:00
TX009282,CUST01753,1219.86,UPI,suspicious_transaction,1,0,1067,16,0,0,0.14,1,2026-08-01 00:40:00
TX009283,CUST01542,471.87,Wallet,issuer_declined,0,1,410,6,0,0,0.42,1,2026-08-04 10:16:00
TX009284,CUST01299,2212.84,Wallet,insufficient_funds,0,0,1415,1,0,0,0.63,0,2026-08-07 02:15:00
TX009285,CUST01396,1336.32,UPI,insufficient_funds,1,0,1293,12,0,0,0.57,1,2026-08-18 09:27:00
TX009286,CUST00938,100.0,Debit Card,expired_card,1,2,271,6,0,0,0.33,0,2026-08-01 19:33:00
TX009287,CUST00011,1683.03,Debit Card,insufficient_funds,2,2,648,19,0,0,0.35,0,2026-08-25 17:31:00
TX009288,CUST01903,1622.67,Credit Card,bank_timeout,2,0,1175,20,0,0,0.68,1,2026-08-09 14:53:00
TX009289,CUST00474,1118.92,Debit Card,issuer_declined,1,0,743,5,0,0,0.44,0,2026-08-05 15:32:00
TX009290,CUST02383,2674.99,Net Banking,insufficient_funds,1,1,167,13,0,0,0.44,0,2026-08-03 16:52:00
TX009291,CUST01127,559.82,Credit Card,network_error,1,0,22,0,0,1,0.56,1,2026-08-06 16:50:00
TX009292,CUST00507,1535.33,Wallet,bank_timeout,2,3,418,12,0,0,0.44,0,2026-08-27 02:41:00
TX009293,CUST00835,228.84,UPI,expired_card,2,0,619,8,0,0,0.48,1,2026-08-18 05:42:00
TX009294,CUST01598,1647.63,Debit Card,issuer_declined,0,0,1423,13,0,0,0.5,0,2026-08-15 03:37:00
TX009295,CUST02088,7731.51,UPI,issuer_declined,0,0,312,15,0,0,0.45,1,2026-08-17 11:56:00
TX009296,CUST01568,405.51,Credit Card,issuer_declined,3,2,977,13,0,0,0.16,1,2026-08-24 08:15:00
TX009297,CUST00621,512.96,Wallet,issuer_declined,0,0,473,10,0,0,0.5,0,2026-08-19 14:34:00
TX009298,CUST02460,539.15,Wallet,issuer_declined,0,1,1413,21,1,0,0.32,1,2026-08-15 14:57:00
TX009299,CUST02435,1248.87,Debit Card,issuer_declined,1,1,942,17,0,0,0.36,1,2026-08-17 13:34:00
TX009300,CUST00752,378.78,Net Banking,bank_timeout,5,0,877,4,0,0,0.5,1,2026-08-29 20:53:00
TX009301,CUST01888,1671.12,UPI,bank_timeout,0,1,1215,8,0,0,0.72,0,2026-08-08 16:24:00
TX009302,CUST01775,2557.64,Net Banking,issuer_declined,0,1,426,7,1,0,0.32,1,2026-08-12 16:39:00
TX009303,CUST02480,1871.22,UPI,bank_timeout,1,2,333,13,0,0,0.53,0,2026-08-08 15:08:00
TX009304,CUST00906,187.09,UPI,insufficient_funds,3,3,227,5,1,0,0.06,0,2026-08-03 19:15:00
TX009305,CUST01569,2966.59,Debit Card,issuer_declined,3,1,1425,11,0,0,0.24,0,2026-08-10 01:22:00
TX009306,CUST00173,2799.98,Credit Card,expired_card,0,1,646,15,0,0,0.52,1,2026-08-01 03:43:00
TX009307,CUST00812,2515.34,UPI,network_error,0,1,123,19,0,0,0.62,0,2026-08-26 15:19:00
TX009308,CUST02862,1592.15,Net Banking,issuer_declined,2,2,1339,9,0,0,0.22,0,2026-08-01 16:14:00
TX009309,CUST01200,1366.75,Net Banking,issuer_declined,1,0,1210,1,0,0,0.44,1,2026-08-27 10:05:00
TX009310,CUST01364,3079.09,Credit Card,issuer_declined,0,0,570,6,0,0,0.5,1,2026-08-16 21:15:00
TX009311,CUST01824,7506.42,Net Banking,authentication_failed,0,0,4,7,1,0,0.3,1,2026-08-27 22:35:00
TX009312,CUST01304,422.83,Net Banking,insufficient_funds,0,1,295,4,0,0,0.5,1,2026-08-18 11:17:00
TX009313,CUST02305,3223.19,Credit Card,suspicious_transaction,1,2,703,23,0,0,0.02,0,2026-08-08 03:13:00
TX009314,CUST02298,1006.05,Debit Card,expired_card,0,1,433,17,1,1,0.34,0,2026-08-05 08:40:00
TX009315,CUST02906,963.26,Credit Card,insufficient_funds,2,0,428,10,0,0,0.51,1,2026-08-29 15:51:00
TX009316,CUST02857,235.91,Wallet,issuer_declined,1,2,643,16,0,1,0.2,0,2026-08-09 14:00:00
TX009317,CUST00515,824.86,Net Banking,issuer_declined,1,2,1126,8,0,0,0.28,0,2026-08-13 23:40:00
TX009318,CUST02167,404.53,Net Banking,expired_card,0,0,357,22,0,0,0.55,1,2026-08-08 19:02:00
TX009319,CUST01842,689.62,Wallet,suspicious_transaction,3,1,783,12,0,0,0.02,0,2026-08-30 08:58:00
TX009320,CUST00021,365.7,UPI,expired_card,0,0,936,21,0,0,0.6,0,2026-08-02 07:43:00
TX009321,CUST01165,700.01,UPI,network_error,1,2,901,17,0,0,0.53,0,2026-08-21 17:29:00
TX009322,CUST02049,730.62,UPI,insufficient_funds,0,1,472,6,0,0,0.55,1,2026-08-11 20:57:00
TX009323,CUST01298,1208.04,Wallet,insufficient_funds,5,1,709,23,1,0,0.15,0,2026-08-07 17:36:00
TX009324,CUST01041,218.16,UPI,issuer_declined,1,2,346,20,0,0,0.23,0,2026-08-02 03:39:00
TX009325,CUST02350,258.39,Credit Card,bank_timeout,4,3,748,20,0,0,0.32,0,2026-08-11 17:35:00
TX009326,CUST02694,1574.85,Wallet,bank_timeout,2,2,1221,6,0,0,0.52,1,2026-08-21 11:58:00
TX009327,CUST02468,494.01,UPI,insufficient_funds,0,0,420,15,0,0,0.63,0,2026-08-30 11:49:00
TX009328,CUST00471,3211.62,Credit Card,bank_timeout,2,2,1301,19,0,0,0.52,1,2026-08-19 19:05:00
TX009329,CUST00251,1373.71,UPI,authentication_failed,0,0,599,2,0,0,0.45,0,2026-08-13 03:33:00
TX009330,CUST02289,2011.75,Wallet,issuer_declined,1,1,897,2,0,0,0.36,0,2026-08-23 09:01:00
TX009331,CUST00744,4494.87,Wallet,insufficient_funds,0,0,264,23,0,1,0.5,1,2026-08-29 19:45:00
TX009332,CUST00995,804.55,Wallet,insufficient_funds,5,1,1287,12,0,0,0.25,0,2026-08-22 20:28:00
TX009333,CUST00826,617.4,UPI,network_error,0,0,1067,11,1,0,0.65,1,2026-08-04 18:21:00
TX009334,CUST01868,2622.03,Net Banking,suspicious_transaction,0,0,1345,21,0,1,0.12,0,2026-08-06 19:18:00
TX009335,CUST01985,1825.33,Net Banking,insufficient_funds,1,2,698,7,0,0,0.41,1,2026-08-10 02:50:00
TX009336,CUST02806,909.3,Wallet,bank_timeout,0,0,1050,7,0,0,0.8,1,2026-08-06 02:04:00
TX009337,CUST00570,4409.24,UPI,network_error,1,2,741,18,0,0,0.53,1,2026-08-05 18:27:00
TX009338,CUST01108,886.92,UPI,insufficient_funds,0,1,469,19,0,0,0.55,1,2026-08-13 22:02:00
TX009339,CUST00092,1133.17,Credit Card,expired_card,0,0,381,7,0,0,0.6,1,2026-08-15 12:46:00
TX009340,CUST01234,1120.16,Credit Card,insufficient_funds,0,1,265,21,0,0,0.5,1,2026-08-16 21:56:00
TX009341,CUST02852,430.7,Net Banking,network_error,1,0,581,13,0,0,0.69,1,2026-08-09 09:56:00
TX009342,CUST00632,1185.1,Net Banking,authentication_failed,0,0,988,4,0,0,0.45,0,2026-08-05 07:13:00
TX009343,CUST01044,4432.68,Wallet,authentication_failed,0,0,901,3,0,0,0.45,0,2026-08-02 03:27:00
TX009344,CUST01359,1711.23,Credit Card,insufficient_funds,0,1,1021,2,0,0,0.55,1,2026-08-24 15:21:00
TX009345,CUST02688,1131.23,Wallet,expired_card,1,2,1202,11,0,0,0.38,0,2026-08-18 17:50:00
TX009346,CUST00619,932.84,Wallet,bank_timeout,0,1,1145,21,0,0,0.72,1,2026-08-20 05:06:00
TX009347,CUST01454,1526.7,Net Banking,bank_timeout,1,1,530,1,0,0,0.66,1,2026-08-04 07:07:00
TX009348,CUST00488,2321.03,Debit Card,authentication_failed,0,0,255,11,0,0,0.4,0,2026-08-19 04:54:00
TX009349,CUST01191,2016.74,Credit Card,network_error,2,0,1324,15,1,0,0.53,0,2026-08-08 04:35:00
TX009350,CUST02382,786.93,Debit Card,bank_timeout,0,0,1063,13,0,0,0.8,1,2026-08-28 15:52:00
TX009351,CUST00438,1517.44,Net Banking,issuer_declined,0,0,1175,21,0,1,0.42,1,2026-08-14 18:16:00
TX009352,CUST01260,1772.13,Credit Card,bank_timeout,1,0,258,1,0,0,0.69,0,2026-08-20 08:43:00
TX009353,CUST01373,400.54,Credit Card,bank_timeout,0,1,498,13,0,0,0.72,1,2026-08-21 08:22:00
TX009354,CUST01516,1297.55,Debit Card,bank_timeout,0,0,501,9,0,0,0.8,1,2026-08-07 00:58:00
TX009355,CUST01149,126.3,UPI,issuer_declined,0,0,1352,23,0,0,0.5,1,2026-08-02 07:02:00
TX009356,CUST01999,1776.74,Credit Card,insufficient_funds,1,1,36,20,0,0,0.44,0,2026-08-16 02:34:00
TX009357,CUST00325,2122.49,UPI,network_error,0,0,1170,6,1,0,0.65,1,2026-08-15 04:10:00
TX009358,CUST00463,2315.88,UPI,expired_card,1,0,282,16,0,0,0.49,1,2026-08-21 09:10:00
TX009359,CUST00036,738.75,Credit Card,insufficient_funds,1,1,1449,3,0,0,0.49,1,2026-08-16 15:30:00
TX009360,CUST00542,1493.75,Wallet,authentication_failed,4,3,302,10,0,0,0.02,0,2026-08-12 00:41:00
TX009361,CUST01708,4554.88,Net Banking,insufficient_funds,0,0,106,19,0,0,0.58,1,2026-08-17 19:09:00
TX009362,CUST02473,4508.72,Debit Card,authentication_failed,0,0,278,3,0,0,0.4,0,2026-08-05 20:31:00
TX009363,CUST02751,1065.1,Debit Card,expired_card,1,1,663,21,0,0,0.46,1,2026-08-23 01:48:00
TX009364,CUST01867,1260.57,Debit Card,authentication_failed,0,0,590,5,0,0,0.45,0,2026-08-21 18:37:00
TX009365,CUST00435,3330.61,UPI,issuer_declined,1,1,832,14,0,0,0.36,0,2026-08-12 06:35:00
TX009366,CUST00395,244.5,UPI,bank_timeout,2,1,394,8,0,0,0.6,0,2026-08-10 18:39:00
TX009367,CUST01597,793.87,Debit Card,expired_card,0,0,1117,13,0,0,0.6,1,2026-08-20 14:45:00
TX009368,CUST00021,4169.58,Wallet,network_error,0,1,828,13,0,0,0.67,1,2026-08-10 04:00:00
TX009369,CUST00097,2907.94,Credit Card,network_error,0,0,176,6,0,1,0.62,1,2026-08-22 10:05:00
TX009370,CUST00546,1586.47,UPI,expired_card,4,2,1092,15,0,0,0.2,0,2026-08-08 07:03:00
TX009371,CUST00372,243.27,Credit Card,expired_card,0,1,957,21,1,0,0.42,0,2026-08-05 20:20:00
TX009372,CUST02457,1043.24,Debit Card,expired_card,0,0,754,2,0,0,0.6,1,2026-08-10 17:49:00
TX009373,CUST02359,607.95,Wallet,insufficient_funds,0,0,1433,6,0,0,0.63,1,2026-08-17 18:58:00
TX009374,CUST01834,1526.97,Credit Card,issuer_declined,0,1,394,7,0,0,0.42,0,2026-08-08 18:39:00
TX009375,CUST01725,488.16,Debit Card,expired_card,0,1,680,0,0,0,0.52,0,2026-08-10 03:16:00
TX009376,CUST00184,393.18,UPI,bank_timeout,0,0,972,15,0,0,0.8,1,2026-08-04 23:26:00
TX009377,CUST00044,139.09,Credit Card,authentication_failed,0,0,176,2,1,1,0.22,1,2026-08-22 00:39:00
TX009378,CUST01200,3721.21,Net Banking,bank_timeout,2,2,892,22,0,0,0.52,0,2026-08-29 22:11:00
TX009379,CUST01214,735.26,Net Banking,network_error,0,0,935,4,0,0,0.75,1,2026-08-23 23:13:00
TX009380,CUST00990,1283.24,Debit Card,insufficient_funds,1,1,1282,21,1,0,0.39,0,2026-08-26 04:47:00
TX009381,CUST00875,1094.18,UPI,bank_timeout,0,0,355,10,0,0,0.75,1,2026-08-06 03:14:00
TX009382,CUST02638,377.12,UPI,expired_card,2,2,363,15,1,0,0.17,0,2026-08-05 11:38:00
TX009383,CUST00573,311.36,Credit Card,issuer_declined,0,1,1419,3,0,0,0.42,1,2026-08-20 17:04:00
TX009384,CUST01116,401.29,UPI,issuer_declined,2,1,464,2,0,0,0.3,0,2026-08-08 12:10:00
TX009385,CUST02295,532.1,Net Banking,authentication_failed,0,0,45,14,0,0,0.4,0,2026-08-10 16:48:00
TX009386,CUST01270,1582.25,Net Banking,issuer_declined,0,1,609,0,0,0,0.42,1,2026-08-17 03:28:00
TX009387,CUST02652,494.86,Debit Card,expired_card,0,0,632,4,0,0,0.6,0,2026-08-28 04:11:00
TX009388,CUST02574,6288.58,Debit Card,issuer_declined,0,1,27,20,1,0,0.27,1,2026-08-18 12:48:00
TX009389,CUST02031,3063.0,Net Banking,insufficient_funds,0,0,719,21,0,0,0.63,0,2026-08-01 10:59:00
TX009390,CUST02603,2461.09,Credit Card,bank_timeout,0,1,1457,11,0,0,0.72,1,2026-08-18 23:26:00
TX009391,CUST00729,972.96,UPI,insufficient_funds,3,3,921,21,0,1,0.13,0,2026-08-03 20:28:00
TX009392,CUST01648,4985.46,Debit Card,expired_card,0,1,1401,14,0,0,0.52,1,2026-08-26 14:03:00
TX009393,CUST00499,881.83,Net Banking,suspicious_transaction,1,0,1006,5,0,0,0.14,0,2026-08-27 18:45:00
TX009394,CUST01753,1062.88,Credit Card,insufficient_funds,3,2,1344,19,0,1,0.21,1,2026-08-20 12:46:00
TX009395,CUST01172,1299.81,Wallet,suspicious_transaction,0,0,293,15,0,0,0.15,0,2026-08-27 00:20:00
TX009396,CUST01565,2212.38,Debit Card,bank_timeout,1,2,529,9,0,1,0.5,0,2026-08-18 07:31:00
TX009397,CUST00349,2073.32,Net Banking,authentication_failed,1,2,1268,3,1,0,0.13,0,2026-08-02 01:30:00
TX009398,CUST00270,681.89,Credit Card,network_error,4,1,1330,14,1,0,0.33,0,2026-08-08 23:09:00
TX009399,CUST00132,643.55,Credit Card,suspicious_transaction,1,0,746,12,0,0,0.14,0,2026-08-23 23:35:00
TX009400,CUST02384,2079.54,Debit Card,bank_timeout,0,0,449,2,0,0,0.8,1,2026-08-06 09:41:00
TX009401,CUST00620,2242.25,UPI,issuer_declined,0,0,1359,6,0,0,0.5,0,2026-08-07 21:33:00
TX009402,CUST00093,740.0,Wallet,bank_timeout,4,3,789,22,0,0,0.32,0,2026-08-12 01:11:00
TX009403,CUST00306,224.26,UPI,suspicious_transaction,0,1,207,22,0,0,0.07,0,2026-08-06 21:46:00
TX009404,CUST01711,891.3,Net Banking,authentication_failed,0,0,556,11,0,0,0.45,1,2026-08-21 13:02:00
TX009405,CUST01344,2045.76,UPI,bank_timeout,0,1,1068,13,1,0,0.62,1,2026-08-11 20:24:00
TX009406,CUST01251,6670.28,Net Banking,bank_timeout,0,0,1352,6,0,0,0.8,1,2026-08-25 16:02:00
TX009407,CUST02945,330.97,Net Banking,authentication_failed,1,1,515,18,0,0,0.31,0,2026-08-21 02:26:00
TX009408,CUST02277,715.82,Net Banking,expired_card,0,0,252,15,0,0,0.55,0,2026-08-04 03:24:00
TX009409,CUST01991,742.93,Wallet,bank_timeout,3,1,562,0,0,0,0.54,1,2026-08-18 13:43:00
TX009410,CUST00672,4254.81,Net Banking,bank_timeout,0,1,1247,5,0,0,0.72,1,2026-08-24 22:15:00
TX009411,CUST01868,1058.98,Credit Card,insufficient_funds,2,1,1315,9,0,0,0.43,1,2026-08-20 09:17:00
TX009412,CUST01225,442.6,Wallet,bank_timeout,1,1,117,12,0,0,0.61,1,2026-08-16 07:04:00
TX009413,CUST01906,1917.34,Wallet,network_error,3,2,477,17,0,0,0.41,1,2026-08-18 02:02:00
TX009414,CUST00659,731.69,Credit Card,issuer_declined,0,1,258,17,0,0,0.37,1,2026-08-11 02:38:00
TX009415,CUST00409,322.34,Credit Card,authentication_failed,3,0,13,20,0,1,0.14,0,2026-08-12 17:40:00
TX009416,CUST02166,449.09,Net Banking,suspicious_transaction,0,0,610,19,0,0,0.2,0,2026-08-11 16:36:00
TX009417,CUST01442,6210.78,Credit Card,insufficient_funds,0,0,13,6,0,0,0.58,0,2026-08-04 11:37:00
TX009418,CUST00921,1610.35,Net Banking,authentication_failed,0,0,1030,8,0,0,0.45,1,2026-08-04 18:24:00
TX009419,CUST00614,1221.41,UPI,bank_timeout,1,1,181,7,0,0,0.61,1,2026-08-08 08:39:00
TX009420,CUST02085,854.15,Wallet,network_error,0,1,88,1,1,0,0.52,0,2026-08-05 10:47:00
TX009421,CUST02982,1468.72,Wallet,suspicious_transaction,0,1,1219,9,1,0,0.02,0,2026-08-05 14:25:00
TX009422,CUST02406,1451.33,Net Banking,network_error,2,0,935,20,1,0,0.53,0,2026-08-07 10:24:00
TX009423,CUST00628,1468.75,Credit Card,insufficient_funds,0,1,843,20,0,0,0.55,1,2026-08-15 06:03:00
TX009424,CUST00135,1230.09,Net Banking,suspicious_transaction,0,1,17,18,0,0,0.07,0,2026-08-12 22:37:00
TX009425,CUST00214,2614.42,Net Banking,insufficient_funds,0,1,240,1,0,0,0.5,1,2026-08-24 08:14:00
TX009426,CUST02600,1122.27,Debit Card,network_error,2,1,303,1,0,0,0.5,0,2026-08-20 16:36:00
TX009427,CUST01850,412.43,Credit Card,expired_card,2,1,1198,23,1,0,0.3,0,2026-08-05 08:02:00
TX009428,CUST00584,594.41,Credit Card,issuer_declined,0,0,613,23,0,0,0.5,1,2026-08-13 23:45:00
TX009429,CUST00139,151.56,Net Banking,suspicious_transaction,2,1,606,1,0,0,0.02,0,2026-08-18 13:32:00
TX009430,CUST02033,8323.33,Credit Card,bank_timeout,1,2,710,0,0,0,0.58,0,2026-08-13 00:34:00
TX009431,CUST01169,2598.67,Credit Card,bank_timeout,1,2,746,8,0,0,0.58,0,2026-08-24 08:34:00
TX009432,CUST00036,478.15,UPI,network_error,2,3,47,10,0,0,0.34,0,2026-08-05 05:15:00
TX009433,CUST00478,827.29,Debit Card,network_error,1,1,1229,2,0,0,0.61,1,2026-08-05 19:12:00
TX009434,CUST02844,580.06,Credit Card,suspicious_transaction,1,0,1190,16,0,1,0.06,1,2026-08-24 10:17:00
TX009435,CUST01616,5128.39,UPI,issuer_declined,1,0,709,18,0,0,0.44,1,2026-08-27 21:58:00
TX009436,CUST02203,265.1,UPI,insufficient_funds,0,1,1425,18,0,0,0.55,1,2026-08-11 22:52:00
TX009437,CUST02996,1229.64,Net Banking,bank_timeout,0,1,1497,8,0,0,0.72,1,2026-08-10 11:05:00
TX009438,CUST01117,983.85,UPI,bank_timeout,1,0,1305,23,0,0,0.74,1,2026-08-13 17:34:00
TX009439,CUST02187,2506.99,Net Banking,network_error,0,0,343,18,0,0,0.7,1,2026-08-07 19:45:00
TX009440,CUST02636,988.3,Credit Card,bank_timeout,0,1,348,16,0,0,0.67,1,2026-08-13 20:10:00
TX009441,CUST00778,189.01,Debit Card,insufficient_funds,0,0,242,7,0,0,0.58,0,2026-08-04 15:09:00
TX009442,CUST02943,853.1,Wallet,authentication_failed,2,0,1302,14,0,1,0.25,0,2026-08-18 21:17:00
TX009443,CUST01534,414.82,Wallet,insufficient_funds,4,0,1010,6,0,0,0.39,0,2026-08-16 04:14:00
TX009444,CUST00511,1187.47,Credit Card,insufficient_funds,5,0,900,10,0,0,0.33,1,2026-08-10 07:00:00
TX009445,CUST02647,4601.68,Wallet,suspicious_transaction,4,3,311,23,1,0,0.02,0,2026-08-05 15:18:00
TX009446,CUST02338,192.59,Debit Card,network_error,0,1,337,0,0,0,0.62,1,2026-08-30 01:39:00
TX009447,CUST00001,492.64,Wallet,issuer_declined,2,0,1406,4,0,0,0.38,0,2026-08-14 03:39:00
TX009448,CUST00865,631.0,UPI,bank_timeout,1,2,691,22,1,0,0.48,1,2026-08-09 17:51:00
TX009449,CUST01344,748.72,Credit Card,bank_timeout,0,1,1253,4,0,0,0.72,1,2026-08-22 08:49:00
TX009450,CUST02433,2298.76,Net Banking,insufficient_funds,1,0,274,17,0,1,0.44,1,2026-08-07 06:38:00
TX009451,CUST00686,921.92,Credit Card,issuer_declined,0,1,824,22,0,0,0.42,1,2026-08-18 21:16:00
TX009452,CUST02940,1662.04,Net Banking,issuer_declined,0,0,1015,21,0,0,0.5,1,2026-08-14 19:24:00
TX009453,CUST01142,586.53,Credit Card,bank_timeout,2,3,138,21,0,0,0.39,1,2026-08-01 08:18:00
TX009454,CUST02579,1380.12,Debit Card,bank_timeout,1,0,1164,6,0,0,0.74,1,2026-08-19 00:24:00
TX009455,CUST00546,2387.01,Net Banking,authentication_failed,1,2,692,22,0,0,0.23,0,2026-08-10 01:23:00
TX009456,CUST02570,527.26,Net Banking,authentication_failed,3,1,677,20,0,0,0.19,0,2026-08-23 17:42:00
TX009457,CUST02033,2395.53,Wallet,insufficient_funds,0,0,954,9,1,0,0.53,0,2026-08-28 01:40:00
TX009458,CUST00567,1155.6,Wallet,bank_timeout,1,0,1440,11,0,0,0.74,0,2026-08-02 05:55:00
TX009459,CUST01037,3119.6,Credit Card,bank_timeout,3,0,1452,8,0,0,0.62,1,2026-08-26 20:48:00
TX009460,CUST02523,896.57,UPI,bank_timeout,1,2,1094,20,0,0,0.58,1,2026-08-09 22:51:00
TX009461,CUST00804,1605.59,Debit Card,suspicious_transaction,3,2,88,23,0,0,0.02,0,2026-08-15 22:07:00
TX009462,CUST02872,1053.0,Credit Card,issuer_declined,2,3,1224,7,0,0,0.14,1,2026-08-01 07:53:00
TX009463,CUST00033,996.04,Debit Card,bank_timeout,0,1,322,12,0,0,0.67,0,2026-08-16 10:02:00
TX009464,CUST02238,1420.74,Net Banking,bank_timeout,0,1,153,10,0,1,0.59,0,2026-08-23 19:01:00
TX009465,CUST02102,1875.83,UPI,bank_timeout,0,0,1095,21,0,0,0.8,0,2026-08-24 14:23:00
TX009466,CUST00004,314.33,Net Banking,insufficient_funds,1,0,324,9,0,0,0.52,1,2026-08-15 08:51:00
TX009467,CUST01249,4599.18,Credit Card,bank_timeout,0,0,357,23,0,0,0.75,1,2026-08-22 15:02:00
TX009468,CUST00072,170.77,Net Banking,expired_card,0,0,126,5,0,0,0.55,0,2026-08-22 00:36:00
TX009469,CUST02319,552.91,Credit Card,bank_timeout,0,0,570,2,0,1,0.72,1,2026-08-13 12:17:00
TX009470,CUST01978,997.98,Wallet,authentication_failed,2,0,730,4,0,0,0.33,1,2026-08-23 19:40:00
TX009471,CUST00021,1656.32,Credit Card,bank_timeout,2,1,1084,15,0,1,0.52,1,2026-08-10 08:29:00
TX009472,CUST00450,5303.77,Debit Card,bank_timeout,1,1,1248,23,0,0,0.66,1,2026-08-10 16:51:00
TX009473,CUST01978,171.01,Credit Card,network_error,1,1,728,21,0,0,0.61,1,2026-08-30 14:59:00
TX009474,CUST01761,660.04,Credit Card,network_error,1,0,73,8,0,0,0.64,1,2026-08-01 08:42:00
TX009475,CUST00366,130.73,UPI,bank_timeout,0,0,571,8,0,0,0.8,1,2026-08-24 15:38:00
TX009476,CUST01141,1131.86,Credit Card,insufficient_funds,1,2,766,14,1,0,0.31,0,2026-08-10 19:44:00
TX009477,CUST02340,1438.97,Net Banking,insufficient_funds,0,1,248,12,0,0,0.5,1,2026-08-01 20:37:00
TX009478,CUST01514,5381.89,UPI,insufficient_funds,3,3,99,2,0,1,0.08,0,2026-08-25 15:06:00
TX009479,CUST00143,1237.24,Net Banking,bank_timeout,2,1,1176,15,0,0,0.6,0,2026-08-24 21:10:00
TX009480,CUST00622,3115.13,Credit Card,bank_timeout,0,0,471,5,0,0,0.8,1,2026-08-29 23:02:00
TX009481,CUST01887,1966.16,UPI,expired_card,2,3,1125,4,0,0,0.24,0,2026-08-09 19:04:00
TX009482,CUST01852,709.64,Debit Card,suspicious_transaction,0,1,1474,4,0,0,0.12,0,2026-08-24 21:45:00
TX009483,CUST00765,268.01,Net Banking,bank_timeout,0,0,1260,8,0,0,0.8,1,2026-08-13 01:57:00
TX009484,CUST00557,1443.75,Credit Card,insufficient_funds,0,1,1493,13,0,0,0.55,1,2026-08-07 23:17:00
TX009485,CUST00688,246.63,Net Banking,insufficient_funds,5,3,249,9,0,0,0.04,0,2026-08-27 09:04:00
TX009486,CUST00813,4004.63,Debit Card,insufficient_funds,1,0,257,16,0,0,0.52,1,2026-08-14 04:09:00
TX009487,CUST01761,932.56,Debit Card,insufficient_funds,1,1,1109,20,0,0,0.49,0,2026-08-22 18:45:00
TX009488,CUST02397,3623.43,Credit Card,authentication_failed,0,1,736,12,1,0,0.27,1,2026-08-01 23:34:00
TX009489,CUST01944,678.43,Debit Card,insufficient_funds,1,2,1139,17,0,0,0.41,1,2026-08-03 19:50:00
TX009490,CUST00365,1434.9,Credit Card,network_error,0,1,459,0,1,0,0.57,0,2026-08-17 04:49:00
TX009491,CUST02812,1352.01,Credit Card,bank_timeout,2,3,1060,5,0,0,0.44,1,2026-08-17 03:40:00
TX009492,CUST02742,1048.33,Wallet,issuer_declined,0,1,152,20,0,0,0.37,1,2026-08-11 11:38:00
TX009493,CUST00937,711.48,Wallet,issuer_declined,5,3,406,3,0,0,0.02,0,2026-08-06 13:07:00
TX009494,CUST00793,1623.69,Debit Card,issuer_declined,3,0,1152,3,0,0,0.32,0,2026-08-10 22:11:00
TX009495,CUST01194,434.34,Credit Card,issuer_declined,0,1,1275,21,0,0,0.42,0,2026-08-15 11:46:00
TX009496,CUST01486,327.2,Credit Card,bank_timeout,0,1,854,3,0,0,0.72,0,2026-08-17 23:49:00
TX009497,CUST01675,3800.27,Credit Card,issuer_declined,0,0,1098,4,0,0,0.5,1,2026-08-28 15:03:00
TX009498,CUST01935,2269.17,Wallet,issuer_declined,0,1,650,0,0,0,0.42,0,2026-08-15 07:49:00
TX009499,CUST02244,1171.33,Net Banking,expired_card,2,0,574,16,0,0,0.48,1,2026-08-19 04:59:00
TX009500,CUST01918,5797.27,Wallet,suspicious_transaction,0,1,1452,8,0,0,0.12,0,2026-08-06 20:18:00
TX009501,CUST00792,839.02,UPI,insufficient_funds,0,0,614,12,0,0,0.63,0,2026-08-24 00:46:00
TX009502,CUST02832,4116.27,Wallet,issuer_declined,0,1,405,8,0,0,0.42,0,2026-08-23 05:38:00
TX009503,CUST02551,1307.11,Net Banking,insufficient_funds,1,1,1045,13,0,0,0.49,0,2026-08-09 20:08:00
TX009504,CUST00296,393.57,Debit Card,bank_timeout,0,1,226,8,0,0,0.67,0,2026-08-29 06:18:00
TX009505,CUST00812,6960.73,Wallet,issuer_declined,4,1,657,6,0,0,0.18,0,2026-08-23 07:03:00
TX009506,CUST01911,2953.4,Debit Card,bank_timeout,0,1,1343,22,0,0,0.72,1,2026-08-30 10:48:00
TX009507,CUST01406,971.63,Debit Card,issuer_declined,4,2,225,22,0,0,0.05,0,2026-08-19 03:52:00
TX009508,CUST00655,2269.17,Credit Card,insufficient_funds,0,1,1011,14,0,0,0.55,0,2026-08-05 18:43:00
TX009509,CUST02662,732.38,Debit Card,issuer_declined,0,1,1342,0,1,0,0.32,0,2026-08-22 23:14:00
TX009510,CUST00861,2512.79,Debit Card,bank_timeout,3,0,138,7,0,0,0.57,1,2026-08-18 12:23:00
TX009511,CUST02403,100.38,Debit Card,authentication_failed,0,1,527,11,1,0,0.27,1,2026-08-21 13:48:00
TX009512,CUST02835,395.52,Net Banking,authentication_failed,2,1,66,0,0,0,0.2,0,2026-08-03 23:50:00
TX009513,CUST00457,2919.77,Debit Card,bank_timeout,1,1,600,9,1,0,0.56,1,2026-08-25 13:18:00
TX009514,CUST01537,854.35,Net Banking,bank_timeout,0,0,37,10,0,0,0.75,1,2026-08-25 22:58:00
TX009515,CUST02715,1349.57,Net Banking,authentication_failed,0,1,1318,23,0,0,0.37,1,2026-08-04 21:28:00
TX009516,CUST02314,285.21,Credit Card,authentication_failed,0,1,390,5,0,0,0.37,0,2026-08-29 10:46:00
TX009517,CUST00643,6959.53,Wallet,insufficient_funds,1,2,1064,7,0,0,0.41,1,2026-08-19 12:19:00
TX009518,CUST02473,3606.63,Wallet,bank_timeout,4,3,10,16,0,0,0.27,0,2026-08-23 14:10:00
TX009519,CUST01351,897.23,Wallet,issuer_declined,0,1,1444,9,0,0,0.42,0,2026-08-05 10:56:00
TX009520,CUST01053,731.65,UPI,expired_card,1,0,300,4,0,0,0.49,1,2026-08-20 02:35:00
TX009521,CUST01882,3070.53,Wallet,bank_timeout,1,1,428,15,0,0,0.66,1,2026-08-05 20:07:00
TX009522,CUST01222,7962.28,Wallet,authentication_failed,0,0,1282,9,0,1,0.37,0,2026-08-08 04:21:00
TX009523,CUST00310,2846.26,Net Banking,issuer_declined,0,1,1325,14,1,0,0.32,0,2026-08-07 19:41:00
TX009524,CUST02476,9621.95,Wallet,insufficient_funds,0,0,1277,21,0,0,0.63,0,2026-08-12 16:24:00
TX009525,CUST00928,436.0,Credit Card,bank_timeout,3,0,159,10,0,0,0.57,0,2026-08-23 07:37:00
TX009526,CUST02126,483.29,UPI,issuer_declined,3,0,1124,1,0,1,0.24,0,2026-08-13 19:25:00
TX009527,CUST00051,333.97,Debit Card,insufficient_funds,1,2,1261,2,0,0,0.41,1,2026-08-26 05:34:00
TX009528,CUST02816,1705.75,Net Banking,expired_card,0,1,490,16,1,1,0.34,1,2026-08-17 14:48:00
TX009529,CUST00743,1307.15,Debit Card,authentication_failed,0,1,800,1,0,0,0.37,0,2026-08-25 22:05:00
TX009530,CUST02082,942.04,Credit Card,issuer_declined,2,0,1174,13,0,0,0.38,1,2026-08-15 09:00:00
TX009531,CUST01642,2463.3,Net Banking,issuer_declined,0,0,907,12,0,0,0.5,1,2026-08-23 01:35:00
TX009532,CUST02104,3760.58,Wallet,suspicious_transaction,0,0,1256,0,1,0,0.1,0,2026-08-24 13:10:00
TX009533,CUST01649,238.49,Wallet,bank_timeout,0,1,9,13,0,0,0.67,1,2026-08-17 15:40:00
TX009534,CUST02052,603.67,Net Banking,insufficient_funds,0,0,894,2,0,0,0.63,1,2026-08-12 10:44:00
TX009535,CUST02650,2490.26,UPI,issuer_declined,5,3,864,14,0,0,0.02,0,2026-08-06 05:04:00
TX009536,CUST00042,686.95,Net Banking,bank_timeout,0,1,294,1,0,1,0.59,1,2026-08-28 07:25:00
TX009537,CUST00916,493.63,Debit Card,network_error,0,0,131,22,0,0,0.7,0,2026-08-25 14:52:00
TX009538,CUST01305,3036.73,UPI,issuer_declined,2,2,824,1,0,0,0.22,0,2026-08-22 05:51:00
TX009539,CUST01800,302.02,UPI,network_error,1,0,1324,8,0,0,0.69,0,2026-08-06 13:42:00
TX009540,CUST00739,811.12,Debit Card,network_error,0,0,821,20,1,0,0.65,0,2026-08-05 20:01:00
TX009541,CUST01831,1523.31,Credit Card,insufficient_funds,2,2,1335,8,0,0,0.35,1,2026-08-02 00:35:00
TX009542,CUST00641,617.81,UPI,insufficient_funds,0,0,1495,4,0,0,0.63,1,2026-08-12 19:47:00
TX009543,CUST02102,2399.84,Net Banking,bank_timeout,3,2,651,14,0,0,0.46,0,2026-08-23 10:26:00
TX009544,CUST01288,620.87,Debit Card,bank_timeout,1,0,1221,22,0,0,0.74,1,2026-08-08 12:42:00
TX009545,CUST01325,4485.56,Credit Card,bank_timeout,0,0,1424,12,0,0,0.8,0,2026-08-19 00:03:00
TX009546,CUST01642,967.05,Debit Card,issuer_declined,2,0,88,8,0,0,0.33,0,2026-08-19 13:00:00
TX009547,CUST02141,2145.81,Debit Card,bank_timeout,2,3,1479,0,0,0,0.44,0,2026-08-03 01:31:00
TX009548,CUST02551,2312.36,UPI,suspicious_transaction,5,2,1074,2,0,0,0.02,0,2026-08-16 17:25:00
TX009549,CUST01713,585.5,Debit Card,authentication_failed,0,1,812,12,0,1,0.29,0,2026-08-01 10:16:00
TX009550,CUST00672,140.68,Debit Card,issuer_declined,1,0,802,14,0,0,0.44,1,2026-08-06 16:26:00
TX009551,CUST02775,1573.02,Debit Card,network_error,0,1,48,22,0,0,0.62,1,2026-08-04 05:51:00
TX009552,CUST00129,1178.84,Debit Card,insufficient_funds,4,0,152,21,0,0,0.34,1,2026-08-28 09:40:00
TX009553,CUST01642,1911.85,Net Banking,bank_timeout,0,1,409,20,1,0,0.62,0,2026-08-29 01:43:00
TX009554,CUST02772,874.34,Wallet,issuer_declined,3,3,331,12,0,0,0.03,0,2026-08-10 09:05:00
TX009555,CUST02852,713.06,Net Banking,network_error,0,1,1328,4,0,0,0.67,1,2026-08-16 19:44:00
TX009556,CUST02982,8172.03,Wallet,insufficient_funds,1,2,1123,3,0,0,0.41,1,2026-08-06 12:12:00
TX009557,CUST02624,251.55,UPI,suspicious_transaction,0,1,976,5,0,0,0.12,1,2026-08-27 02:50:00
TX009558,CUST01088,2284.61,UPI,issuer_declined,5,2,127,12,0,0,0.02,0,2026-08-09 16:36:00
TX009559,CUST01738,617.33,Credit Card,issuer_declined,0,0,883,4,0,0,0.5,0,2026-08-01 15:05:00
TX009560,CUST00140,783.85,Net Banking,network_error,0,1,1034,0,0,0,0.67,1,2026-08-05 00:28:00
TX009561,CUST00967,798.63,Net Banking,issuer_declined,1,0,878,3,0,0,0.44,1,2026-08-03 17:37:00
TX009562,CUST01082,491.06,UPI,insufficient_funds,1,2,52,20,0,0,0.36,1,2026-08-03 16:56:00
TX009563,CUST01683,1941.52,Net Banking,expired_card,0,0,24,21,0,0,0.55,1,2026-08-09 22:15:00
TX009564,CUST02565,4405.65,Wallet,insufficient_funds,0,0,923,0,0,0,0.63,0,2026-08-06 00:57:00
TX009565,CUST02943,1754.63,Debit Card,authentication_failed,2,2,1028,14,1,0,0.07,0,2026-08-29 17:56:00
TX009566,CUST00147,1216.07,Wallet,network_error,1,1,1343,14,0,0,0.61,1,2026-08-18 00:34:00
TX009567,CUST01420,408.94,Credit Card,bank_timeout,3,2,1020,13,0,0,0.46,1,2026-08-02 20:46:00
TX009568,CUST01904,1838.72,Debit Card,issuer_declined,0,0,380,7,0,0,0.5,1,2026-08-27 12:13:00
TX009569,CUST02857,9474.41,UPI,issuer_declined,2,0,914,19,0,0,0.38,0,2026-08-30 11:47:00
TX009570,CUST01418,749.42,Debit Card,authentication_failed,0,1,530,3,0,0,0.37,0,2026-08-24 03:53:00
TX009571,CUST02445,752.96,UPI,authentication_failed,0,1,1175,17,0,0,0.37,0,2026-08-04 11:05:00
TX009572,CUST00046,625.72,Net Banking,insufficient_funds,2,3,382,10,0,0,0.27,1,2026-08-18 23:14:00
TX009573,CUST01424,672.22,Wallet,insufficient_funds,0,1,1272,12,0,0,0.55,1,2026-08-06 13:24:00
TX009574,CUST02138,100.0,UPI,issuer_declined,2,0,329,2,0,0,0.33,0,2026-08-08 07:22:00
TX009575,CUST00882,1644.24,UPI,authentication_failed,2,3,1392,1,1,0,0.02,0,2026-08-14 16:53:00
TX009576,CUST02398,470.81,Wallet,expired_card,3,1,202,3,1,0,0.19,0,2026-08-27 15:39:00
TX009577,CUST00022,219.15,Credit Card,insufficient_funds,1,1,13,15,0,0,0.44,0,2026-08-26 12:27:00
TX009578,CUST00980,2328.99,Wallet,authentication_failed,0,1,502,3,0,0,0.37,0,2026-08-25 11:18:00
TX009579,CUST00282,371.66,UPI,bank_timeout,0,1,1133,21,0,0,0.72,1,2026-08-02 11:37:00
TX009580,CUST01737,781.59,Credit Card,insufficient_funds,2,1,788,4,0,0,0.43,0,2026-08-08 16:46:00
TX009581,CUST02791,4752.58,Net Banking,suspicious_transaction,0,1,1377,23,0,0,0.12,0,2026-08-30 06:44:00
TX009582,CUST02229,267.95,Net Banking,authentication_failed,0,1,1032,1,0,0,0.37,1,2026-08-07 10:15:00
TX009583,CUST00195,236.84,Credit Card,bank_timeout,1,1,242,7,0,0,0.61,1,2026-08-10 17:56:00
TX009584,CUST01881,1435.55,Wallet,insufficient_funds,0,1,619,18,0,0,0.55,0,2026-08-23 14:10:00
TX009585,CUST01320,3461.6,UPI,suspicious_transaction,2,0,560,8,0,0,0.08,0,2026-08-18 23:25:00
TX009586,CUST00249,227.16,UPI,authentication_failed,1,0,437,0,0,0,0.39,1,2026-08-09 06:42:00
TX009587,CUST00380,1648.61,Credit Card,issuer_declined,0,0,810,9,1,0,0.4,0,2026-08-13 05:16:00
TX009588,CUST02304,1960.59,Net Banking,expired_card,1,1,946,0,1,0,0.36,0,2026-08-04 04:10:00
TX009589,CUST00386,139.89,Net Banking,network_error,3,3,571,3,0,0,0.33,0,2026-08-05 03:58:00
TX009590,CUST02631,2436.95,Debit Card,insufficient_funds,2,0,581,21,0,0,0.51,0,2026-08-06 08:42:00
TX009591,CUST00203,2634.91,Debit Card,insufficient_funds,1,1,398,2,0,0,0.49,0,2026-08-04 14:22:00
TX009592,CUST01924,802.89,UPI,bank_timeout,0,0,1083,11,0,0,0.8,1,2026-08-07 12:10:00
TX009593,CUST02237,3836.62,Credit Card,suspicious_transaction,1,1,1028,20,0,0,0.06,0,2026-08-07 02:16:00
TX009594,CUST02973,3416.79,Credit Card,network_error,0,1,1072,22,0,1,0.59,0,2026-08-27 20:59:00
TX009595,CUST00875,1215.75,Debit Card,insufficient_funds,1,2,552,16,0,0,0.41,0,2026-08-28 02:30:00
TX009596,CUST00814,698.23,Net Banking,expired_card,0,1,354,1,0,0,0.47,1,2026-08-13 03:16:00
TX009597,CUST00684,414.54,Net Banking,insufficient_funds,3,0,1484,2,0,0,0.45,0,2026-08-18 07:11:00
TX009598,CUST00479,1056.2,Credit Card,suspicious_transaction,0,0,440,19,0,1,0.12,1,2026-08-21 04:09:00
TX009599,CUST02096,1938.67,Debit Card,issuer_declined,0,1,321,1,1,0,0.27,0,2026-08-08 04:50:00
TX009600,CUST00190,793.0,Wallet,suspicious_transaction,0,0,581,3,0,0,0.2,0,2026-08-01 05:03:00
TX009601,CUST00392,121.81,Credit Card,issuer_declined,0,1,1384,6,0,1,0.34,0,2026-08-03 14:48:00
TX009602,CUST02390,3899.93,Wallet,insufficient_funds,1,1,969,9,0,0,0.49,0,2026-08-12 20:05:00
TX009603,CUST02035,1326.4,UPI,bank_timeout,3,0,1420,18,0,0,0.62,0,2026-08-28 11:27:00
TX009604,CUST00436,750.23,UPI,bank_timeout,2,1,975,15,0,0,0.6,0,2026-08-26 09:43:00
TX009605,CUST01233,2584.17,UPI,issuer_declined,0,0,1497,5,0,0,0.5,0,2026-08-10 09:25:00
TX009606,CUST02356,5037.37,Net Banking,insufficient_funds,4,3,381,19,0,0,0.15,0,2026-08-22 03:26:00
TX009607,CUST02705,100.0,UPI,issuer_declined,2,0,1138,19,0,0,0.38,1,2026-08-07 23:35:00
TX009608,CUST02464,1693.01,Credit Card,insufficient_funds,0,0,639,2,0,1,0.55,0,2026-08-25 15:24:00
TX009609,CUST01833,263.31,UPI,authentication_failed,2,3,185,4,0,0,0.04,0,2026-08-21 09:52:00
TX009610,CUST00305,1806.43,Debit Card,issuer_declined,0,1,30,8,0,0,0.37,0,2026-08-17 14:12:00
TX009611,CUST01392,1246.29,UPI,issuer_declined,0,1,1438,14,0,0,0.42,1,2026-08-22 18:16:00
TX009612,CUST01253,2070.88,Wallet,issuer_declined,1,2,23,15,0,0,0.23,0,2026-08-20 21:49:00
TX009613,CUST00648,665.64,Credit Card,issuer_declined,0,0,1344,22,0,0,0.5,0,2026-08-15 02:55:00
TX009614,CUST01401,168.47,Wallet,bank_timeout,2,2,1380,5,0,0,0.52,0,2026-08-11 16:36:00
TX009615,CUST00309,698.99,Debit Card,bank_timeout,0,1,1026,17,0,0,0.72,1,2026-08-11 00:12:00
TX009616,CUST01457,1647.23,Credit Card,bank_timeout,0,0,456,11,1,0,0.7,1,2026-08-11 03:39:00
TX009617,CUST02064,3027.2,UPI,expired_card,2,3,1142,14,0,1,0.16,0,2026-08-17 12:16:00
TX009618,CUST01012,339.74,Wallet,network_error,1,0,1053,6,0,0,0.69,1,2026-08-22 01:00:00
TX009619,CUST00087,3062.73,Wallet,insufficient_funds,0,1,945,18,0,0,0.55,1,2026-08-26 18:49:00
TX009620,CUST01403,573.71,Net Banking,issuer_declined,0,0,618,9,0,1,0.42,0,2026-08-22 01:59:00
TX009621,CUST00734,1575.69,Credit Card,network_error,0,0,389,23,0,0,0.75,1,2026-08-06 00:27:00
TX009622,CUST02499,658.59,Net Banking,authentication_failed,0,1,605,18,0,0,0.37,0,2026-08-22 05:26:00
TX009623,CUST01298,1315.76,Net Banking,authentication_failed,0,0,170,6,0,0,0.4,1,2026-08-03 13:09:00
TX009624,CUST01747,2675.46,Credit Card,bank_timeout,2,3,831,1,0,0,0.44,0,2026-08-13 19:01:00
TX009625,CUST02979,321.5,Debit Card,issuer_declined,0,0,1498,7,0,0,0.5,1,2026-08-26 12:29:00
TX009626,CUST00105,555.63,Debit Card,network_error,0,0,892,19,0,0,0.75,1,2026-08-21 09:29:00
TX009627,CUST00613,1319.44,Credit Card,bank_timeout,3,2,702,21,0,0,0.46,1,2026-08-16 23:17:00
TX009628,CUST00397,12107.54,Credit Card,bank_timeout,0,1,121,14,0,1,0.59,0,2026-08-09 12:06:00
TX009629,CUST00320,462.58,Wallet,bank_timeout,1,1,988,10,0,0,0.66,0,2026-08-18 00:53:00
TX009630,CUST02586,8434.91,Net Banking,issuer_declined,3,2,176,11,0,0,0.11,0,2026-08-01 14:15:00
TX009631,CUST02052,8139.01,Net Banking,issuer_declined,0,1,1084,20,0,0,0.42,0,2026-08-11 08:30:00
TX009632,CUST01395,994.95,Credit Card,insufficient_funds,5,0,505,17,0,0,0.33,1,2026-08-12 17:21:00
TX009633,CUST01223,813.91,Debit Card,suspicious_transaction,1,0,289,1,1,0,0.02,0,2026-08-20 05:06:00
TX009634,CUST01161,548.91,UPI,expired_card,2,3,1170,22,0,0,0.24,1,2026-08-26 15:58:00
TX009635,CUST01835,1024.33,Net Banking,issuer_declined,0,0,1463,3,0,0,0.5,0,2026-08-10 23:47:00
TX009636,CUST02113,268.62,Credit Card,insufficient_funds,0,1,970,21,1,0,0.45,1,2026-08-03 12:35:00
TX009637,CUST01793,1016.13,Wallet,insufficient_funds,2,0,52,9,0,0,0.46,0,2026-08-22 02:50:00
TX009638,CUST01568,4899.46,Wallet,issuer_declined,1,1,475,23,0,0,0.36,1,2026-08-22 06:20:00
TX009639,CUST01155,595.21,Debit Card,issuer_declined,0,0,43,17,1,0,0.35,0,2026-08-04 20:39:00
TX009640,CUST02113,862.02,Debit Card,bank_timeout,1,2,619,5,0,0,0.58,0,2026-08-20 10:35:00
TX009641,CUST00111,200.11,Debit Card,suspicious_transaction,1,2,1421,18,0,0,0.02,0,2026-08-08 06:45:00
TX009642,CUST01231,1594.1,Wallet,expired_card,5,2,1056,5,0,0,0.14,0,2026-08-21 00:41:00
TX009643,CUST00464,1428.64,Credit Card,insufficient_funds,0,1,324,13,0,0,0.5,1,2026-08-05 04:46:00
TX009644,CUST02714,1168.76,Debit Card,bank_timeout,0,1,820,7,0,0,0.72,0,2026-08-08 08:18:00
TX009645,CUST02389,882.87,UPI,bank_timeout,2,2,62,2,0,1,0.39,1,2026-08-15 22:02:00
TX009646,CUST02839,818.31,UPI,bank_timeout,4,0,1488,12,0,0,0.56,1,2026-08-12 11:27:00
TX009647,CUST02860,1811.48,UPI,insufficient_funds,0,0,1376,6,0,1,0.55,0,2026-08-14 01:16:00
TX009648,CUST02896,1065.48,Debit Card,network_error,3,3,1303,5,0,0,0.33,0,2026-08-04 00:26:00
TX009649,CUST02829,1502.63,UPI,authentication_failed,0,1,700,22,1,0,0.27,0,2026-08-19 18:24:00
TX009650,CUST01075,1359.65,Net Banking,bank_timeout,4,0,172,9,0,1,0.43,0,2026-08-24 16:04:00
TX009651,CUST01245,3372.56,Wallet,authentication_failed,0,0,132,6,0,0,0.4,1,2026-08-21 00:03:00
TX009652,CUST00328,2158.12,Net Banking,expired_card,1,0,844,10,0,0,0.54,1,2026-08-11 10:07:00
TX009653,CUST00799,1329.9,Net Banking,insufficient_funds,1,0,702,1,0,0,0.57,0,2026-08-07 23:28:00
TX009654,CUST01753,5006.15,Net Banking,issuer_declined,1,0,825,9,0,0,0.44,0,2026-08-08 00:40:00
TX009655,CUST00606,1669.48,Debit Card,bank_timeout,2,2,1184,22,0,0,0.52,1,2026-08-14 12:44:00
TX009656,CUST02578,4043.89,Debit Card,expired_card,0,0,268,5,0,1,0.47,0,2026-08-22 23:11:00
TX009657,CUST00292,2012.12,UPI,insufficient_funds,0,1,779,11,0,0,0.55,0,2026-08-13 20:17:00
TX009658,CUST02060,173.83,Wallet,network_error,3,2,1242,1,0,0,0.41,0,2026-08-27 13:32:00
TX009659,CUST02959,4043.37,Credit Card,network_error,0,1,338,12,0,0,0.62,1,2026-08-20 01:04:00
TX009660,CUST01071,1255.36,UPI,insufficient_funds,0,1,200,1,0,0,0.5,0,2026-08-25 12:40:00
TX009661,CUST00912,1041.11,Debit Card,insufficient_funds,0,1,719,5,0,0,0.55,0,2026-08-07 13:13:00
TX009662,CUST01218,1452.95,Credit Card,suspicious_transaction,0,0,165,15,0,1,0.07,0,2026-08-22 01:01:00
TX009663,CUST02374,776.67,Net Banking,network_error,0,1,1410,0,0,0,0.67,1,2026-08-22 16:03:00
TX009664,CUST01456,1376.13,Net Banking,issuer_declined,0,1,1260,11,0,1,0.34,0,2026-08-25 05:20:00
TX009665,CUST00588,606.75,Credit Card,bank_timeout,3,2,914,13,1,0,0.36,1,2026-08-09 11:31:00
TX009666,CUST01454,3921.67,UPI,issuer_declined,0,1,178,7,0,0,0.37,0,2026-08-21 14:17:00
TX009667,CUST02636,978.88,UPI,insufficient_funds,1,2,481,5,0,0,0.41,0,2026-08-13 10:34:00
TX009668,CUST00737,748.01,Net Banking,authentication_failed,1,1,75,3,0,0,0.26,0,2026-08-11 00:07:00
TX009669,CUST01609,434.88,Net Banking,authentication_failed,0,0,1362,4,0,0,0.45,1,2026-08-25 00:31:00
TX009670,CUST01978,1434.79,Debit Card,bank_timeout,0,1,273,21,0,0,0.67,1,2026-08-25 15:12:00
TX009671,CUST00354,1322.27,Wallet,authentication_failed,0,1,635,11,0,1,0.29,0,2026-08-08 17:26:00
TX009672,CUST01634,1617.16,UPI,authentication_failed,3,1,83,14,0,0,0.14,0,2026-08-23 07:44:00
TX009673,CUST00910,392.58,UPI,insufficient_funds,0,0,935,0,0,0,0.63,1,2026-08-08 00:45:00
TX009674,CUST01757,221.15,Credit Card,issuer_declined,1,1,86,15,1,0,0.21,0,2026-08-15 23:26:00
TX009675,CUST00406,2049.99,Wallet,suspicious_transaction,1,0,178,1,0,0,0.09,0,2026-08-15 07:36:00
TX009676,CUST01318,4839.86,Credit Card,insufficient_funds,0,0,726,7,0,0,0.63,1,2026-08-10 04:40:00
TX009677,CUST00194,392.94,Credit Card,network_error,0,1,1237,13,0,0,0.67,1,2026-08-29 16:35:00
TX009678,CUST00379,5374.61,Credit Card,bank_timeout,1,2,259,7,0,0,0.53,0,2026-08-23 02:49:00
TX009679,CUST00193,1456.67,Credit Card,issuer_declined,1,1,146,18,0,0,0.31,0,2026-08-12 16:28:00
TX009680,CUST00244,1088.92,Net Banking,issuer_declined,0,0,47,9,0,0,0.45,1,2026-08-17 12:41:00
TX009681,CUST02906,736.9,Credit Card,insufficient_funds,1,1,228,6,0,0,0.44,0,2026-08-02 03:39:00
TX009682,CUST01246,274.65,Credit Card,network_error,1,1,1197,17,0,1,0.53,1,2026-08-10 10:08:00
TX009683,CUST00424,2944.6,UPI,bank_timeout,0,1,1093,17,0,0,0.72,1,2026-08-27 00:56:00
TX009684,CUST01487,504.92,Net Banking,suspicious_transaction,1,0,748,18,0,0,0.14,0,2026-08-09 08:04:00
TX009685,CUST02694,502.8,Credit Card,authentication_failed,3,1,1275,15,0,0,0.19,0,2026-08-24 12:38:00
TX009686,CUST02238,2956.99,Net Banking,issuer_declined,2,2,1324,19,0,0,0.22,0,2026-08-26 21:41:00
TX009687,CUST00675,166.84,Credit Card,authentication_failed,2,3,50,2,0,0,0.04,0,2026-08-11 05:54:00
TX009688,CUST00864,238.99,Net Banking,insufficient_funds,2,2,1096,18,1,0,0.25,1,2026-08-10 12:16:00
TX009689,CUST00442,1076.93,Credit Card,authentication_failed,1,1,1143,6,0,0,0.31,0,2026-08-30 08:22:00
TX009690,CUST01041,1470.39,Credit Card,issuer_declined,0,1,393,2,0,0,0.42,0,2026-08-27 14:57:00
TX009691,CUST00109,1780.65,Wallet,bank_timeout,1,2,1367,12,0,0,0.58,0,2026-08-02 08:15:00
TX009692,CUST01619,810.95,Wallet,expired_card,0,1,42,0,0,0,0.47,1,2026-08-27 06:20:00
TX009693,CUST02504,13771.68,Net Banking,bank_timeout,0,0,790,2,0,0,0.8,1,2026-08-28 10:50:00
TX009694,CUST01184,873.15,Wallet,insufficient_funds,1,1,1479,21,0,0,0.49,0,2026-08-10 05:46:00
TX009695,CUST01023,870.63,UPI,insufficient_funds,1,0,492,17,0,0,0.57,0,2026-08-18 07:05:00
TX009696,CUST01578,494.24,UPI,authentication_failed,4,1,996,7,0,0,0.13,0,2026-08-08 09:57:00
TX009697,CUST00244,1241.29,UPI,issuer_declined,0,0,895,15,0,0,0.5,1,2026-08-06 10:31:00
TX009698,CUST02943,2028.32,Wallet,insufficient_funds,0,0,233,9,0,0,0.58,1,2026-08-13 20:30:00
TX009699,CUST02484,3654.0,Wallet,suspicious_transaction,2,3,1216,1,0,0,0.02,0,2026-08-08 07:59:00
TX009700,CUST00234,247.33,Debit Card,issuer_declined,1,0,600,2,0,0,0.44,0,2026-08-16 04:59:00
TX009701,CUST01723,857.49,Net Banking,issuer_declined,2,2,975,21,0,1,0.14,0,2026-08-01 23:36:00
TX009702,CUST01531,1714.2,UPI,suspicious_transaction,1,1,729,17,0,0,0.06,0,2026-08-09 07:07:00
TX009703,CUST00874,1972.5,UPI,issuer_declined,1,2,397,21,0,0,0.28,1,2026-08-12 18:00:00
TX009704,CUST02432,1103.84,Net Banking,bank_timeout,0,1,132,13,0,1,0.59,1,2026-08-29 05:27:00
TX009705,CUST01273,1886.4,Debit Card,suspicious_transaction,1,2,724,8,0,0,0.02,0,2026-08-22 11:11:00
TX009706,CUST02520,488.35,Debit Card,insufficient_funds,3,2,964,5,1,0,0.19,0,2026-08-22 22:48:00
TX009707,CUST02127,5207.76,Wallet,issuer_declined,4,1,1446,12,0,0,0.18,0,2026-08-19 09:39:00
TX009708,CUST01282,2959.06,Debit Card,issuer_declined,1,0,1040,1,0,0,0.44,1,2026-08-07 23:56:00
TX009709,CUST01540,285.74,Debit Card,expired_card,1,0,972,13,0,0,0.54,0,2026-08-16 23:26:00
TX009710,CUST00053,374.24,Wallet,insufficient_funds,0,0,342,19,0,0,0.58,0,2026-08-21 08:00:00
TX009711,CUST01705,384.94,Debit Card,authentication_failed,0,0,1313,14,0,0,0.45,1,2026-08-20 15:25:00
TX009712,CUST01811,2160.23,Debit Card,bank_timeout,4,2,1070,16,0,0,0.4,1,2026-08-09 18:15:00
TX009713,CUST00016,303.47,Wallet,network_error,1,1,170,23,0,0,0.56,1,2026-08-02 17:40:00
TX009714,CUST00184,787.59,UPI,bank_timeout,4,3,458,14,0,0,0.32,0,2026-08-25 20:52:00
TX009715,CUST02373,1727.97,Debit Card,authentication_failed,1,1,492,14,0,0,0.31,1,2026-08-13 14:41:00
TX009716,CUST02845,1026.42,UPI,suspicious_transaction,0,0,1118,21,0,0,0.2,0,2026-08-08 23:02:00
TX009717,CUST01967,1420.68,Debit Card,network_error,1,1,106,13,0,1,0.48,1,2026-08-24 19:24:00
TX009718,CUST00970,377.74,Net Banking,network_error,0,0,1245,12,0,0,0.75,1,2026-08-21 20:28:00
TX009719,CUST00402,1987.94,Credit Card,bank_timeout,1,2,285,5,1,0,0.43,0,2026-08-17 23:22:00
TX009720,CUST00096,593.95,Debit Card,network_error,1,0,867,13,1,0,0.59,1,2026-08-08 20:02:00
TX009721,CUST02521,792.65,Wallet,bank_timeout,1,0,330,23,0,1,0.61,1,2026-08-14 23:46:00
TX009722,CUST02928,1390.94,Wallet,bank_timeout,2,1,857,10,1,0,0.5,0,2026-08-03 23:56:00
TX009723,CUST01484,1215.7,Net Banking,insufficient_funds,0,1,422,8,0,0,0.55,0,2026-08-10 10:57:00
TX009724,CUST01292,1123.25,UPI,bank_timeout,0,0,1009,23,0,0,0.8,1,2026-08-07 21:54:00
TX009725,CUST00019,517.69,Credit Card,insufficient_funds,1,2,442,14,0,0,0.41,0,2026-08-13 04:40:00
TX009726,CUST00088,812.77,Net Banking,expired_card,5,2,1015,3,1,0,0.04,0,2026-08-11 09:55:00
TX009727,CUST01387,1099.03,Wallet,issuer_declined,2,2,590,19,0,0,0.22,0,2026-08-30 09:07:00
TX009728,CUST00780,277.25,UPI,network_error,0,1,1308,11,0,0,0.67,1,2026-08-04 20:58:00
TX009729,CUST02022,690.54,Net Banking,issuer_declined,1,2,619,2,0,0,0.28,0,2026-08-11 13:04:00
TX009730,CUST00416,1615.95,Net Banking,issuer_declined,1,1,553,14,0,0,0.36,0,2026-08-04 20:15:00
TX009731,CUST01766,305.69,Wallet,bank_timeout,0,1,408,13,0,0,0.72,0,2026-08-18 09:05:00
TX009732,CUST02296,3486.25,UPI,issuer_declined,2,3,470,10,0,0,0.14,1,2026-08-12 03:27:00
TX009733,CUST00186,3903.44,Debit Card,bank_timeout,1,0,983,14,0,0,0.74,0,2026-08-30 06:30:00
TX009734,CUST00663,315.72,Wallet,bank_timeout,0,1,1077,11,1,0,0.62,0,2026-08-11 07:08:00
TX009735,CUST02412,4262.54,UPI,network_error,3,3,1206,20,0,0,0.33,1,2026-08-25 00:46:00
TX009736,CUST00791,949.96,Net Banking,issuer_declined,2,2,1410,10,0,0,0.22,0,2026-08-13 08:19:00
TX009737,CUST02888,1666.56,UPI,expired_card,0,0,1294,11,0,0,0.6,0,2026-08-15 13:38:00
TX009738,CUST01797,667.37,Net Banking,insufficient_funds,4,1,430,10,1,0,0.21,0,2026-08-09 13:15:00
TX009739,CUST02137,2760.16,Net Banking,issuer_declined,4,1,951,16,0,0,0.18,0,2026-08-25 18:42:00
TX009740,CUST02888,1645.98,Net Banking,insufficient_funds,1,2,935,3,0,0,0.41,0,2026-08-07 14:42:00
TX009741,CUST00950,485.82,Credit Card,suspicious_transaction,2,3,970,5,0,0,0.02,0,2026-08-07 17:59:00
TX009742,CUST00913,342.0,Credit Card,bank_timeout,0,0,945,10,0,0,0.8,1,2026-08-26 14:21:00
TX009743,CUST00294,254.6,Wallet,issuer_declined,3,3,578,8,0,0,0.08,0,2026-08-29 08:59:00
TX009744,CUST00156,1323.38,UPI,insufficient_funds,0,0,51,19,0,0,0.58,0,2026-08-03 17:24:00
TX009745,CUST02446,1943.94,Credit Card,issuer_declined,4,0,9,9,0,0,0.21,0,2026-08-30 06:09:00
TX009746,CUST00211,2102.68,Wallet,insufficient_funds,0,0,807,4,0,0,0.63,0,2026-08-03 01:32:00
TX009747,CUST00728,974.59,Net Banking,bank_timeout,0,1,440,9,0,0,0.72,1,2026-08-18 17:18:00
TX009748,CUST02696,344.81,Debit Card,issuer_declined,0,0,758,11,1,0,0.4,0,2026-08-25 12:18:00
TX009749,CUST02327,554.42,Wallet,authentication_failed,0,0,97,18,0,0,0.4,0,2026-08-30 18:41:00
TX009750,CUST01246,3471.52,UPI,authentication_failed,0,1,1471,12,0,0,0.37,1,2026-08-16 23:24:00
TX009751,CUST01877,675.44,Debit Card,bank_timeout,0,1,734,5,0,1,0.64,1,2026-08-27 20:01:00
TX009752,CUST00475,1265.75,UPI,authentication_failed,2,2,436,18,0,0,0.17,1,2026-08-13 05:10:00
TX009753,CUST02992,374.04,Debit Card,issuer_declined,3,0,946,13,0,0,0.32,1,2026-08-10 22:31:00
TX009754,CUST02887,1535.46,Net Banking,suspicious_transaction,0,1,643,16,0,0,0.12,0,2026-08-27 16:28:00
TX009755,CUST00740,693.89,Credit Card,authentication_failed,2,1,996,19,0,0,0.25,0,2026-08-22 16:49:00
TX009756,CUST01613,3123.51,Wallet,insufficient_funds,4,1,1224,1,0,0,0.31,1,2026-08-30 01:50:00
TX009757,CUST02294,2376.91,Debit Card,bank_timeout,0,1,476,18,0,0,0.72,0,2026-08-25 14:50:00
TX009758,CUST02084,668.0,Wallet,expired_card,0,1,272,15,0,0,0.47,0,2026-08-12 04:01:00
TX009759,CUST01356,966.17,Debit Card,authentication_failed,5,3,826,18,1,0,0.02,0,2026-08-15 23:26:00
TX009760,CUST01263,632.0,Credit Card,issuer_declined,2,2,1387,19,0,0,0.22,0,2026-08-24 16:34:00
TX009761,CUST01402,265.22,Credit Card,bank_timeout,1,1,822,10,0,0,0.66,1,2026-08-12 17:35:00
TX009762,CUST00117,465.24,Wallet,issuer_declined,0,1,1152,6,0,0,0.42,1,2026-08-17 19:08:00
TX009763,CUST02720,1337.05,Credit Card,insufficient_funds,1,2,209,10,0,1,0.28,0,2026-08-05 13:59:00
TX009764,CUST01741,1518.17,Credit Card,insufficient_funds,2,2,593,15,0,0,0.35,0,2026-08-24 21:00:00
TX009765,CUST02380,1272.26,Debit Card,expired_card,3,2,316,19,0,0,0.21,0,2026-08-19 19:09:00
TX009766,CUST01875,811.0,Credit Card,issuer_declined,0,0,361,6,0,0,0.45,1,2026-08-24 13:15:00
TX009767,CUST02761,2787.96,Credit Card,issuer_declined,0,0,714,16,0,0,0.5,0,2026-08-10 10:54:00
TX009768,CUST02577,1168.58,Wallet,network_error,1,1,249,2,0,0,0.56,0,2026-08-17 02:29:00
TX009769,CUST02309,2215.55,Credit Card,insufficient_funds,2,2,823,7,0,0,0.35,0,2026-08-16 22:45:00
TX009770,CUST00985,186.09,UPI,network_error,1,0,711,11,0,0,0.69,0,2026-08-08 16:57:00
TX009771,CUST02540,100.0,Credit Card,insufficient_funds,2,3,1094,5,0,0,0.27,0,2026-08-11 21:06:00
TX009772,CUST00324,1456.49,Debit Card,issuer_declined,0,1,349,9,0,0,0.37,1,2026-08-28 16:12:00
TX009773,CUST01861,263.81,Net Banking,insufficient_funds,3,2,1251,0,1,0,0.19,1,2026-08-02 21:57:00
TX009774,CUST02588,886.74,Credit Card,bank_timeout,0,1,1190,17,0,0,0.72,0,2026-08-06 05:22:00
TX009775,CUST02837,810.7,Debit Card,issuer_declined,1,0,660,5,0,0,0.44,0,2026-08-17 08:06:00
TX009776,CUST00420,5363.65,Net Banking,issuer_declined,0,1,460,20,1,0,0.32,1,2026-08-14 13:36:00
TX009777,CUST02764,1635.98,Debit Card,bank_timeout,4,3,1452,23,0,0,0.32,0,2026-08-17 09:26:00
TX009778,CUST00693,1294.47,Debit Card,suspicious_transaction,0,1,314,11,0,0,0.07,0,2026-08-05 02:07:00
TX009779,CUST01671,2532.57,Net Banking,bank_timeout,1,0,624,14,0,0,0.74,1,2026-08-25 15:10:00
TX009780,CUST02660,1585.25,Credit Card,expired_card,0,0,1436,16,0,0,0.6,1,2026-08-29 08:59:00
TX009781,CUST00228,693.9,UPI,bank_timeout,1,2,107,5,0,0,0.53,1,2026-08-03 12:16:00
TX009782,CUST01664,3201.82,UPI,authentication_failed,1,1,286,4,0,0,0.26,0,2026-08-03 05:03:00
TX009783,CUST00918,361.5,Credit Card,insufficient_funds,1,0,352,16,0,0,0.52,1,2026-08-04 17:08:00
TX009784,CUST00536,1515.12,Net Banking,network_error,1,0,225,20,0,0,0.64,1,2026-08-09 18:14:00
TX009785,CUST02965,233.32,Credit Card,insufficient_funds,3,1,328,10,0,0,0.32,0,2026-08-14 09:33:00
TX009786,CUST01260,1344.72,Debit Card,expired_card,1,1,1097,7,0,1,0.38,0,2026-08-08 12:49:00
TX009787,CUST01787,1330.07,Net Banking,insufficient_funds,3,3,1441,13,1,0,0.11,1,2026-08-12 10:56:00
TX009788,CUST01163,5863.22,Debit Card,issuer_declined,3,2,1151,23,0,0,0.16,1,2026-08-11 02:25:00
TX009789,CUST01873,229.3,Net Banking,issuer_declined,2,2,522,22,0,0,0.22,0,2026-08-27 09:48:00
TX009790,CUST00940,601.31,Net Banking,authentication_failed,0,0,130,6,0,0,0.4,0,2026-08-05 14:42:00
TX009791,CUST00247,2496.59,Debit Card,network_error,1,1,1164,23,0,0,0.61,0,2026-08-24 22:33:00
TX009792,CUST02999,1533.51,Debit Card,authentication_failed,2,3,968,9,0,0,0.09,0,2026-08-16 01:45:00
TX009793,CUST02127,1313.31,Net Banking,network_error,2,0,1074,15,0,0,0.63,1,2026-08-20 13:28:00
TX009794,CUST01297,421.52,Net Banking,bank_timeout,0,0,602,10,0,0,0.8,1,2026-08-06 14:25:00
TX009795,CUST00967,607.4,UPI,expired_card,3,3,875,3,0,0,0.18,1,2026-08-17 16:12:00
TX009796,CUST02719,3808.69,Debit Card,bank_timeout,0,1,201,5,0,0,0.67,1,2026-08-03 07:04:00
TX009797,CUST02771,1041.58,Credit Card,issuer_declined,2,3,991,21,0,0,0.14,0,2026-08-22 08:18:00
TX009798,CUST01218,1596.17,Net Banking,insufficient_funds,0,1,1483,0,1,0,0.45,1,2026-08-18 02:06:00
TX009799,CUST01622,977.32,Credit Card,bank_timeout,2,3,1402,14,0,0,0.44,0,2026-08-26 03:29:00
TX009800,CUST00204,335.93,Debit Card,network_error,0,0,781,13,0,0,0.75,1,2026-08-23 04:07:00
TX009801,CUST00702,2790.04,Wallet,authentication_failed,1,2,1207,11,0,0,0.23,0,2026-08-16 19:18:00
TX009802,CUST01629,1813.9,Wallet,authentication_failed,0,0,1327,4,0,0,0.45,0,2026-08-10 02:52:00
TX009803,CUST01059,10999.85,Wallet,issuer_declined,0,0,399,12,0,0,0.5,0,2026-08-27 01:16:00
TX009804,CUST00210,397.19,UPI,bank_timeout,0,0,1181,6,0,0,0.8,1,2026-08-30 14:23:00
TX009805,CUST00344,2496.32,Debit Card,insufficient_funds,4,1,1436,4,1,0,0.21,0,2026-08-29 23:43:00
TX009806,CUST00919,295.44,Wallet,expired_card,1,1,216,0,0,0,0.41,0,2026-08-12 18:40:00
TX009807,CUST02945,1283.5,Debit Card,suspicious_transaction,4,2,115,3,0,0,0.02,0,2026-08-23 02:28:00
TX009808,CUST02717,2911.74,Credit Card,suspicious_transaction,0,0,276,18,1,0,0.05,0,2026-08-22 19:45:00
TX009809,CUST02702,138.08,Net Banking,issuer_declined,0,1,627,23,0,0,0.42,0,2026-08-08 20:45:00
TX009810,CUST00051,893.43,Credit Card,issuer_declined,1,2,686,15,0,0,0.28,0,2026-08-30 04:12:00
TX009811,CUST00733,624.4,Wallet,insufficient_funds,4,0,1477,22,0,1,0.31,0,2026-08-03 08:25:00
TX009812,CUST00660,543.51,UPI,issuer_declined,1,1,1442,0,1,0,0.26,0,2026-08-07 08:26:00
TX009813,CUST02105,1611.97,Wallet,network_error,0,0,1454,1,0,0,0.75,0,2026-08-17 06:26:00
TX009814,CUST01344,3363.33,Debit Card,bank_timeout,1,1,197,22,0,1,0.53,1,2026-08-17 10:10:00
TX009815,CUST00084,959.8,UPI,bank_timeout,3,3,1479,18,0,1,0.3,0,2026-08-29 04:53:00
TX009816,CUST00183,1346.8,Net Banking,bank_timeout,2,0,1280,23,1,0,0.58,0,2026-08-07 11:01:00
TX009817,CUST01400,1229.43,Wallet,issuer_declined,0,1,625,13,0,0,0.42,1,2026-08-09 13:32:00
TX009818,CUST01136,1098.61,UPI,issuer_declined,1,2,1241,23,0,0,0.28,0,2026-08-17 03:28:00
TX009819,CUST02338,368.95,Debit Card,authentication_failed,1,2,320,2,0,0,0.18,1,2026-08-12 04:39:00
TX009820,CUST01245,3322.41,UPI,bank_timeout,2,3,1207,21,0,0,0.44,1,2026-08-11 21:09:00
TX009821,CUST02620,1473.2,Net Banking,issuer_declined,1,0,274,8,0,0,0.39,0,2026-08-19 07:13:00
TX009822,CUST02024,1627.63,Net Banking,expired_card,0,0,833,2,0,0,0.6,0,2026-08-19 14:12:00
TX009823,CUST01381,489.55,Debit Card,bank_timeout,4,2,882,16,0,0,0.4,1,2026-08-04 12:37:00
TX009824,CUST00571,692.83,Wallet,network_error,0,1,406,2,1,0,0.57,1,2026-08-05 04:57:00
TX009825,CUST00597,919.53,UPI,network_error,0,0,73,3,0,0,0.7,0,2026-08-07 06:55:00
TX009826,CUST01333,236.48,Net Banking,insufficient_funds,5,0,1079,15,0,0,0.33,1,2026-08-28 11:05:00
TX009827,CUST01123,202.75,Wallet,network_error,1,0,778,8,0,0,0.69,0,2026-08-03 02:40:00
TX009828,CUST01610,601.4,Wallet,network_error,1,2,1292,12,0,0,0.53,0,2026-08-13 04:05:00
TX009829,CUST00969,1849.22,Debit Card,expired_card,3,2,1234,15,0,0,0.26,1,2026-08-11 22:43:00
TX009830,CUST00616,570.7,Debit Card,insufficient_funds,0,1,895,4,0,0,0.55,1,2026-08-01 00:50:00
TX009831,CUST02237,395.91,UPI,insufficient_funds,1,1,1120,6,0,0,0.49,0,2026-08-04 13:45:00
TX009832,CUST00061,485.57,Net Banking,insufficient_funds,0,0,1135,3,0,0,0.63,1,2026-08-02 05:41:00
TX009833,CUST02326,695.52,Net Banking,bank_timeout,3,2,1114,22,0,0,0.46,0,2026-08-04 08:15:00
TX009834,CUST00585,769.81,Wallet,issuer_declined,0,1,29,7,0,0,0.37,0,2026-08-28 01:15:00
TX009835,CUST02727,9561.71,Wallet,insufficient_funds,0,0,207,10,0,0,0.58,0,2026-08-14 11:51:00
TX009836,CUST00460,3148.31,Wallet,bank_timeout,3,0,643,6,0,0,0.62,1,2026-08-04 23:18:00
TX009837,CUST02434,3055.73,Wallet,authentication_failed,1,1,1144,4,0,0,0.31,0,2026-08-19 17:56:00
TX009838,CUST00734,3528.33,Credit Card,bank_timeout,0,0,373,15,0,0,0.8,1,2026-08-14 21:19:00
TX009839,CUST01231,403.9,Credit Card,issuer_declined,2,0,225,21,0,1,0.25,0,2026-08-01 10:15:00
TX009840,CUST00013,322.99,Debit Card,bank_timeout,3,0,1352,23,0,0,0.62,0,2026-08-30 22:01:00
TX009841,CUST00492,362.54,Net Banking,bank_timeout,1,2,1057,6,0,0,0.58,0,2026-08-25 02:19:00
TX009842,CUST01023,4165.14,Net Banking,issuer_declined,0,0,50,14,1,0,0.35,0,2026-08-23 05:41:00
TX009843,CUST00265,634.48,Net Banking,issuer_declined,1,0,1055,6,0,0,0.44,0,2026-08-18 08:31:00
TX009844,CUST01638,313.76,Credit Card,network_error,0,1,410,6,0,0,0.67,0,2026-08-22 03:49:00
TX009845,CUST00580,712.66,Debit Card,bank_timeout,1,0,740,19,0,1,0.66,0,2026-08-16 08:05:00
TX009846,CUST01703,863.85,Wallet,network_error,0,0,676,11,0,0,0.75,0,2026-08-11 19:06:00
TX009847,CUST01326,1434.27,Wallet,bank_timeout,3,3,812,13,0,0,0.38,0,2026-08-27 22:23:00
TX009848,CUST01671,1409.44,Wallet,issuer_declined,2,3,674,23,0,0,0.14,0,2026-08-18 15:57:00
TX009849,CUST01609,479.06,Credit Card,bank_timeout,0,1,374,4,0,0,0.72,0,2026-08-24 16:44:00
TX009850,CUST02861,2176.9,Net Banking,bank_timeout,1,2,246,1,0,0,0.53,0,2026-08-14 19:23:00
TX009851,CUST00587,578.71,Wallet,insufficient_funds,0,0,315,3,0,0,0.58,1,2026-08-07 22:12:00
TX009852,CUST00357,937.98,Net Banking,issuer_declined,0,0,106,19,0,0,0.45,0,2026-08-25 12:25:00
TX009853,CUST01559,2179.33,Wallet,insufficient_funds,1,0,1250,19,0,0,0.57,0,2026-08-01 23:13:00
TX009854,CUST00408,577.19,UPI,issuer_declined,0,0,537,16,0,0,0.5,1,2026-08-09 15:24:00
TX009855,CUST02460,620.58,Net Banking,bank_timeout,4,2,994,19,0,0,0.4,0,2026-08-13 23:21:00
TX009856,CUST00582,1981.62,Credit Card,issuer_declined,0,0,1166,3,0,0,0.5,0,2026-08-03 20:14:00
TX009857,CUST00765,465.11,Credit Card,insufficient_funds,2,0,609,18,0,0,0.51,1,2026-08-04 23:48:00
TX009858,CUST00170,746.36,Net Banking,bank_timeout,2,3,320,2,0,0,0.39,0,2026-08-25 13:52:00
TX009859,CUST00138,1911.69,Debit Card,insufficient_funds,2,0,1337,19,0,0,0.51,0,2026-08-10 02:54:00
TX009860,CUST02605,8553.47,Wallet,expired_card,0,1,72,8,0,0,0.47,1,2026-08-06 03:47:00
TX009861,CUST00661,2009.02,Wallet,bank_timeout,0,0,1109,5,1,0,0.7,1,2026-08-29 08:49:00
TX009862,CUST00502,1759.24,Net Banking,bank_timeout,0,1,1003,0,0,0,0.72,0,2026-08-14 04:36:00
TX009863,CUST02851,1864.6,Wallet,bank_timeout,2,1,1254,16,0,0,0.6,1,2026-08-05 18:57:00
TX009864,CUST01671,374.96,Wallet,issuer_declined,1,0,415,20,0,0,0.44,1,2026-08-21 22:08:00
TX009865,CUST00740,1231.02,Net Banking,suspicious_transaction,3,3,144,13,0,0,0.02,0,2026-08-18 04:44:00
TX009866,CUST01776,1064.47,Debit Card,insufficient_funds,1,0,791,11,0,0,0.57,0,2026-08-24 07:49:00
TX009867,CUST00090,1512.6,Credit Card,insufficient_funds,0,1,95,23,0,0,0.5,0,2026-08-02 10:59:00
TX009868,CUST00338,1232.14,Wallet,network_error,0,1,98,4,0,0,0.62,1,2026-08-05 18:13:00
TX009869,CUST02451,1603.11,UPI,issuer_declined,0,1,325,21,0,0,0.37,0,2026-08-10 10:30:00
TX009870,CUST01784,803.14,Debit Card,expired_card,5,1,540,6,0,0,0.22,1,2026-08-16 03:15:00
TX009871,CUST01752,1162.83,Wallet,expired_card,2,0,825,22,0,0,0.48,0,2026-08-18 07:23:00
TX009872,CUST00314,321.23,Debit Card,authentication_failed,0,0,700,17,0,0,0.45,1,2026-08-29 03:36:00
TX009873,CUST00257,796.39,Wallet,network_error,1,1,421,13,0,0,0.61,0,2026-08-17 04:13:00
TX009874,CUST02828,4406.49,Wallet,bank_timeout,3,3,322,5,0,1,0.25,1,2026-08-01 11:30:00
TX009875,CUST00679,1508.41,UPI,expired_card,0,0,184,1,0,0,0.55,1,2026-08-06 09:48:00
TX009876,CUST01815,1073.93,UPI,issuer_declined,0,1,596,3,1,0,0.32,0,2026-08-16 07:33:00
TX009877,CUST00290,7303.6,Net Banking,bank_timeout,4,2,174,20,0,1,0.27,1,2026-08-07 12:11:00
TX009878,CUST01978,281.23,Wallet,issuer_declined,0,1,1177,10,0,0,0.42,0,2026-08-28 10:50:00
TX009879,CUST02909,361.6,Credit Card,insufficient_funds,1,0,1190,1,0,0,0.57,1,2026-08-02 06:19:00
TX009880,CUST01853,6079.7,Credit Card,expired_card,2,0,273,3,0,0,0.43,0,2026-08-15 15:22:00
TX009881,CUST01196,1148.21,Credit Card,insufficient_funds,0,1,665,10,0,0,0.55,1,2026-08-29 03:20:00
TX009882,CUST02324,860.42,UPI,network_error,0,0,1476,7,1,0,0.65,1,2026-08-21 19:19:00
TX009883,CUST01805,330.56,Wallet,issuer_declined,2,2,510,4,0,0,0.22,1,2026-08-09 20:49:00
TX009884,CUST01225,1715.91,UPI,authentication_failed,1,2,938,3,0,0,0.23,0,2026-08-16 10:02:00
TX009885,CUST00132,1890.24,Credit Card,bank_timeout,0,0,219,2,0,0,0.75,1,2026-08-26 06:55:00
TX009886,CUST02615,367.05,Net Banking,network_error,1,1,408,19,1,0,0.51,1,2026-08-14 02:15:00
TX009887,CUST01501,953.1,Debit Card,bank_timeout,0,1,7,16,0,0,0.67,1,2026-08-07 17:04:00
TX009888,CUST02306,784.06,UPI,expired_card,5,3,96,19,0,0,0.02,0,2026-08-30 07:20:00
TX009889,CUST00755,1416.55,Net Banking,issuer_declined,0,1,442,18,0,0,0.42,1,2026-08-27 10:08:00
TX009890,CUST02364,358.08,Wallet,suspicious_transaction,1,2,694,10,0,1,0.02,0,2026-08-21 07:02:00
TX009891,CUST01078,3835.09,Net Banking,insufficient_funds,0,0,1076,12,0,0,0.63,0,2026-08-10 04:33:00
TX009892,CUST00649,2740.3,Debit Card,insufficient_funds,1,1,186,2,0,0,0.44,0,2026-08-11 19:51:00
TX009893,CUST01524,762.67,UPI,insufficient_funds,1,2,1344,8,0,0,0.41,0,2026-08-21 19:48:00
TX009894,CUST00508,883.23,Net Banking,issuer_declined,0,1,647,5,0,0,0.42,1,2026-08-05 03:57:00
TX009895,CUST02001,956.78,Wallet,insufficient_funds,0,0,132,14,0,0,0.58,1,2026-08-22 12:27:00
TX009896,CUST02654,503.55,Wallet,insufficient_funds,3,2,1236,22,0,0,0.29,0,2026-08-15 19:35:00
TX009897,CUST02139,703.85,Wallet,expired_card,2,1,154,21,0,0,0.35,1,2026-08-03 16:08:00
TX009898,CUST02980,836.92,Debit Card,bank_timeout,2,1,812,8,0,0,0.6,0,2026-08-02 15:49:00
TX009899,CUST00528,5502.01,Debit Card,network_error,1,1,371,11,1,0,0.51,1,2026-08-27 11:42:00
TX009900,CUST01313,2826.0,Debit Card,bank_timeout,1,2,757,11,0,0,0.58,0,2026-08-28 13:49:00
TX009901,CUST02303,2792.39,Credit Card,issuer_declined,0,0,350,9,0,1,0.37,1,2026-08-11 19:18:00
TX009902,CUST01494,1587.52,Wallet,insufficient_funds,0,0,99,7,0,0,0.58,1,2026-08-23 17:01:00
TX009903,CUST00719,358.77,Net Banking,authentication_failed,0,1,943,17,1,0,0.27,1,2026-08-03 06:03:00
TX009904,CUST00307,1052.06,Debit Card,insufficient_funds,2,3,107,9,0,0,0.22,0,2026-08-09 16:42:00
TX009905,CUST00524,2894.27,UPI,expired_card,3,2,319,13,0,0,0.21,1,2026-08-18 23:16:00
TX009906,CUST01005,311.6,Credit Card,issuer_declined,3,2,943,13,0,0,0.16,0,2026-08-30 23:06:00
TX009907,CUST00981,2072.59,Net Banking,bank_timeout,2,1,211,17,0,0,0.55,0,2026-08-10 06:02:00
TX009908,CUST02212,11188.14,Debit Card,bank_timeout,0,0,55,13,0,0,0.75,0,2026-08-16 00:36:00
TX009909,CUST00512,3171.05,Wallet,network_error,2,2,1206,21,0,0,0.47,0,2026-08-08 15:52:00
TX009910,CUST02037,4509.89,UPI,bank_timeout,0,0,57,21,0,0,0.75,1,2026-08-28 15:31:00
TX009911,CUST02174,1364.22,Credit Card,suspicious_transaction,2,3,834,10,0,0,0.02,0,2026-08-07 14:21:00
TX009912,CUST02232,2886.88,Debit Card,bank_timeout,1,2,756,7,0,0,0.58,0,2026-08-21 18:04:00
TX009913,CUST01596,534.94,Debit Card,bank_timeout,0,0,1060,7,0,0,0.8,1,2026-08-14 10:57:00
TX009914,CUST02606,2430.53,UPI,authentication_failed,1,0,1344,8,0,0,0.39,0,2026-08-11 10:20:00
TX009915,CUST00100,2109.88,Credit Card,network_error,0,0,161,5,0,0,0.7,1,2026-08-14 04:25:00
TX009916,CUST00233,1465.44,Wallet,network_error,0,1,938,1,0,0,0.67,1,2026-08-12 10:42:00
TX009917,CUST01608,4088.8,Debit Card,authentication_failed,4,3,1243,14,0,0,0.02,0,2026-08-22 19:11:00
TX009918,CUST02588,639.84,Debit Card,issuer_declined,3,3,263,11,1,0,0.02,0,2026-08-15 16:39:00
TX009919,CUST00357,909.54,Wallet,expired_card,0,1,492,16,1,0,0.42,1,2026-08-10 03:13:00
TX009920,CUST00359,1206.48,UPI,issuer_declined,0,1,954,16,0,0,0.42,1,2026-08-05 01:10:00
TX009921,CUST02834,391.66,Wallet,expired_card,0,0,108,21,0,0,0.55,1,2026-08-07 05:32:00
TX009922,CUST00368,1375.99,Debit Card,issuer_declined,2,3,1437,16,0,0,0.14,0,2026-08-07 16:28:00
TX009923,CUST00311,196.58,Wallet,authentication_failed,1,0,797,23,0,0,0.39,0,2026-08-02 18:46:00
TX009924,CUST01849,3124.27,Credit Card,network_error,1,1,805,4,1,0,0.51,0,2026-08-27 15:48:00
TX009925,CUST01032,1148.99,Wallet,issuer_declined,0,0,397,20,1,0,0.4,0,2026-08-27 09:18:00
TX009926,CUST01125,651.39,Wallet,network_error,2,3,1286,22,0,0,0.39,1,2026-08-22 09:52:00
TX009927,CUST00269,476.1,Net Banking,issuer_declined,0,0,176,11,0,1,0.37,1,2026-08-27 17:23:00
TX009928,CUST02418,867.33,Debit Card,authentication_failed,2,3,693,19,0,0,0.09,0,2026-08-04 01:57:00
TX009929,CUST02879,2182.57,UPI,expired_card,0,0,887,17,0,1,0.52,0,2026-08-20 01:18:00
TX009930,CUST02416,1896.45,Net Banking,bank_timeout,1,1,500,21,0,0,0.66,1,2026-08-22 19:19:00
TX009931,CUST00318,541.56,UPI,network_error,4,0,1470,4,0,0,0.51,1,2026-08-03 06:24:00
TX009932,CUST01150,470.58,Net Banking,network_error,1,0,335,6,0,0,0.64,0,2026-08-05 09:39:00
TX009933,CUST02657,2115.19,Credit Card,insufficient_funds,2,3,274,18,0,0,0.22,0,2026-08-18 21:32:00
TX009934,CUST01023,532.54,Credit Card,authentication_failed,3,0,103,16,0,1,0.14,0,2026-08-13 16:23:00
TX009935,CUST01075,1164.34,UPI,authentication_failed,2,0,846,18,0,0,0.33,1,2026-08-22 23:11:00
TX009936,CUST00531,1241.1,UPI,issuer_declined,1,1,493,9,0,0,0.36,0,2026-08-12 14:16:00
TX009937,CUST00642,1498.26,Debit Card,issuer_declined,5,3,1396,7,0,0,0.02,0,2026-08-10 16:29:00
TX009938,CUST00271,2587.04,Credit Card,network_error,0,1,790,3,0,0,0.67,0,2026-08-28 13:57:00
TX009939,CUST01459,310.14,Net Banking,bank_timeout,4,3,850,20,0,0,0.32,0,2026-08-11 10:35:00
TX009940,CUST00772,162.2,Wallet,bank_timeout,0,0,1476,0,1,0,0.7,1,2026-08-25 09:38:00
TX009941,CUST02520,621.76,Credit Card,insufficient_funds,2,2,995,9,0,0,0.35,1,2026-08-25 00:57:00
TX009942,CUST00388,6644.39,UPI,insufficient_funds,3,1,1199,16,0,0,0.37,1,2026-08-03 07:26:00
TX009943,CUST02010,8284.77,Credit Card,bank_timeout,1,0,164,13,0,0,0.69,1,2026-08-23 03:13:00
TX009944,CUST02252,6844.34,Wallet,insufficient_funds,0,1,466,5,1,0,0.45,1,2026-08-16 02:13:00
TX009945,CUST00947,904.17,Wallet,suspicious_transaction,0,1,13,5,0,0,0.07,0,2026-08-15 23:37:00
TX009946,CUST02790,184.54,Net Banking,bank_timeout,0,1,1098,16,1,1,0.54,0,2026-08-19 15:20:00
TX009947,CUST02308,105.32,Wallet,issuer_declined,1,2,691,11,0,0,0.28,1,2026-08-05 11:37:00
TX009948,CUST02762,593.46,Net Banking,issuer_declined,1,2,27,23,0,0,0.23,1,2026-08-12 18:02:00
TX009949,CUST02290,899.58,Wallet,bank_timeout,1,2,435,19,0,0,0.58,1,2026-08-22 17:46:00
TX009950,CUST00328,4026.39,Credit Card,network_error,0,0,700,21,0,0,0.75,0,2026-08-23 16:56:00
TX009951,CUST01445,2611.83,Credit Card,issuer_declined,0,1,626,10,0,0,0.42,0,2026-08-08 05:10:00
TX009952,CUST00493,1376.65,Credit Card,authentication_failed,2,3,1279,12,1,1,0.02,0,2026-08-16 07:02:00
TX009953,CUST02631,450.41,Wallet,issuer_declined,0,0,1428,13,0,0,0.5,1,2026-08-09 09:12:00
TX009954,CUST00263,419.57,Credit Card,insufficient_funds,1,0,1488,2,0,0,0.57,0,2026-08-03 05:59:00
TX009955,CUST02649,1413.93,Net Banking,network_error,1,2,644,3,0,0,0.53,0,2026-08-28 18:18:00
TX009956,CUST00054,2201.85,Wallet,bank_timeout,4,0,1071,19,0,0,0.56,1,2026-08-02 07:19:00
TX009957,CUST02388,1622.76,UPI,issuer_declined,0,0,151,3,0,0,0.45,1,2026-08-12 15:26:00
TX009958,CUST01897,389.71,Credit Card,authentication_failed,1,0,28,7,0,0,0.34,1,2026-08-24 01:52:00
TX009959,CUST01465,2102.05,UPI,bank_timeout,0,0,744,7,0,0,0.8,1,2026-08-24 07:51:00
TX009960,CUST01313,1678.93,Debit Card,issuer_declined,0,0,579,7,0,1,0.42,1,2026-08-02 12:26:00
TX009961,CUST01004,375.9,Net Banking,authentication_failed,0,1,101,1,0,0,0.32,1,2026-08-18 14:26:00
TX009962,CUST02897,500.54,Net Banking,issuer_declined,5,2,623,21,0,0,0.04,0,2026-08-06 06:51:00
TX009963,CUST00145,2183.09,Wallet,network_error,0,1,586,11,0,0,0.67,0,2026-08-30 02:01:00
TX009964,CUST00445,867.39,Debit Card,insufficient_funds,0,0,611,3,0,0,0.63,1,2026-08-07 08:44:00
TX009965,CUST02419,5373.03,UPI,bank_timeout,1,1,1434,3,0,0,0.66,1,2026-08-02 20:18:00
TX009966,CUST01849,1810.09,Wallet,insufficient_funds,0,0,1315,3,0,0,0.63,1,2026-08-27 21:53:00
TX009967,CUST01786,674.09,Wallet,bank_timeout,1,0,914,13,0,0,0.74,1,2026-08-22 18:26:00
TX009968,CUST01509,1085.5,Credit Card,issuer_declined,0,1,1372,4,0,0,0.42,1,2026-08-13 10:56:00
TX009969,CUST02063,1168.39,Net Banking,expired_card,0,0,1354,11,0,0,0.6,1,2026-08-20 01:33:00
TX009970,CUST00585,529.33,Credit Card,bank_timeout,5,0,812,16,0,0,0.5,0,2026-08-05 10:43:00
TX009971,CUST02392,440.28,Net Banking,issuer_declined,0,0,1143,8,1,0,0.4,0,2026-08-12 17:03:00
TX009972,CUST00588,2211.42,Credit Card,issuer_declined,0,0,386,13,0,0,0.5,1,2026-08-25 14:27:00
TX009973,CUST00510,2553.64,Net Banking,suspicious_transaction,0,0,926,1,0,0,0.2,0,2026-08-30 17:08:00
TX009974,CUST01590,2005.77,Wallet,insufficient_funds,0,0,1147,14,0,0,0.63,1,2026-08-07 01:45:00
TX009975,CUST02370,4990.63,Wallet,insufficient_funds,0,1,412,23,0,0,0.55,1,2026-08-21 14:15:00
TX009976,CUST00918,637.93,Wallet,authentication_failed,2,1,1338,5,0,0,0.25,1,2026-08-23 22:36:00
TX009977,CUST02770,5850.43,Credit Card,issuer_declined,0,1,1433,9,0,1,0.34,1,2026-08-26 21:23:00
TX009978,CUST02443,445.45,UPI,authentication_failed,0,0,1430,15,0,0,0.45,0,2026-08-26 04:29:00
TX009979,CUST00165,398.34,Wallet,network_error,1,0,868,9,0,0,0.69,1,2026-08-16 13:37:00
TX009980,CUST01410,188.68,Wallet,bank_timeout,0,1,259,13,1,0,0.57,1,2026-08-09 03:24:00
TX009981,CUST02415,702.19,Wallet,issuer_declined,1,2,728,17,0,1,0.2,0,2026-08-20 04:35:00
TX009982,CUST01854,662.67,Wallet,bank_timeout,2,1,1245,10,0,0,0.6,1,2026-08-25 15:08:00
TX009983,CUST00395,1855.55,Credit Card,suspicious_transaction,2,3,1111,8,0,1,0.02,0,2026-08-26 11:05:00
TX009984,CUST02060,1399.53,Wallet,authentication_failed,3,3,635,17,0,1,0.02,0,2026-08-08 07:12:00
TX009985,CUST01687,332.63,Credit Card,insufficient_funds,0,1,1105,14,0,0,0.55,0,2026-08-24 19:43:00
TX009986,CUST00541,740.46,UPI,bank_timeout,4,0,1011,16,0,0,0.56,1,2026-08-05 12:46:00
TX009987,CUST00548,756.38,Net Banking,expired_card,0,0,324,8,0,0,0.55,1,2026-08-27 20:03:00
TX009988,CUST00489,185.68,Debit Card,insufficient_funds,0,0,814,11,1,0,0.53,0,2026-08-07 18:19:00
TX009989,CUST00820,411.19,Net Banking,expired_card,0,0,763,15,0,0,0.6,0,2026-08-26 10:53:00
TX009990,CUST00796,507.34,Credit Card,insufficient_funds,0,0,1464,23,0,0,0.63,0,2026-08-28 20:17:00
TX009991,CUST02152,4599.14,Wallet,suspicious_transaction,5,2,1228,11,0,0,0.02,0,2026-08-03 07:48:00
TX009992,CUST01226,1328.03,UPI,issuer_declined,5,1,1452,5,0,0,0.12,0,2026-08-18 19:49:00
TX009993,CUST01785,2126.36,Credit Card,authentication_failed,2,2,1309,7,0,1,0.09,0,2026-08-03 01:59:00
TX009994,CUST00901,245.03,UPI,network_error,0,0,780,9,0,0,0.75,0,2026-08-11 08:28:00
TX009995,CUST01339,3619.95,Wallet,authentication_failed,0,1,883,14,0,0,0.37,0,2026-08-13 12:38:00
TX009996,CUST02885,4028.31,Debit Card,bank_timeout,0,0,990,2,0,0,0.8,0,2026-08-27 04:48:00
TX009997,CUST02965,148.66,Wallet,bank_timeout,0,1,962,20,0,0,0.72,1,2026-08-11 19:02:00
TX009998,CUST00437,541.68,Wallet,authentication_failed,0,1,1432,15,1,0,0.27,0,2026-08-11 12:48:00
TX009999,CUST01465,1800.4,Debit Card,bank_timeout,0,0,272,13,0,0,0.75,0,2026-08-28 21:04:00
TX010000,CUST01346,2088.89,Net Banking,insufficient_funds,2,2,1299,20,0,0,0.35,0,2026-08-09 03:38:00
